{
    "people": [
        {
            "person_id": [
                1
            ],
            "pose_keypoints_2d": [
                [
                    [
                        462.728515625,
                        119.07615661621094,
                        0.966495156288147
                    ],
                    [
                        459.271484375,
                        155.37498474121094,
                        0.9537198543548584
                    ],
                    [
                        431.615234375,
                        157.10350036621094,
                        0.9213721752166748
                    ],
                    [
                        431.615234375,
                        177.84568786621094,
                        0.8499252796173096
                    ],
                    [
                        455.814453125,
                        164.01756286621094,
                        0.8871892690658569
                    ],
                    [
                        486.927734375,
                        153.64646911621094,
                        0.986067533493042
                    ],
                    [
                        497.298828125,
                        181.30271911621094,
                        0.9934650659561157
                    ],
                    [
                        473.099609375,
                        160.56053161621094,
                        0.7735140323638916
                    ],
                    [
                        464.45703125,
                        253.90037536621094,
                        0.8577375411987305
                    ],
                    [
                        445.443359375,
                        253.90037536621094,
                        0.8620463013648987
                    ],
                    [
                        441.986328125,
                        323.041015625,
                        0.9053596258163452
                    ],
                    [
                        438.529296875,
                        388.724609375,
                        0.9135697484016418
                    ],
                    [
                        483.470703125,
                        253.90037536621094,
                        0.8534287810325623
                    ],
                    [
                        483.470703125,
                        323.041015625,
                        0.9084017872810364
                    ],
                    [
                        480.013671875,
                        388.724609375,
                        0.9152597784996033
                    ],
                    [
                        455.814453125,
                        112.16209411621094,
                        0.9869582653045654
                    ],
                    [
                        466.185546875,
                        112.16209411621094,
                        1.0020991563796997
                    ],
                    [
                        445.443359375,
                        119.07615661621094,
                        0.946804404258728
                    ],
                    [
                        473.099609375,
                        119.07615661621094,
                        0.9695878624916077
                    ],
                    [
                        486.927734375,
                        406.009765625,
                        0.8503431081771851
                    ],
                    [
                        493.841796875,
                        402.552734375,
                        0.8693404197692871
                    ],
                    [
                        476.556640625,
                        392.181640625,
                        0.8655472993850708
                    ],
                    [
                        438.529296875,
                        406.009765625,
                        0.8454474210739136
                    ],
                    [
                        428.158203125,
                        402.552734375,
                        0.8622248768806458
                    ],
                    [
                        441.986328125,
                        392.181640625,
                        0.8456465005874634
                    ]
                ]
            ]
        },
        {
            "person_id": [
                2
            ],
            "pose_keypoints_2d": [
                [
                    [
                        0.0,
                        0.0,
                        0.020531099289655685
                    ],
                    [
                        0.0,
                        0.0,
                        0.029849819839000702
                    ],
                    [
                        0.0,
                        0.0,
                        0.029849819839000702
                    ],
                    [
                        0.0,
                        0.0,
                        0.012015359476208687
                    ],
                    [
                        0.0,
                        0.0,
                        0.007502174004912376
                    ],
                    [
                        0.0,
                        0.0,
                        0.029849819839000702
                    ],
                    [
                        0.0,
                        0.0,
                        0.009054431691765785
                    ],
                    [
                        0.0,
                        0.0,
                        0.007550043519586325
                    ],
                    [
                        0.0,
                        0.0,
                        0.037438396364450455
                    ],
                    [
                        0.0,
                        0.0,
                        0.037438396364450455
                    ],
                    [
                        0.0,
                        0.0,
                        0.025315171107649803
                    ],
                    [
                        0.0,
                        0.0,
                        0.03399762138724327
                    ],
                    [
                        0.0,
                        0.0,
                        0.037438396364450455
                    ],
                    [
                        0.0,
                        0.0,
                        0.025315171107649803
                    ],
                    [
                        0.0,
                        0.0,
                        0.03399762138724327
                    ],
                    [
                        0.0,
                        0.0,
                        0.019224030897021294
                    ],
                    [
                        0.0,
                        0.0,
                        0.019224032759666443
                    ],
                    [
                        0.0,
                        0.0,
                        0.015098605304956436
                    ],
                    [
                        0.0,
                        0.0,
                        0.015098605304956436
                    ],
                    [
                        0.0,
                        0.0,
                        0.020358137786388397
                    ],
                    [
                        0.0,
                        0.0,
                        0.018469566479325294
                    ],
                    [
                        0.0,
                        0.0,
                        0.01647251471877098
                    ],
                    [
                        0.0,
                        0.0,
                        0.020358137786388397
                    ],
                    [
                        0.0,
                        0.0,
                        0.018469566479325294
                    ],
                    [
                        0.0,
                        0.0,
                        0.01647251471877098
                    ]
                ]
            ]
        }
    ]
}