{
    "people": [
        {
            "person_id": [
                1
            ],
            "pose_keypoints_2d": [
                [
                    [
                        475.044921875,
                        122.154296875,
                        0.9787389039993286
                    ],
                    [
                        468.208984375,
                        159.751953125,
                        0.9238296747207642
                    ],
                    [
                        437.447265625,
                        159.751953125,
                        0.911361575126648
                    ],
                    [
                        427.193359375,
                        204.185546875,
                        0.9872302412986755
                    ],
                    [
                        423.775390625,
                        245.201171875,
                        0.9433997869491577
                    ],
                    [
                        498.970703125,
                        159.751953125,
                        0.9362977147102356
                    ],
                    [
                        509.224609375,
                        204.185546875,
                        0.9855574369430542
                    ],
                    [
                        512.642578125,
                        248.619140625,
                        0.876934289932251
                    ],
                    [
                        469.91796875,
                        255.455078125,
                        0.8746913075447083
                    ],
                    [
                        451.119140625,
                        255.455078125,
                        0.8847358226776123
                    ],
                    [
                        447.701171875,
                        320.396484375,
                        0.8928080797195435
                    ],
                    [
                        440.865234375,
                        385.337890625,
                        0.9303890466690063
                    ],
                    [
                        488.716796875,
                        255.455078125,
                        0.8646467924118042
                    ],
                    [
                        488.716796875,
                        323.814453125,
                        0.894058346748352
                    ],
                    [
                        481.880859375,
                        388.755859375,
                        0.9308832883834839
                    ],
                    [
                        468.208984375,
                        115.318359375,
                        0.9812809228897095
                    ],
                    [
                        478.462890625,
                        115.318359375,
                        0.9851652383804321
                    ],
                    [
                        454.537109375,
                        118.736328125,
                        0.9437886476516724
                    ],
                    [
                        485.298828125,
                        118.736328125,
                        0.9579222798347473
                    ],
                    [
                        485.298828125,
                        405.845703125,
                        0.8638092279434204
                    ],
                    [
                        492.134765625,
                        402.427734375,
                        0.8941069841384888
                    ],
                    [
                        478.462890625,
                        392.173828125,
                        0.846382200717926
                    ],
                    [
                        440.865234375,
                        405.845703125,
                        0.8512549996376038
                    ],
                    [
                        430.611328125,
                        402.427734375,
                        0.8480615615844727
                    ],
                    [
                        440.865234375,
                        392.173828125,
                        0.839523196220398
                    ]
                ]
            ]
        },
        {
            "person_id": [
                2
            ],
            "pose_keypoints_2d": [
                [
                    [
                        0.0,
                        0.0,
                        0.020545179024338722
                    ],
                    [
                        0.0,
                        0.0,
                        0.02961822971701622
                    ],
                    [
                        0.0,
                        0.0,
                        0.02961822971701622
                    ],
                    [
                        0.0,
                        0.0,
                        0.011905848048627377
                    ],
                    [
                        0.0,
                        0.0,
                        0.007338991388678551
                    ],
                    [
                        0.0,
                        0.0,
                        0.02961822971701622
                    ],
                    [
                        0.0,
                        0.0,
                        0.00895625725388527
                    ],
                    [
                        0.0,
                        0.0,
                        0.007475945632904768
                    ],
                    [
                        0.0,
                        0.0,
                        0.037155795842409134
                    ],
                    [
                        0.0,
                        0.0,
                        0.037155795842409134
                    ],
                    [
                        0.0,
                        0.0,
                        0.025083687156438828
                    ],
                    [
                        0.0,
                        0.0,
                        0.033558908849954605
                    ],
                    [
                        0.0,
                        0.0,
                        0.037155795842409134
                    ],
                    [
                        0.0,
                        0.0,
                        0.025083687156438828
                    ],
                    [
                        0.0,
                        0.0,
                        0.03355890512466431
                    ],
                    [
                        0.0,
                        0.0,
                        0.019243167713284492
                    ],
                    [
                        0.0,
                        0.0,
                        0.019243167713284492
                    ],
                    [
                        0.0,
                        0.0,
                        0.015040154568850994
                    ],
                    [
                        0.0,
                        0.0,
                        0.015040154568850994
                    ],
                    [
                        0.0,
                        0.0,
                        0.01983770914375782
                    ],
                    [
                        0.0,
                        0.0,
                        0.018537156283855438
                    ],
                    [
                        0.0,
                        0.0,
                        0.015998275950551033
                    ],
                    [
                        0.0,
                        0.0,
                        0.01983771286904812
                    ],
                    [
                        0.0,
                        0.0,
                        0.018537156283855438
                    ],
                    [
                        0.0,
                        0.0,
                        0.015998275950551033
                    ]
                ]
            ]
        }
    ]
}