{
    "people": [
        {
            "person_id": [
                1
            ],
            "pose_keypoints_2d": [
                [
                    [
                        464.6708984375,
                        116.9912109375,
                        0.9673787355422974
                    ],
                    [
                        457.7763671875,
                        160.08203125,
                        0.9186719655990601
                    ],
                    [
                        426.7509765625,
                        161.8056640625,
                        0.9285546541213989
                    ],
                    [
                        416.4091796875,
                        199.7255859375,
                        0.8837465047836304
                    ],
                    [
                        412.9619140625,
                        189.3837890625,
                        0.9131959676742554
                    ],
                    [
                        488.8017578125,
                        158.3583984375,
                        0.9087892770767212
                    ],
                    [
                        512.9326171875,
                        196.2783203125,
                        0.9615577459335327
                    ],
                    [
                        509.4853515625,
                        179.0419921875,
                        0.9487882256507874
                    ],
                    [
                        464.6708984375,
                        251.4345703125,
                        0.8562275171279907
                    ],
                    [
                        447.4345703125,
                        251.4345703125,
                        0.8669134974479675
                    ],
                    [
                        443.9873046875,
                        320.3798828125,
                        0.9092258810997009
                    ],
                    [
                        440.5400390625,
                        385.8779296875,
                        0.9004828929901123
                    ],
                    [
                        481.9072265625,
                        251.4345703125,
                        0.8455414772033691
                    ],
                    [
                        485.3544921875,
                        320.3798828125,
                        0.8990304470062256
                    ],
                    [
                        481.9072265625,
                        385.8779296875,
                        0.9247872829437256
                    ],
                    [
                        457.7763671875,
                        113.5439453125,
                        0.9597806334495544
                    ],
                    [
                        468.1181640625,
                        113.5439453125,
                        0.9555938839912415
                    ],
                    [
                        443.9873046875,
                        120.4384765625,
                        0.9323155879974365
                    ],
                    [
                        475.0126953125,
                        120.4384765625,
                        0.9252437353134155
                    ],
                    [
                        485.3544921875,
                        406.5615234375,
                        0.8380789160728455
                    ],
                    [
                        492.2490234375,
                        403.1142578125,
                        0.869350790977478
                    ],
                    [
                        478.4599609375,
                        389.3251953125,
                        0.8446833491325378
                    ],
                    [
                        437.0927734375,
                        406.5615234375,
                        0.8593729734420776
                    ],
                    [
                        430.1982421875,
                        403.1142578125,
                        0.871084451675415
                    ],
                    [
                        440.5400390625,
                        389.3251953125,
                        0.8189114332199097
                    ]
                ]
            ]
        },
        {
            "person_id": [
                2
            ],
            "pose_keypoints_2d": [
                [
                    [
                        0.0,
                        0.0,
                        0.020527921617031097
                    ],
                    [
                        0.0,
                        0.0,
                        0.029521271586418152
                    ],
                    [
                        0.0,
                        0.0,
                        0.029521271586418152
                    ],
                    [
                        0.0,
                        0.0,
                        0.01163618266582489
                    ],
                    [
                        0.0,
                        0.0,
                        0.007294316776096821
                    ],
                    [
                        0.0,
                        0.0,
                        0.029521271586418152
                    ],
                    [
                        0.0,
                        0.0,
                        0.008948381058871746
                    ],
                    [
                        0.0,
                        0.0,
                        0.00736002903431654
                    ],
                    [
                        0.0,
                        0.0,
                        0.036572471261024475
                    ],
                    [
                        0.0,
                        0.0,
                        0.036572471261024475
                    ],
                    [
                        0.0,
                        0.0,
                        0.0245518796145916
                    ],
                    [
                        0.0,
                        0.0,
                        0.033396050333976746
                    ],
                    [
                        0.0,
                        0.0,
                        0.03657246753573418
                    ],
                    [
                        0.0,
                        0.0,
                        0.0245518796145916
                    ],
                    [
                        0.0,
                        0.0,
                        0.033396050333976746
                    ],
                    [
                        0.0,
                        0.0,
                        0.019255684688687325
                    ],
                    [
                        0.0,
                        0.0,
                        0.019255684688687325
                    ],
                    [
                        0.0,
                        0.0,
                        0.014681787230074406
                    ],
                    [
                        0.0,
                        0.0,
                        0.014681787230074406
                    ],
                    [
                        0.0,
                        0.0,
                        0.020041562616825104
                    ],
                    [
                        0.0,
                        0.0,
                        0.018632320687174797
                    ],
                    [
                        0.0,
                        0.0,
                        0.015842389315366745
                    ],
                    [
                        0.0,
                        0.0,
                        0.020041562616825104
                    ],
                    [
                        0.0,
                        0.0,
                        0.018632320687174797
                    ],
                    [
                        0.0,
                        0.0,
                        0.015842389315366745
                    ]
                ]
            ]
        }
    ]
}