{
    "people": [
        {
            "person_id": [
                1
            ],
            "pose_keypoints_2d": [
                [
                    [
                        461.78125,
                        118.90625,
                        0.9680494666099548
                    ],
                    [
                        461.78125,
                        158.4375,
                        0.9055283665657043
                    ],
                    [
                        430.84375,
                        156.71875,
                        0.8998881578445435
                    ],
                    [
                        417.09375,
                        201.40625,
                        0.9146332740783691
                    ],
                    [
                        427.40625,
                        204.84375,
                        0.9033186435699463
                    ],
                    [
                        492.71875,
                        160.15625,
                        0.9111685752868652
                    ],
                    [
                        509.90625,
                        201.40625,
                        0.9257329702377319
                    ],
                    [
                        496.15625,
                        194.53125,
                        0.8907749652862549
                    ],
                    [
                        465.21875,
                        252.96875,
                        0.8444679975509644
                    ],
                    [
                        448.03125,
                        252.96875,
                        0.8474618196487427
                    ],
                    [
                        444.59375,
                        321.71875,
                        0.9020738005638123
                    ],
                    [
                        441.15625,
                        387.03125,
                        0.8994131684303284
                    ],
                    [
                        482.40625,
                        252.96875,
                        0.841474175453186
                    ],
                    [
                        482.40625,
                        321.71875,
                        0.9048418402671814
                    ],
                    [
                        482.40625,
                        387.03125,
                        0.8991665244102478
                    ],
                    [
                        458.34375,
                        112.03125,
                        0.9867295622825623
                    ],
                    [
                        468.65625,
                        112.03125,
                        0.9895910024642944
                    ],
                    [
                        448.03125,
                        118.90625,
                        0.9209613800048828
                    ],
                    [
                        475.53125,
                        118.90625,
                        0.9442148208618164
                    ],
                    [
                        485.84375,
                        407.65625,
                        0.8371145129203796
                    ],
                    [
                        492.71875,
                        400.78125,
                        0.882455587387085
                    ],
                    [
                        478.96875,
                        390.46875,
                        0.8468624353408813
                    ],
                    [
                        437.71875,
                        407.65625,
                        0.8252183794975281
                    ],
                    [
                        427.40625,
                        404.21875,
                        0.8726434111595154
                    ],
                    [
                        441.15625,
                        390.46875,
                        0.8425346612930298
                    ]
                ]
            ]
        },
        {
            "person_id": [
                2
            ],
            "pose_keypoints_2d": [
                [
                    [
                        0.0,
                        0.0,
                        0.020531099289655685
                    ],
                    [
                        0.0,
                        0.0,
                        0.029849819839000702
                    ],
                    [
                        0.0,
                        0.0,
                        0.029849819839000702
                    ],
                    [
                        0.0,
                        0.0,
                        0.012015359476208687
                    ],
                    [
                        0.0,
                        0.0,
                        0.007502174004912376
                    ],
                    [
                        0.0,
                        0.0,
                        0.029849819839000702
                    ],
                    [
                        0.0,
                        0.0,
                        0.009054431691765785
                    ],
                    [
                        0.0,
                        0.0,
                        0.007550043519586325
                    ],
                    [
                        0.0,
                        0.0,
                        0.037438396364450455
                    ],
                    [
                        0.0,
                        0.0,
                        0.037438396364450455
                    ],
                    [
                        0.0,
                        0.0,
                        0.025315171107649803
                    ],
                    [
                        0.0,
                        0.0,
                        0.03399762138724327
                    ],
                    [
                        0.0,
                        0.0,
                        0.037438396364450455
                    ],
                    [
                        0.0,
                        0.0,
                        0.025315171107649803
                    ],
                    [
                        0.0,
                        0.0,
                        0.03399762138724327
                    ],
                    [
                        0.0,
                        0.0,
                        0.019224032759666443
                    ],
                    [
                        0.0,
                        0.0,
                        0.019224032759666443
                    ],
                    [
                        0.0,
                        0.0,
                        0.015098605304956436
                    ],
                    [
                        0.0,
                        0.0,
                        0.015098605304956436
                    ],
                    [
                        0.0,
                        0.0,
                        0.020358137786388397
                    ],
                    [
                        0.0,
                        0.0,
                        0.018469566479325294
                    ],
                    [
                        0.0,
                        0.0,
                        0.01647251471877098
                    ],
                    [
                        0.0,
                        0.0,
                        0.020358137786388397
                    ],
                    [
                        0.0,
                        0.0,
                        0.018469566479325294
                    ],
                    [
                        0.0,
                        0.0,
                        0.01647251471877098
                    ]
                ]
            ]
        }
    ]
}