{
    "people": [
        {
            "person_id": [
                1
            ],
            "pose_keypoints_2d": [
                [
                    [
                        464.2333984375,
                        117.1611328125,
                        0.9757857918739319
                    ],
                    [
                        460.7666015625,
                        155.2958984375,
                        0.9066023826599121
                    ],
                    [
                        429.5654296875,
                        155.2958984375,
                        0.896544337272644
                    ],
                    [
                        422.6318359375,
                        193.4306640625,
                        0.9978988766670227
                    ],
                    [
                        439.9658203125,
                        186.4970703125,
                        0.929754376411438
                    ],
                    [
                        491.9677734375,
                        155.2958984375,
                        0.9166604280471802
                    ],
                    [
                        505.8349609375,
                        189.9638671875,
                        0.9784497022628784
                    ],
                    [
                        485.0341796875,
                        179.5634765625,
                        0.9289191961288452
                    ],
                    [
                        464.2333984375,
                        252.3662109375,
                        0.8544570803642273
                    ],
                    [
                        446.8994140625,
                        252.3662109375,
                        0.8570983409881592
                    ],
                    [
                        443.4326171875,
                        321.7021484375,
                        0.8985894918441772
                    ],
                    [
                        439.9658203125,
                        387.5712890625,
                        0.9106874465942383
                    ],
                    [
                        481.5673828125,
                        252.3662109375,
                        0.8518158197402954
                    ],
                    [
                        485.0341796875,
                        321.7021484375,
                        0.9098947644233704
                    ],
                    [
                        481.5673828125,
                        387.5712890625,
                        0.8982510566711426
                    ],
                    [
                        457.2998046875,
                        113.6943359375,
                        0.9880348443984985
                    ],
                    [
                        467.7001953125,
                        113.6943359375,
                        0.9939319491386414
                    ],
                    [
                        446.8994140625,
                        120.6279296875,
                        0.9360710382461548
                    ],
                    [
                        474.6337890625,
                        120.6279296875,
                        0.9500385522842407
                    ],
                    [
                        485.0341796875,
                        404.9052734375,
                        0.834510087966919
                    ],
                    [
                        491.9677734375,
                        401.4384765625,
                        0.8736089468002319
                    ],
                    [
                        478.1005859375,
                        391.0380859375,
                        0.843105673789978
                    ],
                    [
                        439.9658203125,
                        408.3720703125,
                        0.8168891668319702
                    ],
                    [
                        429.5654296875,
                        404.9052734375,
                        0.8654370903968811
                    ],
                    [
                        443.4326171875,
                        391.0380859375,
                        0.838994562625885
                    ]
                ]
            ]
        },
        {
            "person_id": [
                2
            ],
            "pose_keypoints_2d": [
                [
                    [
                        0.0,
                        0.0,
                        0.020531099289655685
                    ],
                    [
                        0.0,
                        0.0,
                        0.029849819839000702
                    ],
                    [
                        0.0,
                        0.0,
                        0.029849819839000702
                    ],
                    [
                        0.0,
                        0.0,
                        0.012015359476208687
                    ],
                    [
                        0.0,
                        0.0,
                        0.007502174004912376
                    ],
                    [
                        0.0,
                        0.0,
                        0.029849819839000702
                    ],
                    [
                        0.0,
                        0.0,
                        0.00905443076044321
                    ],
                    [
                        0.0,
                        0.0,
                        0.007550043519586325
                    ],
                    [
                        0.0,
                        0.0,
                        0.037438396364450455
                    ],
                    [
                        0.0,
                        0.0,
                        0.037438396364450455
                    ],
                    [
                        0.0,
                        0.0,
                        0.025315171107649803
                    ],
                    [
                        0.0,
                        0.0,
                        0.03399762138724327
                    ],
                    [
                        0.0,
                        0.0,
                        0.037438396364450455
                    ],
                    [
                        0.0,
                        0.0,
                        0.025315172970294952
                    ],
                    [
                        0.0,
                        0.0,
                        0.03399762138724327
                    ],
                    [
                        0.0,
                        0.0,
                        0.019224030897021294
                    ],
                    [
                        0.0,
                        0.0,
                        0.019224030897021294
                    ],
                    [
                        0.0,
                        0.0,
                        0.015098605304956436
                    ],
                    [
                        0.0,
                        0.0,
                        0.015098605304956436
                    ],
                    [
                        0.0,
                        0.0,
                        0.020358137786388397
                    ],
                    [
                        0.0,
                        0.0,
                        0.018469566479325294
                    ],
                    [
                        0.0,
                        0.0,
                        0.01647251471877098
                    ],
                    [
                        0.0,
                        0.0,
                        0.0203581340610981
                    ],
                    [
                        0.0,
                        0.0,
                        0.018469566479325294
                    ],
                    [
                        0.0,
                        0.0,
                        0.01647251471877098
                    ]
                ]
            ]
        }
    ]
}