{
    "people": [
        {
            "person_id": [
                1
            ],
            "pose_keypoints_2d": [
                [
                    [
                        473.0654296875,
                        117.9912109375,
                        0.9508432149887085
                    ],
                    [
                        459.2763671875,
                        161.08203125,
                        0.9172688722610474
                    ],
                    [
                        428.2509765625,
                        162.8056640625,
                        0.9284003973007202
                    ],
                    [
                        414.4619140625,
                        204.1728515625,
                        0.8804570436477661
                    ],
                    [
                        411.0146484375,
                        193.8310546875,
                        0.922637939453125
                    ],
                    [
                        490.3017578125,
                        159.3583984375,
                        0.9061373472213745
                    ],
                    [
                        514.4326171875,
                        197.2783203125,
                        0.9184825420379639
                    ],
                    [
                        510.9853515625,
                        186.9365234375,
                        0.8961769342422485
                    ],
                    [
                        464.447265625,
                        255.8818359375,
                        0.8629884123802185
                    ],
                    [
                        445.4873046875,
                        255.8818359375,
                        0.8774827718734741
                    ],
                    [
                        445.4873046875,
                        321.3798828125,
                        0.8816946744918823
                    ],
                    [
                        438.5927734375,
                        386.8779296875,
                        0.9180346727371216
                    ],
                    [
                        483.4072265625,
                        255.8818359375,
                        0.8484940528869629
                    ],
                    [
                        483.4072265625,
                        321.3798828125,
                        0.8891189098358154
                    ],
                    [
                        479.9599609375,
                        386.8779296875,
                        0.9208267331123352
                    ],
                    [
                        462.7236328125,
                        114.5439453125,
                        0.9546486735343933
                    ],
                    [
                        476.5126953125,
                        114.5439453125,
                        0.981987714767456
                    ],
                    [
                        448.9345703125,
                        117.9912109375,
                        0.9392173886299133
                    ],
                    [
                        476.5126953125,
                        117.9912109375,
                        0.8616312742233276
                    ],
                    [
                        486.8544921875,
                        407.5615234375,
                        0.8336544632911682
                    ],
                    [
                        493.7490234375,
                        400.6669921875,
                        0.8720859885215759
                    ],
                    [
                        476.5126953125,
                        390.3251953125,
                        0.8477949500083923
                    ],
                    [
                        438.5927734375,
                        407.5615234375,
                        0.8566864132881165
                    ],
                    [
                        428.2509765625,
                        404.1142578125,
                        0.8545742034912109
                    ],
                    [
                        442.0400390625,
                        390.3251953125,
                        0.8375139236450195
                    ]
                ]
            ]
        },
        {
            "person_id": [
                2
            ],
            "pose_keypoints_2d": [
                [
                    [
                        0.0,
                        0.0,
                        0.020527921617031097
                    ],
                    [
                        0.0,
                        0.0,
                        0.029521271586418152
                    ],
                    [
                        0.0,
                        0.0,
                        0.029521271586418152
                    ],
                    [
                        0.0,
                        0.0,
                        0.01163618266582489
                    ],
                    [
                        0.0,
                        0.0,
                        0.007294316776096821
                    ],
                    [
                        0.0,
                        0.0,
                        0.029521271586418152
                    ],
                    [
                        0.0,
                        0.0,
                        0.008948380127549171
                    ],
                    [
                        0.0,
                        0.0,
                        0.00736002903431654
                    ],
                    [
                        0.0,
                        0.0,
                        0.036572471261024475
                    ],
                    [
                        0.0,
                        0.0,
                        0.03657246753573418
                    ],
                    [
                        0.0,
                        0.0,
                        0.0245518796145916
                    ],
                    [
                        0.0,
                        0.0,
                        0.033396050333976746
                    ],
                    [
                        0.0,
                        0.0,
                        0.036572471261024475
                    ],
                    [
                        0.0,
                        0.0,
                        0.0245518796145916
                    ],
                    [
                        0.0,
                        0.0,
                        0.033396050333976746
                    ],
                    [
                        0.0,
                        0.0,
                        0.019255686551332474
                    ],
                    [
                        0.0,
                        0.0,
                        0.019255686551332474
                    ],
                    [
                        0.0,
                        0.0,
                        0.014681787230074406
                    ],
                    [
                        0.0,
                        0.0,
                        0.014681787230074406
                    ],
                    [
                        0.0,
                        0.0,
                        0.020041566342115402
                    ],
                    [
                        0.0,
                        0.0,
                        0.018632320687174797
                    ],
                    [
                        0.0,
                        0.0,
                        0.015842389315366745
                    ],
                    [
                        0.0,
                        0.0,
                        0.020041562616825104
                    ],
                    [
                        0.0,
                        0.0,
                        0.018632320687174797
                    ],
                    [
                        0.0,
                        0.0,
                        0.015842389315366745
                    ]
                ]
            ]
        }
    ]
}