{
    "people": [
        {
            "person_id": [
                1
            ],
            "pose_keypoints_2d": [
                [
                    [
                        474.044921875,
                        118.736328125,
                        0.9760994911193848
                    ],
                    [
                        467.208984375,
                        159.751953125,
                        0.923093318939209
                    ],
                    [
                        436.447265625,
                        159.751953125,
                        0.91706782579422
                    ],
                    [
                        426.193359375,
                        200.767578125,
                        0.9836779832839966
                    ],
                    [
                        422.775390625,
                        241.783203125,
                        0.910161018371582
                    ],
                    [
                        497.970703125,
                        159.751953125,
                        0.9291188716888428
                    ],
                    [
                        508.224609375,
                        204.185546875,
                        0.9971190094947815
                    ],
                    [
                        508.224609375,
                        245.201171875,
                        0.9093970060348511
                    ],
                    [
                        468.91796875,
                        255.455078125,
                        0.8712970614433289
                    ],
                    [
                        450.119140625,
                        255.455078125,
                        0.8882308006286621
                    ],
                    [
                        446.701171875,
                        323.814453125,
                        0.8827808499336243
                    ],
                    [
                        439.865234375,
                        385.337890625,
                        0.9308630228042603
                    ],
                    [
                        487.716796875,
                        255.455078125,
                        0.8543633222579956
                    ],
                    [
                        487.716796875,
                        323.814453125,
                        0.8892347812652588
                    ],
                    [
                        480.880859375,
                        388.755859375,
                        0.9261068105697632
                    ],
                    [
                        467.208984375,
                        115.318359375,
                        0.9782458543777466
                    ],
                    [
                        480.880859375,
                        115.318359375,
                        0.9871752262115479
                    ],
                    [
                        453.537109375,
                        118.736328125,
                        0.9440402984619141
                    ],
                    [
                        484.298828125,
                        118.736328125,
                        0.9520106315612793
                    ],
                    [
                        487.716796875,
                        405.845703125,
                        0.8638238906860352
                    ],
                    [
                        491.134765625,
                        402.427734375,
                        0.9043340682983398
                    ],
                    [
                        477.462890625,
                        392.173828125,
                        0.8593940734863281
                    ],
                    [
                        439.865234375,
                        405.845703125,
                        0.8509089946746826
                    ],
                    [
                        429.611328125,
                        402.427734375,
                        0.8568140268325806
                    ],
                    [
                        443.283203125,
                        392.173828125,
                        0.8421584963798523
                    ]
                ]
            ]
        },
        {
            "person_id": [
                2
            ],
            "pose_keypoints_2d": [
                [
                    [
                        0.0,
                        0.0,
                        0.020545179024338722
                    ],
                    [
                        0.0,
                        0.0,
                        0.02961822971701622
                    ],
                    [
                        0.0,
                        0.0,
                        0.02961822971701622
                    ],
                    [
                        0.0,
                        0.0,
                        0.011905848048627377
                    ],
                    [
                        0.0,
                        0.0,
                        0.007338991388678551
                    ],
                    [
                        0.0,
                        0.0,
                        0.02961822971701622
                    ],
                    [
                        0.0,
                        0.0,
                        0.00895625725388527
                    ],
                    [
                        0.0,
                        0.0,
                        0.007475945632904768
                    ],
                    [
                        0.0,
                        0.0,
                        0.037155795842409134
                    ],
                    [
                        0.0,
                        0.0,
                        0.037155795842409134
                    ],
                    [
                        0.0,
                        0.0,
                        0.02508368343114853
                    ],
                    [
                        0.0,
                        0.0,
                        0.03355890512466431
                    ],
                    [
                        0.0,
                        0.0,
                        0.037155795842409134
                    ],
                    [
                        0.0,
                        0.0,
                        0.02508368343114853
                    ],
                    [
                        0.0,
                        0.0,
                        0.033558908849954605
                    ],
                    [
                        0.0,
                        0.0,
                        0.01924316957592964
                    ],
                    [
                        0.0,
                        0.0,
                        0.019243167713284492
                    ],
                    [
                        0.0,
                        0.0,
                        0.015040154568850994
                    ],
                    [
                        0.0,
                        0.0,
                        0.015040154568850994
                    ],
                    [
                        0.0,
                        0.0,
                        0.01983771286904812
                    ],
                    [
                        0.0,
                        0.0,
                        0.018537156283855438
                    ],
                    [
                        0.0,
                        0.0,
                        0.015998275950551033
                    ],
                    [
                        0.0,
                        0.0,
                        0.01983771286904812
                    ],
                    [
                        0.0,
                        0.0,
                        0.018537156283855438
                    ],
                    [
                        0.0,
                        0.0,
                        0.015998275950551033
                    ]
                ]
            ]
        }
    ]
}