{
    "people": [
        {
            "person_id": [
                1
            ],
            "pose_keypoints_2d": [
                [
                    [
                        469.6181640625,
                        120.4384765625,
                        0.9778370261192322
                    ],
                    [
                        459.2763671875,
                        160.08203125,
                        0.9250953793525696
                    ],
                    [
                        428.2509765625,
                        161.8056640625,
                        0.9365411996841431
                    ],
                    [
                        414.4619140625,
                        203.1728515625,
                        0.847472071647644
                    ],
                    [
                        411.0146484375,
                        192.8310546875,
                        0.9351685047149658
                    ],
                    [
                        490.3017578125,
                        158.3583984375,
                        0.9136495590209961
                    ],
                    [
                        514.4326171875,
                        196.2783203125,
                        0.9362627267837524
                    ],
                    [
                        510.9853515625,
                        182.4892578125,
                        0.9021062850952148
                    ],
                    [
                        464.447265625,
                        254.8818359375,
                        0.8694296479225159
                    ],
                    [
                        445.4873046875,
                        254.8818359375,
                        0.8822201490402222
                    ],
                    [
                        445.4873046875,
                        320.3798828125,
                        0.8807075023651123
                    ],
                    [
                        438.5927734375,
                        385.8779296875,
                        0.9283182621002197
                    ],
                    [
                        483.4072265625,
                        254.8818359375,
                        0.8566391468048096
                    ],
                    [
                        483.4072265625,
                        320.3798828125,
                        0.8929616212844849
                    ],
                    [
                        479.9599609375,
                        385.8779296875,
                        0.9236100316047668
                    ],
                    [
                        459.2763671875,
                        113.5439453125,
                        0.9678124189376831
                    ],
                    [
                        473.0654296875,
                        113.5439453125,
                        0.9568085670471191
                    ],
                    [
                        445.4873046875,
                        116.9912109375,
                        0.9260650873184204
                    ],
                    [
                        476.5126953125,
                        116.9912109375,
                        0.9172618389129639
                    ],
                    [
                        486.8544921875,
                        406.5615234375,
                        0.8394120335578918
                    ],
                    [
                        493.7490234375,
                        403.1142578125,
                        0.8660259246826172
                    ],
                    [
                        476.5126953125,
                        392.7724609375,
                        0.8334053158760071
                    ],
                    [
                        438.5927734375,
                        406.5615234375,
                        0.8585896492004395
                    ],
                    [
                        428.2509765625,
                        403.1142578125,
                        0.8424211740493774
                    ],
                    [
                        442.0400390625,
                        392.7724609375,
                        0.8237856030464172
                    ]
                ]
            ]
        },
        {
            "person_id": [
                2
            ],
            "pose_keypoints_2d": [
                [
                    [
                        0.0,
                        0.0,
                        0.020527921617031097
                    ],
                    [
                        0.0,
                        0.0,
                        0.029521271586418152
                    ],
                    [
                        0.0,
                        0.0,
                        0.029521271586418152
                    ],
                    [
                        0.0,
                        0.0,
                        0.01163618266582489
                    ],
                    [
                        0.0,
                        0.0,
                        0.007294316776096821
                    ],
                    [
                        0.0,
                        0.0,
                        0.029521271586418152
                    ],
                    [
                        0.0,
                        0.0,
                        0.008948381058871746
                    ],
                    [
                        0.0,
                        0.0,
                        0.00736002903431654
                    ],
                    [
                        0.0,
                        0.0,
                        0.036572471261024475
                    ],
                    [
                        0.0,
                        0.0,
                        0.036572471261024475
                    ],
                    [
                        0.0,
                        0.0,
                        0.0245518796145916
                    ],
                    [
                        0.0,
                        0.0,
                        0.033396050333976746
                    ],
                    [
                        0.0,
                        0.0,
                        0.03657246753573418
                    ],
                    [
                        0.0,
                        0.0,
                        0.0245518796145916
                    ],
                    [
                        0.0,
                        0.0,
                        0.033396050333976746
                    ],
                    [
                        0.0,
                        0.0,
                        0.019255686551332474
                    ],
                    [
                        0.0,
                        0.0,
                        0.019255686551332474
                    ],
                    [
                        0.0,
                        0.0,
                        0.014681787230074406
                    ],
                    [
                        0.0,
                        0.0,
                        0.014681787230074406
                    ],
                    [
                        0.0,
                        0.0,
                        0.020041562616825104
                    ],
                    [
                        0.0,
                        0.0,
                        0.018632320687174797
                    ],
                    [
                        0.0,
                        0.0,
                        0.015842389315366745
                    ],
                    [
                        0.0,
                        0.0,
                        0.020041562616825104
                    ],
                    [
                        0.0,
                        0.0,
                        0.018632320687174797
                    ],
                    [
                        0.0,
                        0.0,
                        0.015842389315366745
                    ]
                ]
            ]
        }
    ]
}