{
    "people": [
        {
            "person_id": [
                1
            ],
            "pose_keypoints_2d": [
                [
                    [
                        470.1416015625,
                        118.82130432128906,
                        0.9572107195854187
                    ],
                    [
                        465.0,
                        159.95411682128906,
                        0.9249210357666016
                    ],
                    [
                        432.4365234375,
                        159.95411682128906,
                        0.9214407205581665
                    ],
                    [
                        422.1533203125,
                        201.08692932128906,
                        0.9615039825439453
                    ],
                    [
                        418.7255859375,
                        238.79200744628906,
                        0.8949109315872192
                    ],
                    [
                        497.5634765625,
                        159.95411682128906,
                        0.9284012913703918
                    ],
                    [
                        504.4189453125,
                        204.51466369628906,
                        0.988480806350708
                    ],
                    [
                        511.2744140625,
                        242.21974182128906,
                        0.9038275480270386
                    ],
                    [
                        468.427734375,
                        255.93067932128906,
                        0.8646332025527954
                    ],
                    [
                        449.5751953125,
                        255.93067932128906,
                        0.8665008544921875
                    ],
                    [
                        446.1474609375,
                        324.4853515625,
                        0.8892683982849121
                    ],
                    [
                        439.2919921875,
                        386.1845703125,
                        0.915921688079834
                    ],
                    [
                        487.2802734375,
                        255.93067932128906,
                        0.8627654910087585
                    ],
                    [
                        487.2802734375,
                        324.4853515625,
                        0.8842061161994934
                    ],
                    [
                        480.4248046875,
                        386.1845703125,
                        0.9214171171188354
                    ],
                    [
                        463.2861328125,
                        111.96583557128906,
                        0.9617672562599182
                    ],
                    [
                        473.5693359375,
                        115.39356994628906,
                        0.9690973162651062
                    ],
                    [
                        449.5751953125,
                        118.82130432128906,
                        0.9393963813781738
                    ],
                    [
                        480.4248046875,
                        118.82130432128906,
                        0.9246965646743774
                    ],
                    [
                        487.2802734375,
                        406.7509765625,
                        0.841738760471344
                    ],
                    [
                        494.1357421875,
                        399.8955078125,
                        0.8967447876930237
                    ],
                    [
                        476.9970703125,
                        393.0400390625,
                        0.850840151309967
                    ],
                    [
                        439.2919921875,
                        406.7509765625,
                        0.8335342407226562
                    ],
                    [
                        429.0087890625,
                        403.3232421875,
                        0.8687548637390137
                    ],
                    [
                        442.7197265625,
                        389.6123046875,
                        0.8370225429534912
                    ]
                ]
            ]
        },
        {
            "person_id": [
                2
            ],
            "pose_keypoints_2d": [
                [
                    [
                        0.0,
                        0.0,
                        0.020531099289655685
                    ],
                    [
                        0.0,
                        0.0,
                        0.029849819839000702
                    ],
                    [
                        0.0,
                        0.0,
                        0.029849819839000702
                    ],
                    [
                        0.0,
                        0.0,
                        0.012015359476208687
                    ],
                    [
                        0.0,
                        0.0,
                        0.007502174004912376
                    ],
                    [
                        0.0,
                        0.0,
                        0.029849819839000702
                    ],
                    [
                        0.0,
                        0.0,
                        0.009054429829120636
                    ],
                    [
                        0.0,
                        0.0,
                        0.007550043519586325
                    ],
                    [
                        0.0,
                        0.0,
                        0.037438396364450455
                    ],
                    [
                        0.0,
                        0.0,
                        0.037438396364450455
                    ],
                    [
                        0.0,
                        0.0,
                        0.025315171107649803
                    ],
                    [
                        0.0,
                        0.0,
                        0.03399762138724327
                    ],
                    [
                        0.0,
                        0.0,
                        0.037438396364450455
                    ],
                    [
                        0.0,
                        0.0,
                        0.025315171107649803
                    ],
                    [
                        0.0,
                        0.0,
                        0.03399762138724327
                    ],
                    [
                        0.0,
                        0.0,
                        0.019224032759666443
                    ],
                    [
                        0.0,
                        0.0,
                        0.019224030897021294
                    ],
                    [
                        0.0,
                        0.0,
                        0.015098605304956436
                    ],
                    [
                        0.0,
                        0.0,
                        0.015098605304956436
                    ],
                    [
                        0.0,
                        0.0,
                        0.0203581340610981
                    ],
                    [
                        0.0,
                        0.0,
                        0.018469566479325294
                    ],
                    [
                        0.0,
                        0.0,
                        0.01647251471877098
                    ],
                    [
                        0.0,
                        0.0,
                        0.020358137786388397
                    ],
                    [
                        0.0,
                        0.0,
                        0.018469566479325294
                    ],
                    [
                        0.0,
                        0.0,
                        0.01647251471877098
                    ]
                ]
            ]
        }
    ]
}