{
    "people": [
        {
            "person_id": [
                1
            ],
            "pose_keypoints_2d": [
                [
                    [
                        466.73828125,
                        116.76954650878906,
                        0.95494544506073
                    ],
                    [
                        463.26171875,
                        161.96485900878906,
                        0.9337201714515686
                    ],
                    [
                        431.97265625,
                        161.96485900878906,
                        0.9315760135650635
                    ],
                    [
                        418.06640625,
                        210.63673400878906,
                        0.9581578373908997
                    ],
                    [
                        404.16015625,
                        255.83204650878906,
                        0.8918086290359497
                    ],
                    [
                        494.55078125,
                        161.96485900878906,
                        0.9358643293380737
                    ],
                    [
                        511.93359375,
                        207.16017150878906,
                        0.9778563976287842
                    ],
                    [
                        522.36328125,
                        252.35548400878906,
                        0.8974320888519287
                    ],
                    [
                        466.73828125,
                        259.30859375,
                        0.8501807451248169
                    ],
                    [
                        449.35546875,
                        259.30859375,
                        0.8455879092216492
                    ],
                    [
                        445.87890625,
                        325.36328125,
                        0.9168872833251953
                    ],
                    [
                        438.92578125,
                        387.94140625,
                        0.8988767862319946
                    ],
                    [
                        484.12109375,
                        259.30859375,
                        0.8547735810279846
                    ],
                    [
                        484.12109375,
                        325.36328125,
                        0.9006024599075317
                    ],
                    [
                        480.64453125,
                        387.94140625,
                        0.9203214645385742
                    ],
                    [
                        459.78515625,
                        113.29298400878906,
                        0.9791387319564819
                    ],
                    [
                        473.69140625,
                        113.29298400878906,
                        0.9914987683296204
                    ],
                    [
                        449.35546875,
                        120.24610900878906,
                        0.9202262163162231
                    ],
                    [
                        480.64453125,
                        120.24610900878906,
                        0.9367907047271729
                    ],
                    [
                        487.59765625,
                        405.32421875,
                        0.8800948262214661
                    ],
                    [
                        494.55078125,
                        401.84765625,
                        0.8865560293197632
                    ],
                    [
                        477.16796875,
                        391.41796875,
                        0.8609514236450195
                    ],
                    [
                        438.92578125,
                        408.80078125,
                        0.8656488060951233
                    ],
                    [
                        428.49609375,
                        405.32421875,
                        0.8748706579208374
                    ],
                    [
                        442.40234375,
                        391.41796875,
                        0.8581751585006714
                    ]
                ]
            ]
        },
        {
            "person_id": [
                2
            ],
            "pose_keypoints_2d": [
                [
                    [
                        0.0,
                        0.0,
                        0.020531099289655685
                    ],
                    [
                        0.0,
                        0.0,
                        0.029849819839000702
                    ],
                    [
                        0.0,
                        0.0,
                        0.029849819839000702
                    ],
                    [
                        0.0,
                        0.0,
                        0.012015359476208687
                    ],
                    [
                        0.0,
                        0.0,
                        0.007502174004912376
                    ],
                    [
                        0.0,
                        0.0,
                        0.029849819839000702
                    ],
                    [
                        0.0,
                        0.0,
                        0.00905443076044321
                    ],
                    [
                        0.0,
                        0.0,
                        0.007550043519586325
                    ],
                    [
                        0.0,
                        0.0,
                        0.037438396364450455
                    ],
                    [
                        0.0,
                        0.0,
                        0.037438396364450455
                    ],
                    [
                        0.0,
                        0.0,
                        0.025315171107649803
                    ],
                    [
                        0.0,
                        0.0,
                        0.03399762138724327
                    ],
                    [
                        0.0,
                        0.0,
                        0.037438396364450455
                    ],
                    [
                        0.0,
                        0.0,
                        0.025315171107649803
                    ],
                    [
                        0.0,
                        0.0,
                        0.03399762138724327
                    ],
                    [
                        0.0,
                        0.0,
                        0.019224032759666443
                    ],
                    [
                        0.0,
                        0.0,
                        0.019224030897021294
                    ],
                    [
                        0.0,
                        0.0,
                        0.015098605304956436
                    ],
                    [
                        0.0,
                        0.0,
                        0.015098605304956436
                    ],
                    [
                        0.0,
                        0.0,
                        0.0203581340610981
                    ],
                    [
                        0.0,
                        0.0,
                        0.018469566479325294
                    ],
                    [
                        0.0,
                        0.0,
                        0.01647251471877098
                    ],
                    [
                        0.0,
                        0.0,
                        0.020358137786388397
                    ],
                    [
                        0.0,
                        0.0,
                        0.018469566479325294
                    ],
                    [
                        0.0,
                        0.0,
                        0.01647251471877098
                    ]
                ]
            ]
        }
    ]
}