{
    "people": [
        {
            "person_id": [
                1
            ],
            "pose_keypoints_2d": [
                [
                    [
                        493.4599609375,
                        122.4384765625,
                        0.9436780214309692
                    ],
                    [
                        471.052734375,
                        160.3583984375,
                        0.9351651668548584
                    ],
                    [
                        441.7509765625,
                        160.3583984375,
                        0.9219455718994141
                    ],
                    [
                        424.5146484375,
                        208.6201171875,
                        0.9590013027191162
                    ],
                    [
                        421.0673828125,
                        253.4345703125,
                        0.8781539797782898
                    ],
                    [
                        500.3544921875,
                        160.3583984375,
                        0.9483847618103027
                    ],
                    [
                        517.5908203125,
                        208.6201171875,
                        0.9836653470993042
                    ],
                    [
                        524.4853515625,
                        253.4345703125,
                        0.8952088356018066
                    ],
                    [
                        472.7763671875,
                        256.8818359375,
                        0.8703548908233643
                    ],
                    [
                        455.5400390625,
                        256.8818359375,
                        0.8819900155067444
                    ],
                    [
                        448.6455078125,
                        325.8271484375,
                        0.9020692110061646
                    ],
                    [
                        441.7509765625,
                        387.8779296875,
                        0.9268519878387451
                    ],
                    [
                        490.0126953125,
                        256.8818359375,
                        0.8587197065353394
                    ],
                    [
                        490.0126953125,
                        325.8271484375,
                        0.8998003005981445
                    ],
                    [
                        483.1181640625,
                        387.8779296875,
                        0.9233071208000183
                    ],
                    [
                        483.1181640625,
                        115.5439453125,
                        0.9803253412246704
                    ],
                    [
                        493.4599609375,
                        115.5439453125,
                        0.9701700210571289
                    ],
                    [
                        465.8818359375,
                        118.9912109375,
                        0.9434241056442261
                    ],
                    [
                        490.0126953125,
                        118.9912109375,
                        0.7045496702194214
                    ],
                    [
                        486.5654296875,
                        405.1142578125,
                        0.8555824756622314
                    ],
                    [
                        493.4599609375,
                        401.6669921875,
                        0.8695955276489258
                    ],
                    [
                        476.2236328125,
                        391.3251953125,
                        0.8149778842926025
                    ],
                    [
                        438.3037109375,
                        405.1142578125,
                        0.8700249195098877
                    ],
                    [
                        431.4091796875,
                        401.6669921875,
                        0.8880805373191833
                    ],
                    [
                        441.7509765625,
                        391.3251953125,
                        0.7995123267173767
                    ]
                ]
            ]
        },
        {
            "person_id": [
                2
            ],
            "pose_keypoints_2d": [
                [
                    [
                        0.0,
                        0.0,
                        0.020545179024338722
                    ],
                    [
                        0.0,
                        0.0,
                        0.02961822971701622
                    ],
                    [
                        0.0,
                        0.0,
                        0.02961822971701622
                    ],
                    [
                        0.0,
                        0.0,
                        0.011905848048627377
                    ],
                    [
                        0.0,
                        0.0,
                        0.007338991388678551
                    ],
                    [
                        0.0,
                        0.0,
                        0.02961822971701622
                    ],
                    [
                        0.0,
                        0.0,
                        0.00895625725388527
                    ],
                    [
                        0.0,
                        0.0,
                        0.007475945632904768
                    ],
                    [
                        0.0,
                        0.0,
                        0.037155795842409134
                    ],
                    [
                        0.0,
                        0.0,
                        0.037155795842409134
                    ],
                    [
                        0.0,
                        0.0,
                        0.025083687156438828
                    ],
                    [
                        0.0,
                        0.0,
                        0.033558908849954605
                    ],
                    [
                        0.0,
                        0.0,
                        0.037155795842409134
                    ],
                    [
                        0.0,
                        0.0,
                        0.02508368343114853
                    ],
                    [
                        0.0,
                        0.0,
                        0.033558908849954605
                    ],
                    [
                        0.0,
                        0.0,
                        0.01924316957592964
                    ],
                    [
                        0.0,
                        0.0,
                        0.01924316957592964
                    ],
                    [
                        0.0,
                        0.0,
                        0.015040154568850994
                    ],
                    [
                        0.0,
                        0.0,
                        0.015040154568850994
                    ],
                    [
                        0.0,
                        0.0,
                        0.019837716594338417
                    ],
                    [
                        0.0,
                        0.0,
                        0.018537156283855438
                    ],
                    [
                        0.0,
                        0.0,
                        0.015998275950551033
                    ],
                    [
                        0.0,
                        0.0,
                        0.01983771286904812
                    ],
                    [
                        0.0,
                        0.0,
                        0.018537156283855438
                    ],
                    [
                        0.0,
                        0.0,
                        0.015998275950551033
                    ]
                ]
            ]
        }
    ]
}