{
    "people": [
        {
            "person_id": [
                1
            ],
            "pose_keypoints_2d": [
                [
                    [
                        499.513671875,
                        123.29103088378906,
                        0.9354475140571594
                    ],
                    [
                        476.53515625,
                        160.41017150878906,
                        0.9115763902664185
                    ],
                    [
                        446.486328125,
                        158.64259338378906,
                        0.9066308736801147
                    ],
                    [
                        425.275390625,
                        208.13478088378906,
                        0.9869921803474426
                    ],
                    [
                        435.880859375,
                        250.55665588378906,
                        0.928313136100769
                    ],
                    [
                        506.583984375,
                        162.17774963378906,
                        0.9165218472480774
                    ],
                    [
                        517.189453125,
                        208.13478088378906,
                        0.9691808223724365
                    ],
                    [
                        520.724609375,
                        250.55665588378906,
                        0.8877443671226501
                    ],
                    [
                        478.302734375,
                        259.39453125,
                        0.8306024074554443
                    ],
                    [
                        460.626953125,
                        261.162109375,
                        0.8288533091545105
                    ],
                    [
                        460.626953125,
                        328.330078125,
                        0.9308252334594727
                    ],
                    [
                        446.486328125,
                        395.498046875,
                        0.9029066562652588
                    ],
                    [
                        495.978515625,
                        257.626953125,
                        0.832351565361023
                    ],
                    [
                        488.908203125,
                        328.330078125,
                        0.9100849628448486
                    ],
                    [
                        481.837890625,
                        388.427734375,
                        0.910247802734375
                    ],
                    [
                        495.978515625,
                        119.75587463378906,
                        0.9521653056144714
                    ],
                    [
                        503.048828125,
                        119.75587463378906,
                        0.9550501108169556
                    ],
                    [
                        474.767578125,
                        119.75587463378906,
                        0.9593859910964966
                    ],
                    [
                        499.513671875,
                        119.75587463378906,
                        0.685678243637085
                    ],
                    [
                        485.373046875,
                        406.103515625,
                        0.8096951246261597
                    ],
                    [
                        492.443359375,
                        402.568359375,
                        0.864075243473053
                    ],
                    [
                        474.767578125,
                        391.962890625,
                        0.792849063873291
                    ],
                    [
                        453.556640625,
                        413.173828125,
                        0.8423470258712769
                    ],
                    [
                        446.486328125,
                        413.173828125,
                        0.8638356924057007
                    ],
                    [
                        446.486328125,
                        399.033203125,
                        0.7933951616287231
                    ]
                ]
            ]
        },
        {
            "person_id": [
                2
            ],
            "pose_keypoints_2d": [
                [
                    [
                        0.0,
                        0.0,
                        0.020545179024338722
                    ],
                    [
                        0.0,
                        0.0,
                        0.02961822971701622
                    ],
                    [
                        0.0,
                        0.0,
                        0.02961822971701622
                    ],
                    [
                        0.0,
                        0.0,
                        0.011905848048627377
                    ],
                    [
                        0.0,
                        0.0,
                        0.007338991388678551
                    ],
                    [
                        0.0,
                        0.0,
                        0.02961822971701622
                    ],
                    [
                        0.0,
                        0.0,
                        0.00895625725388527
                    ],
                    [
                        0.0,
                        0.0,
                        0.007475945632904768
                    ],
                    [
                        0.0,
                        0.0,
                        0.037155795842409134
                    ],
                    [
                        0.0,
                        0.0,
                        0.037155795842409134
                    ],
                    [
                        0.0,
                        0.0,
                        0.025083687156438828
                    ],
                    [
                        0.0,
                        0.0,
                        0.033558908849954605
                    ],
                    [
                        0.0,
                        0.0,
                        0.037155795842409134
                    ],
                    [
                        0.0,
                        0.0,
                        0.02508368343114853
                    ],
                    [
                        0.0,
                        0.0,
                        0.033558908849954605
                    ],
                    [
                        0.0,
                        0.0,
                        0.019243167713284492
                    ],
                    [
                        0.0,
                        0.0,
                        0.01924316957592964
                    ],
                    [
                        0.0,
                        0.0,
                        0.015040154568850994
                    ],
                    [
                        0.0,
                        0.0,
                        0.015040154568850994
                    ],
                    [
                        0.0,
                        0.0,
                        0.01983771286904812
                    ],
                    [
                        0.0,
                        0.0,
                        0.018537156283855438
                    ],
                    [
                        0.0,
                        0.0,
                        0.015998275950551033
                    ],
                    [
                        0.0,
                        0.0,
                        0.01983771286904812
                    ],
                    [
                        0.0,
                        0.0,
                        0.018537156283855438
                    ],
                    [
                        0.0,
                        0.0,
                        0.015998275950551033
                    ]
                ]
            ]
        }
    ]
}