{
    "people": [
        {
            "person_id": [
                1
            ],
            "pose_keypoints_2d": [
                [
                    [
                        518.4541015625,
                        126.98533630371094,
                        0.9772674441337585
                    ],
                    [
                        483.2099609375,
                        170.06150817871094,
                        0.8921811580657959
                    ],
                    [
                        459.7138671875,
                        173.97752380371094,
                        0.9064147472381592
                    ],
                    [
                        447.9658203125,
                        240.54978942871094,
                        0.898171067237854
                    ],
                    [
                        467.5458984375,
                        299.2900390625,
                        0.8673570156097412
                    ],
                    [
                        506.7060546875,
                        166.14549255371094,
                        0.8779475688934326
                    ],
                    [
                        502.7900390625,
                        224.88572692871094,
                        0.8855720162391663
                    ],
                    [
                        510.6220703125,
                        267.9619140625,
                        0.7800909280776978
                    ],
                    [
                        489.083984375,
                        281.66796875,
                        0.8432432413101196
                    ],
                    [
                        471.4619140625,
                        283.6259765625,
                        0.8202328681945801
                    ],
                    [
                        459.7138671875,
                        358.0302734375,
                        0.8608851432800293
                    ],
                    [
                        451.8818359375,
                        432.4345703125,
                        0.9261412620544434
                    ],
                    [
                        506.7060546875,
                        279.7099609375,
                        0.8662536144256592
                    ],
                    [
                        530.2021484375,
                        350.1982421875,
                        0.9010834097862244
                    ],
                    [
                        510.6220703125,
                        412.8544921875,
                        0.9579233527183533
                    ],
                    [
                        510.6220703125,
                        119.15330505371094,
                        0.9609165191650391
                    ],
                    [
                        514.5380859375,
                        119.15330505371094,
                        0.9652019143104553
                    ],
                    [
                        487.1259765625,
                        126.98533630371094,
                        0.9538270235061646
                    ],
                    [
                        502.7900390625,
                        126.98533630371094,
                        0.6807500123977661
                    ],
                    [
                        530.2021484375,
                        436.3505859375,
                        0.8631998300552368
                    ],
                    [
                        534.1181640625,
                        432.4345703125,
                        0.881468653678894
                    ],
                    [
                        502.7900390625,
                        416.7705078125,
                        0.8957064747810364
                    ],
                    [
                        471.4619140625,
                        452.0146484375,
                        0.8560478687286377
                    ],
                    [
                        459.7138671875,
                        452.0146484375,
                        0.8351200819015503
                    ],
                    [
                        444.0498046875,
                        436.3505859375,
                        0.8265740871429443
                    ]
                ]
            ]
        },
        {
            "person_id": [
                2
            ],
            "pose_keypoints_2d": [
                [
                    [
                        0.0,
                        0.0,
                        0.020516883581876755
                    ],
                    [
                        0.0,
                        0.0,
                        0.02940869703888893
                    ],
                    [
                        0.0,
                        0.0,
                        0.02940869703888893
                    ],
                    [
                        0.0,
                        0.0,
                        0.011563878506422043
                    ],
                    [
                        0.0,
                        0.0,
                        0.0072733256965875626
                    ],
                    [
                        0.0,
                        0.0,
                        0.02940869703888893
                    ],
                    [
                        0.0,
                        0.0,
                        0.008906224742531776
                    ],
                    [
                        0.0,
                        0.0,
                        0.0073194052092731
                    ],
                    [
                        0.0,
                        0.0,
                        0.03649323433637619
                    ],
                    [
                        0.0,
                        0.0,
                        0.03649323433637619
                    ],
                    [
                        0.0,
                        0.0,
                        0.02443818747997284
                    ],
                    [
                        0.0,
                        0.0,
                        0.03317606449127197
                    ],
                    [
                        0.0,
                        0.0,
                        0.03649323433637619
                    ],
                    [
                        0.0,
                        0.0,
                        0.02443818747997284
                    ],
                    [
                        0.0,
                        0.0,
                        0.03317606449127197
                    ],
                    [
                        0.0,
                        0.0,
                        0.019241249188780785
                    ],
                    [
                        0.0,
                        0.0,
                        0.019241249188780785
                    ],
                    [
                        0.0,
                        0.0,
                        0.014633994549512863
                    ],
                    [
                        0.0,
                        0.0,
                        0.014633994549512863
                    ],
                    [
                        0.0,
                        0.0,
                        0.019803304225206375
                    ],
                    [
                        0.0,
                        0.0,
                        0.018653206527233124
                    ],
                    [
                        0.0,
                        0.0,
                        0.015614873729646206
                    ],
                    [
                        0.0,
                        0.0,
                        0.019803304225206375
                    ],
                    [
                        0.0,
                        0.0,
                        0.018653206527233124
                    ],
                    [
                        0.0,
                        0.0,
                        0.015614873729646206
                    ]
                ]
            ]
        }
    ]
}