{
    "people": [
        {
            "person_id": [
                1
            ],
            "pose_keypoints_2d": [
                [
                    [
                        497.4072265625,
                        123.8857421875,
                        0.9545766115188599
                    ],
                    [
                        473.2763671875,
                        158.3583984375,
                        0.932582676410675
                    ],
                    [
                        442.2509765625,
                        158.3583984375,
                        0.9233998656272888
                    ],
                    [
                        425.0146484375,
                        206.6201171875,
                        0.9879823923110962
                    ],
                    [
                        425.0146484375,
                        251.4345703125,
                        0.8636989593505859
                    ],
                    [
                        504.3017578125,
                        158.3583984375,
                        0.9417654871940613
                    ],
                    [
                        518.0908203125,
                        203.1728515625,
                        0.9691762924194336
                    ],
                    [
                        524.9853515625,
                        244.5400390625,
                        0.9240838289260864
                    ],
                    [
                        473.2763671875,
                        256.60546875,
                        0.8709033131599426
                    ],
                    [
                        456.0400390625,
                        258.3291015625,
                        0.8864149451255798
                    ],
                    [
                        449.1455078125,
                        323.8271484375,
                        0.9046339392662048
                    ],
                    [
                        438.8037109375,
                        385.8779296875,
                        0.9188709259033203
                    ],
                    [
                        490.5126953125,
                        254.8818359375,
                        0.8553916811943054
                    ],
                    [
                        490.5126953125,
                        323.8271484375,
                        0.9039071798324585
                    ],
                    [
                        480.1708984375,
                        389.3251953125,
                        0.9138948917388916
                    ],
                    [
                        490.5126953125,
                        116.9912109375,
                        0.964408814907074
                    ],
                    [
                        497.4072265625,
                        116.9912109375,
                        0.9713630676269531
                    ],
                    [
                        469.8291015625,
                        120.4384765625,
                        0.9535597562789917
                    ],
                    [
                        490.5126953125,
                        120.4384765625,
                        0.6510368585586548
                    ],
                    [
                        487.0654296875,
                        403.1142578125,
                        0.8229717016220093
                    ],
                    [
                        490.5126953125,
                        403.1142578125,
                        0.8601313829421997
                    ],
                    [
                        476.7236328125,
                        392.7724609375,
                        0.8017945289611816
                    ],
                    [
                        438.8037109375,
                        406.5615234375,
                        0.852495551109314
                    ],
                    [
                        431.9091796875,
                        403.1142578125,
                        0.8770579099655151
                    ],
                    [
                        442.2509765625,
                        392.7724609375,
                        0.7884629964828491
                    ]
                ]
            ]
        },
        {
            "person_id": [
                2
            ],
            "pose_keypoints_2d": [
                [
                    [
                        0.0,
                        0.0,
                        0.020545179024338722
                    ],
                    [
                        0.0,
                        0.0,
                        0.02961822971701622
                    ],
                    [
                        0.0,
                        0.0,
                        0.02961822971701622
                    ],
                    [
                        0.0,
                        0.0,
                        0.011905848048627377
                    ],
                    [
                        0.0,
                        0.0,
                        0.007338991388678551
                    ],
                    [
                        0.0,
                        0.0,
                        0.02961822971701622
                    ],
                    [
                        0.0,
                        0.0,
                        0.00895625725388527
                    ],
                    [
                        0.0,
                        0.0,
                        0.007475945632904768
                    ],
                    [
                        0.0,
                        0.0,
                        0.037155795842409134
                    ],
                    [
                        0.0,
                        0.0,
                        0.037155795842409134
                    ],
                    [
                        0.0,
                        0.0,
                        0.025083687156438828
                    ],
                    [
                        0.0,
                        0.0,
                        0.03355890512466431
                    ],
                    [
                        0.0,
                        0.0,
                        0.037155795842409134
                    ],
                    [
                        0.0,
                        0.0,
                        0.02508368343114853
                    ],
                    [
                        0.0,
                        0.0,
                        0.03355890512466431
                    ],
                    [
                        0.0,
                        0.0,
                        0.01924316957592964
                    ],
                    [
                        0.0,
                        0.0,
                        0.01924316957592964
                    ],
                    [
                        0.0,
                        0.0,
                        0.015040154568850994
                    ],
                    [
                        0.0,
                        0.0,
                        0.015040154568850994
                    ],
                    [
                        0.0,
                        0.0,
                        0.01983770914375782
                    ],
                    [
                        0.0,
                        0.0,
                        0.018537156283855438
                    ],
                    [
                        0.0,
                        0.0,
                        0.015998275950551033
                    ],
                    [
                        0.0,
                        0.0,
                        0.01983771286904812
                    ],
                    [
                        0.0,
                        0.0,
                        0.018537156283855438
                    ],
                    [
                        0.0,
                        0.0,
                        0.015998275950551033
                    ]
                ]
            ]
        }
    ]
}