{
    "people": [
        {
            "person_id": [
                1
            ],
            "pose_keypoints_2d": [
                [
                    [
                        501.37890625,
                        126.87109375,
                        0.9389976263046265
                    ],
                    [
                        475.94921875,
                        159.56640625,
                        0.9030827283859253
                    ],
                    [
                        446.88671875,
                        159.56640625,
                        0.8827269673347473
                    ],
                    [
                        425.08984375,
                        203.16015625,
                        0.9730535745620728
                    ],
                    [
                        435.98828125,
                        246.75390625,
                        0.9212800860404968
                    ],
                    [
                        505.01171875,
                        159.56640625,
                        0.923438549041748
                    ],
                    [
                        515.91015625,
                        206.79296875,
                        0.9812435507774353
                    ],
                    [
                        515.91015625,
                        250.38671875,
                        0.904181718826294
                    ],
                    [
                        477.765625,
                        259.46875,
                        0.826263427734375
                    ],
                    [
                        457.78515625,
                        261.28515625,
                        0.8301317691802979
                    ],
                    [
                        457.78515625,
                        330.30859375,
                        0.9064778089523315
                    ],
                    [
                        454.15234375,
                        402.96484375,
                        0.9233053922653198
                    ],
                    [
                        497.74609375,
                        257.65234375,
                        0.8223950862884521
                    ],
                    [
                        490.48046875,
                        326.67578125,
                        0.9093359112739563
                    ],
                    [
                        479.58203125,
                        388.43359375,
                        0.8580560684204102
                    ],
                    [
                        494.11328125,
                        119.60546875,
                        0.9384750127792358
                    ],
                    [
                        501.37890625,
                        119.60546875,
                        0.9413019418716431
                    ],
                    [
                        475.94921875,
                        123.23828125,
                        0.9119970202445984
                    ],
                    [
                        497.74609375,
                        123.23828125,
                        0.7020566463470459
                    ],
                    [
                        486.84765625,
                        402.96484375,
                        0.8119724988937378
                    ],
                    [
                        494.11328125,
                        399.33203125,
                        0.8293770551681519
                    ],
                    [
                        479.58203125,
                        392.06640625,
                        0.810627818107605
                    ],
                    [
                        461.41796875,
                        424.76171875,
                        0.8212771415710449
                    ],
                    [
                        450.51953125,
                        421.12890625,
                        0.8609108328819275
                    ],
                    [
                        454.15234375,
                        410.23046875,
                        0.8063530921936035
                    ]
                ]
            ]
        },
        {
            "person_id": [
                2
            ],
            "pose_keypoints_2d": [
                [
                    [
                        0.0,
                        0.0,
                        0.020545179024338722
                    ],
                    [
                        0.0,
                        0.0,
                        0.02961822971701622
                    ],
                    [
                        0.0,
                        0.0,
                        0.02961822971701622
                    ],
                    [
                        0.0,
                        0.0,
                        0.011905848048627377
                    ],
                    [
                        0.0,
                        0.0,
                        0.007338991388678551
                    ],
                    [
                        0.0,
                        0.0,
                        0.02961822971701622
                    ],
                    [
                        0.0,
                        0.0,
                        0.00895625725388527
                    ],
                    [
                        0.0,
                        0.0,
                        0.007475945632904768
                    ],
                    [
                        0.0,
                        0.0,
                        0.037155795842409134
                    ],
                    [
                        0.0,
                        0.0,
                        0.037155795842409134
                    ],
                    [
                        0.0,
                        0.0,
                        0.02508368343114853
                    ],
                    [
                        0.0,
                        0.0,
                        0.03355890512466431
                    ],
                    [
                        0.0,
                        0.0,
                        0.037155795842409134
                    ],
                    [
                        0.0,
                        0.0,
                        0.025083687156438828
                    ],
                    [
                        0.0,
                        0.0,
                        0.033558908849954605
                    ],
                    [
                        0.0,
                        0.0,
                        0.01924316957592964
                    ],
                    [
                        0.0,
                        0.0,
                        0.01924316957592964
                    ],
                    [
                        0.0,
                        0.0,
                        0.015040154568850994
                    ],
                    [
                        0.0,
                        0.0,
                        0.015040154568850994
                    ],
                    [
                        0.0,
                        0.0,
                        0.01983770914375782
                    ],
                    [
                        0.0,
                        0.0,
                        0.018537156283855438
                    ],
                    [
                        0.0,
                        0.0,
                        0.015998275950551033
                    ],
                    [
                        0.0,
                        0.0,
                        0.01983771286904812
                    ],
                    [
                        0.0,
                        0.0,
                        0.018537156283855438
                    ],
                    [
                        0.0,
                        0.0,
                        0.015998275950551033
                    ]
                ]
            ]
        }
    ]
}