{
    "people": [
        {
            "person_id": [
                1
            ],
            "pose_keypoints_2d": [
                [
                    [
                        500.4619140625,
                        127.9755859375,
                        0.9140517711639404
                    ],
                    [
                        476.78515625,
                        160.7587890625,
                        0.9147642254829407
                    ],
                    [
                        445.8232421875,
                        160.7587890625,
                        0.8943034410476685
                    ],
                    [
                        423.9677734375,
                        204.4697265625,
                        0.9812442660331726
                    ],
                    [
                        434.8955078125,
                        244.5380859375,
                        0.9245338439941406
                    ],
                    [
                        507.7470703125,
                        160.7587890625,
                        0.9352250099182129
                    ],
                    [
                        515.0322265625,
                        208.1123046875,
                        0.9656111001968384
                    ],
                    [
                        518.6748046875,
                        248.1806640625,
                        0.908165454864502
                    ],
                    [
                        478.6064453125,
                        260.9296875,
                        0.8315216302871704
                    ],
                    [
                        460.3935546875,
                        262.7509765625,
                        0.830522358417511
                    ],
                    [
                        460.3935546875,
                        331.9599609375,
                        0.9077118635177612
                    ],
                    [
                        456.7509765625,
                        404.8115234375,
                        0.9172409772872925
                    ],
                    [
                        496.8193359375,
                        259.1083984375,
                        0.8325208425521851
                    ],
                    [
                        489.5341796875,
                        328.3173828125,
                        0.92075514793396
                    ],
                    [
                        482.2490234375,
                        386.5986328125,
                        0.8801215887069702
                    ],
                    [
                        496.8193359375,
                        120.6904296875,
                        0.9404811263084412
                    ],
                    [
                        504.1044921875,
                        120.6904296875,
                        0.9364626407623291
                    ],
                    [
                        474.9638671875,
                        124.3330078125,
                        0.9214030504226685
                    ],
                    [
                        500.4619140625,
                        124.3330078125,
                        0.720700740814209
                    ],
                    [
                        485.8916015625,
                        404.8115234375,
                        0.7997034788131714
                    ],
                    [
                        493.1767578125,
                        401.1689453125,
                        0.8330379724502563
                    ],
                    [
                        478.6064453125,
                        390.2412109375,
                        0.8170819282531738
                    ],
                    [
                        464.0361328125,
                        426.6669921875,
                        0.8271323442459106
                    ],
                    [
                        453.1083984375,
                        426.6669921875,
                        0.8480786085128784
                    ],
                    [
                        453.1083984375,
                        412.0966796875,
                        0.8100917935371399
                    ]
                ]
            ]
        },
        {
            "person_id": [
                2
            ],
            "pose_keypoints_2d": [
                [
                    [
                        0.0,
                        0.0,
                        0.020545179024338722
                    ],
                    [
                        0.0,
                        0.0,
                        0.02961822971701622
                    ],
                    [
                        0.0,
                        0.0,
                        0.02961822971701622
                    ],
                    [
                        0.0,
                        0.0,
                        0.011905848048627377
                    ],
                    [
                        0.0,
                        0.0,
                        0.007338991388678551
                    ],
                    [
                        0.0,
                        0.0,
                        0.02961822971701622
                    ],
                    [
                        0.0,
                        0.0,
                        0.00895625725388527
                    ],
                    [
                        0.0,
                        0.0,
                        0.007475945632904768
                    ],
                    [
                        0.0,
                        0.0,
                        0.037155795842409134
                    ],
                    [
                        0.0,
                        0.0,
                        0.037155795842409134
                    ],
                    [
                        0.0,
                        0.0,
                        0.025083687156438828
                    ],
                    [
                        0.0,
                        0.0,
                        0.033558908849954605
                    ],
                    [
                        0.0,
                        0.0,
                        0.037155795842409134
                    ],
                    [
                        0.0,
                        0.0,
                        0.02508368343114853
                    ],
                    [
                        0.0,
                        0.0,
                        0.033558908849954605
                    ],
                    [
                        0.0,
                        0.0,
                        0.01924316957592964
                    ],
                    [
                        0.0,
                        0.0,
                        0.01924316957592964
                    ],
                    [
                        0.0,
                        0.0,
                        0.015040154568850994
                    ],
                    [
                        0.0,
                        0.0,
                        0.015040154568850994
                    ],
                    [
                        0.0,
                        0.0,
                        0.01983771286904812
                    ],
                    [
                        0.0,
                        0.0,
                        0.018537156283855438
                    ],
                    [
                        0.0,
                        0.0,
                        0.015998275950551033
                    ],
                    [
                        0.0,
                        0.0,
                        0.01983771286904812
                    ],
                    [
                        0.0,
                        0.0,
                        0.018537156283855438
                    ],
                    [
                        0.0,
                        0.0,
                        0.015998275950551033
                    ]
                ]
            ]
        }
    ]
}