{
    "people": [
        {
            "person_id": [
                1
            ],
            "pose_keypoints_2d": [
                [
                    [
                        483.03125,
                        121.34375,
                        0.9544835090637207
                    ],
                    [
                        469.28125,
                        159.15625,
                        0.9428727626800537
                    ],
                    [
                        438.34375,
                        159.15625,
                        0.9342686533927917
                    ],
                    [
                        424.59375,
                        207.28125,
                        0.9591662883758545
                    ],
                    [
                        421.15625,
                        251.96875,
                        0.918940544128418
                    ],
                    [
                        500.21875,
                        159.15625,
                        0.9514768123626709
                    ],
                    [
                        513.96875,
                        210.71875,
                        0.9649277925491333
                    ],
                    [
                        520.84375,
                        258.84375,
                        0.885188639163971
                    ],
                    [
                        471.0,
                        258.84375,
                        0.8720491528511047
                    ],
                    [
                        452.09375,
                        258.84375,
                        0.8651756048202515
                    ],
                    [
                        448.65625,
                        324.15625,
                        0.8977822065353394
                    ],
                    [
                        441.78125,
                        386.03125,
                        0.899293065071106
                    ],
                    [
                        489.90625,
                        258.84375,
                        0.878922700881958
                    ],
                    [
                        486.46875,
                        324.15625,
                        0.8866479396820068
                    ],
                    [
                        479.59375,
                        389.46875,
                        0.9162852764129639
                    ],
                    [
                        476.15625,
                        114.46875,
                        0.9609604477882385
                    ],
                    [
                        486.46875,
                        114.46875,
                        0.9707380533218384
                    ],
                    [
                        458.96875,
                        121.34375,
                        0.9488260746002197
                    ],
                    [
                        489.90625,
                        117.90625,
                        0.8726425170898438
                    ],
                    [
                        486.46875,
                        403.21875,
                        0.8523619174957275
                    ],
                    [
                        493.34375,
                        403.21875,
                        0.8920402526855469
                    ],
                    [
                        476.15625,
                        392.90625,
                        0.8395245671272278
                    ],
                    [
                        438.34375,
                        406.65625,
                        0.8541828393936157
                    ],
                    [
                        428.03125,
                        403.21875,
                        0.8987634181976318
                    ],
                    [
                        441.78125,
                        392.90625,
                        0.8247107267379761
                    ]
                ]
            ]
        },
        {
            "person_id": [
                2
            ],
            "pose_keypoints_2d": [
                [
                    [
                        0.0,
                        0.0,
                        0.020545179024338722
                    ],
                    [
                        0.0,
                        0.0,
                        0.02961822971701622
                    ],
                    [
                        0.0,
                        0.0,
                        0.02961822971701622
                    ],
                    [
                        0.0,
                        0.0,
                        0.011905848048627377
                    ],
                    [
                        0.0,
                        0.0,
                        0.007338991388678551
                    ],
                    [
                        0.0,
                        0.0,
                        0.02961822971701622
                    ],
                    [
                        0.0,
                        0.0,
                        0.00895625725388527
                    ],
                    [
                        0.0,
                        0.0,
                        0.007475945632904768
                    ],
                    [
                        0.0,
                        0.0,
                        0.037155795842409134
                    ],
                    [
                        0.0,
                        0.0,
                        0.037155795842409134
                    ],
                    [
                        0.0,
                        0.0,
                        0.025083687156438828
                    ],
                    [
                        0.0,
                        0.0,
                        0.033558908849954605
                    ],
                    [
                        0.0,
                        0.0,
                        0.037155795842409134
                    ],
                    [
                        0.0,
                        0.0,
                        0.025083687156438828
                    ],
                    [
                        0.0,
                        0.0,
                        0.033558908849954605
                    ],
                    [
                        0.0,
                        0.0,
                        0.019243167713284492
                    ],
                    [
                        0.0,
                        0.0,
                        0.01924316957592964
                    ],
                    [
                        0.0,
                        0.0,
                        0.015040154568850994
                    ],
                    [
                        0.0,
                        0.0,
                        0.015040154568850994
                    ],
                    [
                        0.0,
                        0.0,
                        0.01983771286904812
                    ],
                    [
                        0.0,
                        0.0,
                        0.018537156283855438
                    ],
                    [
                        0.0,
                        0.0,
                        0.015998275950551033
                    ],
                    [
                        0.0,
                        0.0,
                        0.01983771286904812
                    ],
                    [
                        0.0,
                        0.0,
                        0.018537156283855438
                    ],
                    [
                        0.0,
                        0.0,
                        0.015998275950551033
                    ]
                ]
            ]
        }
    ]
}