{
    "people": [
        {
            "person_id": [
                1
            ],
            "pose_keypoints_2d": [
                [
                    [
                        536.76953125,
                        133.37892150878906,
                        0.9563441276550293
                    ],
                    [
                        498.09765625,
                        175.91798400878906,
                        0.8881803750991821
                    ],
                    [
                        482.62890625,
                        179.78517150878906,
                        0.9106987118721008
                    ],
                    [
                        482.62890625,
                        245.52735900878906,
                        0.8390234708786011
                    ],
                    [
                        498.09765625,
                        307.40234375,
                        0.862345814704895
                    ],
                    [
                        513.56640625,
                        172.05079650878906,
                        0.8656619787216187
                    ],
                    [
                        513.56640625,
                        233.92579650878906,
                        0.7188911437988281
                    ],
                    [
                        509.69921875,
                        288.06640625,
                        0.5430915355682373
                    ],
                    [
                        500.03125,
                        282.265625,
                        0.9171981811523438
                    ],
                    [
                        486.49609375,
                        284.19921875,
                        0.9037175178527832
                    ],
                    [
                        471.02734375,
                        357.67578125,
                        0.914023756980896
                    ],
                    [
                        451.69140625,
                        431.15234375,
                        0.9228925704956055
                    ],
                    [
                        513.56640625,
                        280.33203125,
                        0.9306788444519043
                    ],
                    [
                        532.90234375,
                        353.80859375,
                        0.881379246711731
                    ],
                    [
                        548.37109375,
                        438.88671875,
                        0.9041589498519897
                    ],
                    [
                        529.03515625,
                        125.64454650878906,
                        0.96152663230896
                    ],
                    [
                        532.90234375,
                        125.64454650878906,
                        0.936125636100769
                    ],
                    [
                        509.69921875,
                        129.51173400878906,
                        0.9466348886489868
                    ],
                    [
                        517.43359375,
                        129.51173400878906,
                        0.6900694370269775
                    ],
                    [
                        583.17578125,
                        442.75390625,
                        0.880942702293396
                    ],
                    [
                        583.17578125,
                        438.88671875,
                        0.8443117141723633
                    ],
                    [
                        544.50390625,
                        446.62109375,
                        0.8355686068534851
                    ],
                    [
                        471.02734375,
                        450.48828125,
                        0.8567615747451782
                    ],
                    [
                        459.42578125,
                        450.48828125,
                        0.8575754165649414
                    ],
                    [
                        443.95703125,
                        435.01953125,
                        0.8384275436401367
                    ]
                ]
            ]
        },
        {
            "person_id": [
                2
            ],
            "pose_keypoints_2d": [
                [
                    [
                        0.0,
                        0.0,
                        0.020516883581876755
                    ],
                    [
                        0.0,
                        0.0,
                        0.02940869703888893
                    ],
                    [
                        0.0,
                        0.0,
                        0.02940869703888893
                    ],
                    [
                        0.0,
                        0.0,
                        0.011563878506422043
                    ],
                    [
                        0.0,
                        0.0,
                        0.0072733256965875626
                    ],
                    [
                        0.0,
                        0.0,
                        0.02940869703888893
                    ],
                    [
                        0.0,
                        0.0,
                        0.008906224742531776
                    ],
                    [
                        0.0,
                        0.0,
                        0.0073194052092731
                    ],
                    [
                        0.0,
                        0.0,
                        0.03649323433637619
                    ],
                    [
                        0.0,
                        0.0,
                        0.03649323433637619
                    ],
                    [
                        0.0,
                        0.0,
                        0.02443818747997284
                    ],
                    [
                        0.0,
                        0.0,
                        0.03317606449127197
                    ],
                    [
                        0.0,
                        0.0,
                        0.03649323433637619
                    ],
                    [
                        0.0,
                        0.0,
                        0.02443818747997284
                    ],
                    [
                        0.0,
                        0.0,
                        0.03317606449127197
                    ],
                    [
                        0.0,
                        0.0,
                        0.019241249188780785
                    ],
                    [
                        0.0,
                        0.0,
                        0.019241251051425934
                    ],
                    [
                        0.0,
                        0.0,
                        0.014633994549512863
                    ],
                    [
                        0.0,
                        0.0,
                        0.014633994549512863
                    ],
                    [
                        0.0,
                        0.0,
                        0.019803304225206375
                    ],
                    [
                        0.0,
                        0.0,
                        0.018653206527233124
                    ],
                    [
                        0.0,
                        0.0,
                        0.015614873729646206
                    ],
                    [
                        0.0,
                        0.0,
                        0.019803304225206375
                    ],
                    [
                        0.0,
                        0.0,
                        0.018653206527233124
                    ],
                    [
                        0.0,
                        0.0,
                        0.015614873729646206
                    ]
                ]
            ]
        }
    ]
}