{
    "people": [
        {
            "person_id": [
                1
            ],
            "pose_keypoints_2d": [
                [
                    [
                        591.7060546875,
                        136.58885192871094,
                        0.9249433875083923
                    ],
                    [
                        552.7412109375,
                        171.65721130371094,
                        0.8780834078788757
                    ],
                    [
                        560.5341796875,
                        175.55369567871094,
                        0.8683220148086548
                    ],
                    [
                        560.5341796875,
                        237.89744567871094,
                        0.8471647500991821
                    ],
                    [
                        568.3271484375,
                        296.3447265625,
                        0.8771228790283203
                    ],
                    [
                        544.9482421875,
                        167.76072692871094,
                        0.8878448009490967
                    ],
                    [
                        544.9482421875,
                        234.00096130371094,
                        0.7425028085708618
                    ],
                    [
                        564.4306640625,
                        288.5517578125,
                        0.5078277587890625
                    ],
                    [
                        550.79296875,
                        282.70703125,
                        0.8025703430175781
                    ],
                    [
                        556.6376953125,
                        284.6552734375,
                        0.8238248229026794
                    ],
                    [
                        576.1201171875,
                        366.4814453125,
                        0.8523639440536499
                    ],
                    [
                        498.1904296875,
                        417.1357421875,
                        0.843543529510498
                    ],
                    [
                        544.9482421875,
                        280.7587890625,
                        0.781315803527832
                    ],
                    [
                        560.5341796875,
                        366.4814453125,
                        0.87431800365448
                    ],
                    [
                        564.4306640625,
                        444.4111328125,
                        0.877740204334259
                    ],
                    [
                        591.7060546875,
                        128.79588317871094,
                        0.9288288354873657
                    ],
                    [
                        591.7060546875,
                        128.79588317871094,
                        0.8771318197250366
                    ],
                    [
                        583.9130859375,
                        128.79588317871094,
                        0.9861735701560974
                    ],
                    [
                        564.4306640625,
                        128.79588317871094,
                        0.7585877180099487
                    ],
                    [
                        599.4990234375,
                        452.2041015625,
                        0.828261137008667
                    ],
                    [
                        591.7060546875,
                        448.3076171875,
                        0.7951914072036743
                    ],
                    [
                        560.5341796875,
                        452.2041015625,
                        0.8220155239105225
                    ],
                    [
                        505.9833984375,
                        452.2041015625,
                        0.8664987087249756
                    ],
                    [
                        498.1904296875,
                        448.3076171875,
                        0.8232882618904114
                    ],
                    [
                        490.3974609375,
                        417.1357421875,
                        0.7962774038314819
                    ]
                ]
            ]
        },
        {
            "person_id": [
                2
            ],
            "pose_keypoints_2d": [
                [
                    [
                        0.0,
                        0.0,
                        0.02049672231078148
                    ],
                    [
                        0.0,
                        0.0,
                        0.02929602563381195
                    ],
                    [
                        0.0,
                        0.0,
                        0.02929602563381195
                    ],
                    [
                        0.0,
                        0.0,
                        0.011478384956717491
                    ],
                    [
                        0.0,
                        0.0,
                        0.007250115275382996
                    ],
                    [
                        0.0,
                        0.0,
                        0.02929602563381195
                    ],
                    [
                        0.0,
                        0.0,
                        0.00886319950222969
                    ],
                    [
                        0.0,
                        0.0,
                        0.007277069613337517
                    ],
                    [
                        0.0,
                        0.0,
                        0.03640361502766609
                    ],
                    [
                        0.0,
                        0.0,
                        0.03640361875295639
                    ],
                    [
                        0.0,
                        0.0,
                        0.024319320917129517
                    ],
                    [
                        0.0,
                        0.0,
                        0.03295331820845604
                    ],
                    [
                        0.0,
                        0.0,
                        0.03640361130237579
                    ],
                    [
                        0.0,
                        0.0,
                        0.024319320917129517
                    ],
                    [
                        0.0,
                        0.0,
                        0.03295331820845604
                    ],
                    [
                        0.0,
                        0.0,
                        0.019219033420085907
                    ],
                    [
                        0.0,
                        0.0,
                        0.019219035282731056
                    ],
                    [
                        0.0,
                        0.0,
                        0.014575655572116375
                    ],
                    [
                        0.0,
                        0.0,
                        0.014575655572116375
                    ],
                    [
                        0.0,
                        0.0,
                        0.019563157111406326
                    ],
                    [
                        0.0,
                        0.0,
                        0.018666982650756836
                    ],
                    [
                        0.0,
                        0.0,
                        0.015384510159492493
                    ],
                    [
                        0.0,
                        0.0,
                        0.019563157111406326
                    ],
                    [
                        0.0,
                        0.0,
                        0.018666982650756836
                    ],
                    [
                        0.0,
                        0.0,
                        0.015384510159492493
                    ]
                ]
            ]
        }
    ]
}