{
    "people": [
        {
            "person_id": [
                1
            ],
            "pose_keypoints_2d": [
                [
                    [
                        657.3916015625,
                        133.9033203125,
                        0.6637891530990601
                    ],
                    [
                        680.4189453125,
                        166.525390625,
                        0.9430718421936035
                    ],
                    [
                        714.9599609375,
                        164.6064453125,
                        0.9502757787704468
                    ],
                    [
                        737.9873046875,
                        214.4990234375,
                        0.9320497512817383
                    ],
                    [
                        737.9873046875,
                        256.7158203125,
                        0.9127688407897949
                    ],
                    [
                        645.8779296875,
                        168.4443359375,
                        0.935867965221405
                    ],
                    [
                        630.5263671875,
                        226.0126953125,
                        0.9861520528793335
                    ],
                    [
                        622.8505859375,
                        272.0673828125,
                        0.8981354236602783
                    ],
                    [
                        674.662109375,
                        272.0673828125,
                        0.8523672223091125
                    ],
                    [
                        695.7705078125,
                        272.0673828125,
                        0.8762730360031128
                    ],
                    [
                        688.0947265625,
                        348.8251953125,
                        0.8734142780303955
                    ],
                    [
                        680.4189453125,
                        433.2587890625,
                        0.879276692867279
                    ],
                    [
                        653.5537109375,
                        272.0673828125,
                        0.8284614086151123
                    ],
                    [
                        657.3916015625,
                        329.6357421875,
                        0.9230184555053711
                    ],
                    [
                        661.2294921875,
                        387.2041015625,
                        0.9046765565872192
                    ],
                    [
                        668.9052734375,
                        126.2275390625,
                        0.6147209405899048
                    ],
                    [
                        657.3916015625,
                        130.0654296875,
                        0.708620548248291
                    ],
                    [
                        688.0947265625,
                        126.2275390625,
                        0.9567002058029175
                    ],
                    [
                        657.3916015625,
                        130.0654296875,
                        0.9746083617210388
                    ],
                    [
                        661.2294921875,
                        383.3662109375,
                        0.68662029504776
                    ],
                    [
                        653.5537109375,
                        387.2041015625,
                        0.8184250593185425
                    ],
                    [
                        661.2294921875,
                        394.8798828125,
                        0.8439942002296448
                    ],
                    [
                        699.6083984375,
                        437.0966796875,
                        0.9245303869247437
                    ],
                    [
                        699.6083984375,
                        440.9345703125,
                        1.0091826915740967
                    ],
                    [
                        676.5810546875,
                        444.7724609375,
                        0.8655415177345276
                    ]
                ]
            ]
        },
        {
            "person_id": [
                2
            ],
            "pose_keypoints_2d": [
                [
                    [
                        0.0,
                        0.0,
                        0.02053990215063095
                    ],
                    [
                        0.0,
                        0.0,
                        0.02973298355937004
                    ],
                    [
                        0.0,
                        0.0,
                        0.02973298355937004
                    ],
                    [
                        0.0,
                        0.0,
                        0.01196254137903452
                    ],
                    [
                        0.0,
                        0.0,
                        0.007421588525176048
                    ],
                    [
                        0.0,
                        0.0,
                        0.02973298355937004
                    ],
                    [
                        0.0,
                        0.0,
                        0.008996602147817612
                    ],
                    [
                        0.0,
                        0.0,
                        0.007513847202062607
                    ],
                    [
                        0.0,
                        0.0,
                        0.037304166704416275
                    ],
                    [
                        0.0,
                        0.0,
                        0.037304166704416275
                    ],
                    [
                        0.0,
                        0.0,
                        0.02520212158560753
                    ],
                    [
                        0.0,
                        0.0,
                        0.033779580146074295
                    ],
                    [
                        0.0,
                        0.0,
                        0.037304166704416275
                    ],
                    [
                        0.0,
                        0.0,
                        0.02520212158560753
                    ],
                    [
                        0.0,
                        0.0,
                        0.033779580146074295
                    ],
                    [
                        0.0,
                        0.0,
                        0.019236018881201744
                    ],
                    [
                        0.0,
                        0.0,
                        0.019236020743846893
                    ],
                    [
                        0.0,
                        0.0,
                        0.015073975548148155
                    ],
                    [
                        0.0,
                        0.0,
                        0.015073975548148155
                    ],
                    [
                        0.0,
                        0.0,
                        0.020099788904190063
                    ],
                    [
                        0.0,
                        0.0,
                        0.0185064859688282
                    ],
                    [
                        0.0,
                        0.0,
                        0.016233710572123528
                    ],
                    [
                        0.0,
                        0.0,
                        0.020099785178899765
                    ],
                    [
                        0.0,
                        0.0,
                        0.0185064859688282
                    ],
                    [
                        0.0,
                        0.0,
                        0.016233710572123528
                    ]
                ]
            ]
        }
    ]
}