{
    "people": [
        {
            "person_id": [
                1
            ],
            "pose_keypoints_2d": [
                [
                    [
                        647.3583984375,
                        131.4169921875,
                        0.6572186350822449
                    ],
                    [
                        622.28515625,
                        171.919921875,
                        0.9201875925064087
                    ],
                    [
                        651.2158203125,
                        173.8486328125,
                        0.9376280903816223
                    ],
                    [
                        658.9306640625,
                        239.4248046875,
                        0.939120888710022
                    ],
                    [
                        678.2177734375,
                        301.1435546875,
                        0.917454719543457
                    ],
                    [
                        593.3544921875,
                        169.9912109375,
                        0.9027470350265503
                    ],
                    [
                        581.7822265625,
                        227.8525390625,
                        0.9457913637161255
                    ],
                    [
                        604.9267578125,
                        258.7119140625,
                        0.8782498836517334
                    ],
                    [
                        618.427734375,
                        289.5712890625,
                        0.8595770597457886
                    ],
                    [
                        639.6435546875,
                        289.5712890625,
                        0.8534803986549377
                    ],
                    [
                        658.9306640625,
                        362.8623046875,
                        0.8837552070617676
                    ],
                    [
                        674.3603515625,
                        440.0107421875,
                        0.9206037521362305
                    ],
                    [
                        597.2119140625,
                        289.5712890625,
                        0.8656736612319946
                    ],
                    [
                        593.3544921875,
                        362.8623046875,
                        0.8923388719558716
                    ],
                    [
                        566.3525390625,
                        443.8681640625,
                        0.8985849618911743
                    ],
                    [
                        647.3583984375,
                        127.5595703125,
                        0.7348583936691284
                    ],
                    [
                        639.6435546875,
                        127.5595703125,
                        0.6388287544250488
                    ],
                    [
                        647.3583984375,
                        131.4169921875,
                        0.9588262438774109
                    ],
                    [
                        616.4990234375,
                        131.4169921875,
                        0.9967637062072754
                    ],
                    [
                        601.0693359375,
                        455.4404296875,
                        0.9319019317626953
                    ],
                    [
                        597.2119140625,
                        451.5830078125,
                        0.8588501214981079
                    ],
                    [
                        558.6376953125,
                        451.5830078125,
                        0.8306607604026794
                    ],
                    [
                        693.6474609375,
                        428.4384765625,
                        0.9053559303283691
                    ],
                    [
                        697.5048828125,
                        436.1533203125,
                        0.9581620693206787
                    ],
                    [
                        670.5029296875,
                        447.7255859375,
                        0.838894248008728
                    ]
                ]
            ]
        },
        {
            "person_id": [
                2
            ],
            "pose_keypoints_2d": [
                [
                    [
                        0.0,
                        0.0,
                        0.02049672231078148
                    ],
                    [
                        0.0,
                        0.0,
                        0.02929602563381195
                    ],
                    [
                        0.0,
                        0.0,
                        0.02929602563381195
                    ],
                    [
                        0.0,
                        0.0,
                        0.011478384956717491
                    ],
                    [
                        0.0,
                        0.0,
                        0.007250115275382996
                    ],
                    [
                        0.0,
                        0.0,
                        0.02929602563381195
                    ],
                    [
                        0.0,
                        0.0,
                        0.008863198570907116
                    ],
                    [
                        0.0,
                        0.0,
                        0.007277069613337517
                    ],
                    [
                        0.0,
                        0.0,
                        0.03640361875295639
                    ],
                    [
                        0.0,
                        0.0,
                        0.03640361875295639
                    ],
                    [
                        0.0,
                        0.0,
                        0.024319320917129517
                    ],
                    [
                        0.0,
                        0.0,
                        0.03295331820845604
                    ],
                    [
                        0.0,
                        0.0,
                        0.03640361875295639
                    ],
                    [
                        0.0,
                        0.0,
                        0.024319320917129517
                    ],
                    [
                        0.0,
                        0.0,
                        0.03295331820845604
                    ],
                    [
                        0.0,
                        0.0,
                        0.019219033420085907
                    ],
                    [
                        0.0,
                        0.0,
                        0.019219033420085907
                    ],
                    [
                        0.0,
                        0.0,
                        0.014575655572116375
                    ],
                    [
                        0.0,
                        0.0,
                        0.014575655572116375
                    ],
                    [
                        0.0,
                        0.0,
                        0.019563157111406326
                    ],
                    [
                        0.0,
                        0.0,
                        0.018666982650756836
                    ],
                    [
                        0.0,
                        0.0,
                        0.015384510159492493
                    ],
                    [
                        0.0,
                        0.0,
                        0.019563157111406326
                    ],
                    [
                        0.0,
                        0.0,
                        0.018666982650756836
                    ],
                    [
                        0.0,
                        0.0,
                        0.015384510159492493
                    ]
                ]
            ]
        }
    ]
}