{
    "people": [
        {
            "person_id": [
                1
            ],
            "pose_keypoints_2d": [
                [
                    [
                        667.5712890625,
                        126.4169921875,
                        0.5520598292350769
                    ],
                    [
                        673.357421875,
                        164.9912109375,
                        0.9288727045059204
                    ],
                    [
                        710.0029296875,
                        164.9912109375,
                        0.9362301230430603
                    ],
                    [
                        729.2900390625,
                        222.8525390625,
                        0.9732964038848877
                    ],
                    [
                        737.0048828125,
                        269.1416015625,
                        0.9075162410736084
                    ],
                    [
                        636.7119140625,
                        164.9912109375,
                        0.9215153455734253
                    ],
                    [
                        613.5673828125,
                        218.9951171875,
                        0.9652017951011658
                    ],
                    [
                        601.9951171875,
                        269.1416015625,
                        0.9043831825256348
                    ],
                    [
                        661.78515625,
                        274.927734375,
                        0.8691321611404419
                    ],
                    [
                        683.0009765625,
                        276.8564453125,
                        0.8808249831199646
                    ],
                    [
                        683.0009765625,
                        354.0048828125,
                        0.863339900970459
                    ],
                    [
                        679.1435546875,
                        438.8681640625,
                        0.9224810600280762
                    ],
                    [
                        640.5693359375,
                        272.9990234375,
                        0.8574393391609192
                    ],
                    [
                        644.4267578125,
                        327.0029296875,
                        0.9183096885681152
                    ],
                    [
                        632.8544921875,
                        404.1513671875,
                        0.9563015103340149
                    ],
                    [
                        679.1435546875,
                        122.5595703125,
                        0.5939415693283081
                    ],
                    [
                        663.7138671875,
                        122.5595703125,
                        0.6454659700393677
                    ],
                    [
                        690.7158203125,
                        122.5595703125,
                        0.9793580770492554
                    ],
                    [
                        655.9990234375,
                        126.4169921875,
                        0.9925636053085327
                    ],
                    [
                        648.2841796875,
                        411.8662109375,
                        0.8809235692024231
                    ],
                    [
                        636.7119140625,
                        411.8662109375,
                        0.8351384401321411
                    ],
                    [
                        628.9970703125,
                        411.8662109375,
                        0.8325591087341309
                    ],
                    [
                        698.4306640625,
                        438.8681640625,
                        0.9021180868148804
                    ],
                    [
                        698.4306640625,
                        442.7255859375,
                        0.9637900590896606
                    ],
                    [
                        671.4287109375,
                        446.5830078125,
                        0.866848349571228
                    ]
                ]
            ]
        },
        {
            "person_id": [
                2
            ],
            "pose_keypoints_2d": [
                [
                    [
                        0.0,
                        0.0,
                        0.02053990215063095
                    ],
                    [
                        0.0,
                        0.0,
                        0.02973298355937004
                    ],
                    [
                        0.0,
                        0.0,
                        0.02973298355937004
                    ],
                    [
                        0.0,
                        0.0,
                        0.01196254137903452
                    ],
                    [
                        0.0,
                        0.0,
                        0.007421588525176048
                    ],
                    [
                        0.0,
                        0.0,
                        0.02973298355937004
                    ],
                    [
                        0.0,
                        0.0,
                        0.008996602147817612
                    ],
                    [
                        0.0,
                        0.0,
                        0.007513847202062607
                    ],
                    [
                        0.0,
                        0.0,
                        0.037304166704416275
                    ],
                    [
                        0.0,
                        0.0,
                        0.037304166704416275
                    ],
                    [
                        0.0,
                        0.0,
                        0.02520212158560753
                    ],
                    [
                        0.0,
                        0.0,
                        0.033779580146074295
                    ],
                    [
                        0.0,
                        0.0,
                        0.037304166704416275
                    ],
                    [
                        0.0,
                        0.0,
                        0.02520212158560753
                    ],
                    [
                        0.0,
                        0.0,
                        0.033779580146074295
                    ],
                    [
                        0.0,
                        0.0,
                        0.019236020743846893
                    ],
                    [
                        0.0,
                        0.0,
                        0.019236018881201744
                    ],
                    [
                        0.0,
                        0.0,
                        0.015073975548148155
                    ],
                    [
                        0.0,
                        0.0,
                        0.015073975548148155
                    ],
                    [
                        0.0,
                        0.0,
                        0.020099785178899765
                    ],
                    [
                        0.0,
                        0.0,
                        0.0185064859688282
                    ],
                    [
                        0.0,
                        0.0,
                        0.016233710572123528
                    ],
                    [
                        0.0,
                        0.0,
                        0.020099785178899765
                    ],
                    [
                        0.0,
                        0.0,
                        0.0185064859688282
                    ],
                    [
                        0.0,
                        0.0,
                        0.016233710572123528
                    ]
                ]
            ]
        }
    ]
}