{
    "people": [
        {
            "person_id": [
                1
            ],
            "pose_keypoints_2d": [
                [
                    [
                        669.390625,
                        131.796875,
                        0.5923404693603516
                    ],
                    [
                        649.859375,
                        170.859375,
                        0.91499263048172
                    ],
                    [
                        681.109375,
                        174.765625,
                        0.9435310363769531
                    ],
                    [
                        688.921875,
                        237.265625,
                        0.9923267364501953
                    ],
                    [
                        712.359375,
                        291.953125,
                        0.8896149396896362
                    ],
                    [
                        618.609375,
                        166.953125,
                        0.8864542245864868
                    ],
                    [
                        599.078125,
                        221.640625,
                        0.9650452733039856
                    ],
                    [
                        602.984375,
                        268.515625,
                        0.9282623529434204
                    ],
                    [
                        644.0,
                        284.140625,
                        0.8667052984237671
                    ],
                    [
                        665.484375,
                        284.140625,
                        0.8541831970214844
                    ],
                    [
                        673.296875,
                        362.265625,
                        0.929119884967804
                    ],
                    [
                        677.203125,
                        440.390625,
                        0.929109513759613
                    ],
                    [
                        622.515625,
                        284.140625,
                        0.8792273998260498
                    ],
                    [
                        622.515625,
                        354.453125,
                        0.9436547756195068
                    ],
                    [
                        583.453125,
                        424.765625,
                        0.918352484703064
                    ],
                    [
                        669.390625,
                        123.984375,
                        0.6878044009208679
                    ],
                    [
                        653.765625,
                        123.984375,
                        0.5950148105621338
                    ],
                    [
                        673.296875,
                        127.890625,
                        0.9751778841018677
                    ],
                    [
                        638.140625,
                        127.890625,
                        0.9888913035392761
                    ],
                    [
                        599.078125,
                        452.109375,
                        0.8636808395385742
                    ],
                    [
                        595.171875,
                        448.203125,
                        0.8360161185264587
                    ],
                    [
                        571.734375,
                        428.671875,
                        0.8373216986656189
                    ],
                    [
                        700.640625,
                        436.484375,
                        0.9073840379714966
                    ],
                    [
                        700.640625,
                        440.390625,
                        1.0023716688156128
                    ],
                    [
                        673.296875,
                        448.203125,
                        0.8981471061706543
                    ]
                ]
            ]
        },
        {
            "person_id": [
                2
            ],
            "pose_keypoints_2d": [
                [
                    [
                        0.0,
                        0.0,
                        0.02049672231078148
                    ],
                    [
                        0.0,
                        0.0,
                        0.02929602563381195
                    ],
                    [
                        0.0,
                        0.0,
                        0.02929602563381195
                    ],
                    [
                        0.0,
                        0.0,
                        0.011478384956717491
                    ],
                    [
                        0.0,
                        0.0,
                        0.007250115275382996
                    ],
                    [
                        0.0,
                        0.0,
                        0.02929602563381195
                    ],
                    [
                        0.0,
                        0.0,
                        0.00886319950222969
                    ],
                    [
                        0.0,
                        0.0,
                        0.007277069613337517
                    ],
                    [
                        0.0,
                        0.0,
                        0.03640361502766609
                    ],
                    [
                        0.0,
                        0.0,
                        0.03640361130237579
                    ],
                    [
                        0.0,
                        0.0,
                        0.024319320917129517
                    ],
                    [
                        0.0,
                        0.0,
                        0.03295331820845604
                    ],
                    [
                        0.0,
                        0.0,
                        0.03640361875295639
                    ],
                    [
                        0.0,
                        0.0,
                        0.024319320917129517
                    ],
                    [
                        0.0,
                        0.0,
                        0.03295331820845604
                    ],
                    [
                        0.0,
                        0.0,
                        0.019219033420085907
                    ],
                    [
                        0.0,
                        0.0,
                        0.019219033420085907
                    ],
                    [
                        0.0,
                        0.0,
                        0.014575655572116375
                    ],
                    [
                        0.0,
                        0.0,
                        0.014575655572116375
                    ],
                    [
                        0.0,
                        0.0,
                        0.019563157111406326
                    ],
                    [
                        0.0,
                        0.0,
                        0.018666982650756836
                    ],
                    [
                        0.0,
                        0.0,
                        0.015384510159492493
                    ],
                    [
                        0.0,
                        0.0,
                        0.019563157111406326
                    ],
                    [
                        0.0,
                        0.0,
                        0.018666982650756836
                    ],
                    [
                        0.0,
                        0.0,
                        0.015384510159492493
                    ]
                ]
            ]
        }
    ]
}