{
    "people": [
        {
            "person_id": [
                1
            ],
            "pose_keypoints_2d": [
                [
                    [
                        646.7412109375,
                        129.60252380371094,
                        0.7543731927871704
                    ],
                    [
                        672.6494140625,
                        159.21189880371094,
                        0.94056236743927
                    ],
                    [
                        705.9599609375,
                        155.51072692871094,
                        0.9396268129348755
                    ],
                    [
                        724.4658203125,
                        203.62596130371094,
                        0.9545522928237915
                    ],
                    [
                        724.4658203125,
                        248.04002380371094,
                        0.9203431606292725
                    ],
                    [
                        639.3388671875,
                        162.91307067871094,
                        0.9414979219436646
                    ],
                    [
                        631.9365234375,
                        214.72947692871094,
                        0.9831932783126831
                    ],
                    [
                        624.5341796875,
                        262.8447265625,
                        0.9422406554222107
                    ],
                    [
                        670.798828125,
                        262.8447265625,
                        0.8511820435523987
                    ],
                    [
                        691.1552734375,
                        262.8447265625,
                        0.872943639755249
                    ],
                    [
                        691.1552734375,
                        333.1669921875,
                        0.9074512720108032
                    ],
                    [
                        694.8564453125,
                        410.8916015625,
                        0.8743948936462402
                    ],
                    [
                        650.4423828125,
                        262.8447265625,
                        0.8294204473495483
                    ],
                    [
                        654.1435546875,
                        325.7646484375,
                        0.9246202707290649
                    ],
                    [
                        661.5458984375,
                        384.9833984375,
                        0.9268816709518433
                    ],
                    [
                        650.4423828125,
                        125.90135192871094,
                        0.6898736953735352
                    ],
                    [
                        646.7412109375,
                        125.90135192871094,
                        0.8380171060562134
                    ],
                    [
                        680.0517578125,
                        122.20018005371094,
                        0.9112793207168579
                    ],
                    [
                        650.4423828125,
                        125.90135192871094,
                        1.0212876796722412
                    ],
                    [
                        661.5458984375,
                        384.9833984375,
                        0.7506023645401001
                    ],
                    [
                        650.4423828125,
                        384.9833984375,
                        0.8607287406921387
                    ],
                    [
                        661.5458984375,
                        396.0869140625,
                        0.8910934329032898
                    ],
                    [
                        698.5576171875,
                        436.7998046875,
                        0.7470797300338745
                    ],
                    [
                        702.2587890625,
                        436.7998046875,
                        0.8926793932914734
                    ],
                    [
                        691.1552734375,
                        418.2939453125,
                        0.8711147308349609
                    ]
                ]
            ]
        },
        {
            "person_id": [
                2
            ],
            "pose_keypoints_2d": [
                [
                    [
                        0.0,
                        0.0,
                        0.02053990215063095
                    ],
                    [
                        0.0,
                        0.0,
                        0.02973298355937004
                    ],
                    [
                        0.0,
                        0.0,
                        0.02973298355937004
                    ],
                    [
                        0.0,
                        0.0,
                        0.01196254137903452
                    ],
                    [
                        0.0,
                        0.0,
                        0.007421588525176048
                    ],
                    [
                        0.0,
                        0.0,
                        0.02973298355937004
                    ],
                    [
                        0.0,
                        0.0,
                        0.008996602147817612
                    ],
                    [
                        0.0,
                        0.0,
                        0.007513847202062607
                    ],
                    [
                        0.0,
                        0.0,
                        0.037304166704416275
                    ],
                    [
                        0.0,
                        0.0,
                        0.037304166704416275
                    ],
                    [
                        0.0,
                        0.0,
                        0.02520212158560753
                    ],
                    [
                        0.0,
                        0.0,
                        0.033779580146074295
                    ],
                    [
                        0.0,
                        0.0,
                        0.037304166704416275
                    ],
                    [
                        0.0,
                        0.0,
                        0.02520212158560753
                    ],
                    [
                        0.0,
                        0.0,
                        0.033779580146074295
                    ],
                    [
                        0.0,
                        0.0,
                        0.019236018881201744
                    ],
                    [
                        0.0,
                        0.0,
                        0.019236020743846893
                    ],
                    [
                        0.0,
                        0.0,
                        0.015073975548148155
                    ],
                    [
                        0.0,
                        0.0,
                        0.015073975548148155
                    ],
                    [
                        0.0,
                        0.0,
                        0.020099788904190063
                    ],
                    [
                        0.0,
                        0.0,
                        0.0185064859688282
                    ],
                    [
                        0.0,
                        0.0,
                        0.016233710572123528
                    ],
                    [
                        0.0,
                        0.0,
                        0.020099788904190063
                    ],
                    [
                        0.0,
                        0.0,
                        0.0185064859688282
                    ],
                    [
                        0.0,
                        0.0,
                        0.016233710572123528
                    ]
                ]
            ]
        }
    ]
}