{
    "people": [
        {
            "person_id": [
                1
            ],
            "pose_keypoints_2d": [
                [
                    [
                        653.87890625,
                        132.70703125,
                        0.7330371141433716
                    ],
                    [
                        678.0,
                        164.25,
                        0.9242480993270874
                    ],
                    [
                        713.25390625,
                        162.39453125,
                        0.9147549867630005
                    ],
                    [
                        731.80859375,
                        210.63671875,
                        0.9488096237182617
                    ],
                    [
                        731.80859375,
                        251.45703125,
                        0.9224178194999695
                    ],
                    [
                        642.74609375,
                        166.10546875,
                        0.9337412118911743
                    ],
                    [
                        631.61328125,
                        221.76953125,
                        0.9980825185775757
                    ],
                    [
                        624.19140625,
                        270.01171875,
                        0.9259398579597473
                    ],
                    [
                        674.2890625,
                        270.01171875,
                        0.8500289916992188
                    ],
                    [
                        694.69921875,
                        270.01171875,
                        0.8774698972702026
                    ],
                    [
                        690.98828125,
                        344.23046875,
                        0.8736692667007446
                    ],
                    [
                        683.56640625,
                        425.87109375,
                        0.8641363382339478
                    ],
                    [
                        653.87890625,
                        270.01171875,
                        0.8225880861282349
                    ],
                    [
                        653.87890625,
                        329.38671875,
                        0.9119501709938049
                    ],
                    [
                        661.30078125,
                        385.05078125,
                        0.9463200569152832
                    ],
                    [
                        653.87890625,
                        128.99609375,
                        0.6758421659469604
                    ],
                    [
                        650.16796875,
                        128.99609375,
                        0.8142212629318237
                    ],
                    [
                        683.56640625,
                        125.28515625,
                        0.9474824070930481
                    ],
                    [
                        653.87890625,
                        128.99609375,
                        1.0179258584976196
                    ],
                    [
                        657.58984375,
                        381.33984375,
                        0.681587815284729
                    ],
                    [
                        653.87890625,
                        385.05078125,
                        0.8415472507476807
                    ],
                    [
                        661.30078125,
                        396.18359375,
                        0.9386943578720093
                    ],
                    [
                        698.41015625,
                        437.00390625,
                        0.8110185861587524
                    ],
                    [
                        698.41015625,
                        440.71484375,
                        0.995069146156311
                    ],
                    [
                        679.85546875,
                        437.00390625,
                        0.817573070526123
                    ]
                ]
            ]
        },
        {
            "person_id": [
                2
            ],
            "pose_keypoints_2d": [
                [
                    [
                        0.0,
                        0.0,
                        0.02053990215063095
                    ],
                    [
                        0.0,
                        0.0,
                        0.02973298355937004
                    ],
                    [
                        0.0,
                        0.0,
                        0.02973298355937004
                    ],
                    [
                        0.0,
                        0.0,
                        0.01196254137903452
                    ],
                    [
                        0.0,
                        0.0,
                        0.007421588525176048
                    ],
                    [
                        0.0,
                        0.0,
                        0.02973298355937004
                    ],
                    [
                        0.0,
                        0.0,
                        0.008996602147817612
                    ],
                    [
                        0.0,
                        0.0,
                        0.007513847202062607
                    ],
                    [
                        0.0,
                        0.0,
                        0.037304166704416275
                    ],
                    [
                        0.0,
                        0.0,
                        0.037304166704416275
                    ],
                    [
                        0.0,
                        0.0,
                        0.02520212158560753
                    ],
                    [
                        0.0,
                        0.0,
                        0.033779580146074295
                    ],
                    [
                        0.0,
                        0.0,
                        0.037304166704416275
                    ],
                    [
                        0.0,
                        0.0,
                        0.02520212158560753
                    ],
                    [
                        0.0,
                        0.0,
                        0.033779580146074295
                    ],
                    [
                        0.0,
                        0.0,
                        0.019236018881201744
                    ],
                    [
                        0.0,
                        0.0,
                        0.019236017018556595
                    ],
                    [
                        0.0,
                        0.0,
                        0.015073975548148155
                    ],
                    [
                        0.0,
                        0.0,
                        0.015073975548148155
                    ],
                    [
                        0.0,
                        0.0,
                        0.020099785178899765
                    ],
                    [
                        0.0,
                        0.0,
                        0.0185064859688282
                    ],
                    [
                        0.0,
                        0.0,
                        0.016233710572123528
                    ],
                    [
                        0.0,
                        0.0,
                        0.020099788904190063
                    ],
                    [
                        0.0,
                        0.0,
                        0.0185064859688282
                    ],
                    [
                        0.0,
                        0.0,
                        0.016233710572123528
                    ]
                ]
            ]
        }
    ]
}