{
    "people": [
        {
            "person_id": [
                1
            ],
            "pose_keypoints_2d": [
                [
                    [
                        662.6015625,
                        127.1328125,
                        0.6415561437606812
                    ],
                    [
                        679.828125,
                        165.4140625,
                        0.9244582056999207
                    ],
                    [
                        716.1953125,
                        165.4140625,
                        0.935165524482727
                    ],
                    [
                        739.1640625,
                        215.1796875,
                        0.9664241075515747
                    ],
                    [
                        742.9921875,
                        261.1171875,
                        0.9194592237472534
                    ],
                    [
                        643.4609375,
                        165.4140625,
                        0.9137508869171143
                    ],
                    [
                        624.3203125,
                        222.8359375,
                        0.9670779705047607
                    ],
                    [
                        609.0078125,
                        268.7734375,
                        0.8907796144485474
                    ],
                    [
                        668.34375,
                        274.515625,
                        0.8680198788642883
                    ],
                    [
                        689.3984375,
                        276.4296875,
                        0.880394697189331
                    ],
                    [
                        685.5703125,
                        352.9921875,
                        0.8741077184677124
                    ],
                    [
                        677.9140625,
                        437.2109375,
                        0.8567079901695251
                    ],
                    [
                        647.2890625,
                        272.6015625,
                        0.8556450605392456
                    ],
                    [
                        647.2890625,
                        330.0234375,
                        0.8952383399009705
                    ],
                    [
                        654.9453125,
                        395.1015625,
                        0.9591387510299683
                    ],
                    [
                        670.2578125,
                        123.3046875,
                        0.6306122541427612
                    ],
                    [
                        662.6015625,
                        123.3046875,
                        0.7242838740348816
                    ],
                    [
                        693.2265625,
                        123.3046875,
                        0.9564049243927002
                    ],
                    [
                        658.7734375,
                        127.1328125,
                        0.9914560317993164
                    ],
                    [
                        658.7734375,
                        395.1015625,
                        0.7062516212463379
                    ],
                    [
                        651.1171875,
                        398.9296875,
                        0.7818922996520996
                    ],
                    [
                        654.9453125,
                        402.7578125,
                        0.914587140083313
                    ],
                    [
                        697.0546875,
                        437.2109375,
                        0.9459582567214966
                    ],
                    [
                        700.8828125,
                        441.0390625,
                        0.9914911985397339
                    ],
                    [
                        674.0859375,
                        444.8671875,
                        0.9018608331680298
                    ]
                ]
            ]
        },
        {
            "person_id": [
                2
            ],
            "pose_keypoints_2d": [
                [
                    [
                        0.0,
                        0.0,
                        0.02053990215063095
                    ],
                    [
                        0.0,
                        0.0,
                        0.02973298355937004
                    ],
                    [
                        0.0,
                        0.0,
                        0.02973298355937004
                    ],
                    [
                        0.0,
                        0.0,
                        0.01196254137903452
                    ],
                    [
                        0.0,
                        0.0,
                        0.007421588525176048
                    ],
                    [
                        0.0,
                        0.0,
                        0.02973298355937004
                    ],
                    [
                        0.0,
                        0.0,
                        0.008996602147817612
                    ],
                    [
                        0.0,
                        0.0,
                        0.007513847202062607
                    ],
                    [
                        0.0,
                        0.0,
                        0.037304166704416275
                    ],
                    [
                        0.0,
                        0.0,
                        0.037304166704416275
                    ],
                    [
                        0.0,
                        0.0,
                        0.02520212158560753
                    ],
                    [
                        0.0,
                        0.0,
                        0.033779580146074295
                    ],
                    [
                        0.0,
                        0.0,
                        0.037304166704416275
                    ],
                    [
                        0.0,
                        0.0,
                        0.02520212158560753
                    ],
                    [
                        0.0,
                        0.0,
                        0.033779580146074295
                    ],
                    [
                        0.0,
                        0.0,
                        0.019236018881201744
                    ],
                    [
                        0.0,
                        0.0,
                        0.019236020743846893
                    ],
                    [
                        0.0,
                        0.0,
                        0.015073975548148155
                    ],
                    [
                        0.0,
                        0.0,
                        0.015073975548148155
                    ],
                    [
                        0.0,
                        0.0,
                        0.020099785178899765
                    ],
                    [
                        0.0,
                        0.0,
                        0.0185064859688282
                    ],
                    [
                        0.0,
                        0.0,
                        0.016233710572123528
                    ],
                    [
                        0.0,
                        0.0,
                        0.020099785178899765
                    ],
                    [
                        0.0,
                        0.0,
                        0.0185064859688282
                    ],
                    [
                        0.0,
                        0.0,
                        0.016233710572123528
                    ]
                ]
            ]
        }
    ]
}