{
    "people": [
        {
            "person_id": [
                1
            ],
            "pose_keypoints_2d": [
                [
                    [
                        653.4423828125,
                        131.60252380371094,
                        0.6920171976089478
                    ],
                    [
                        675.6494140625,
                        163.06248474121094,
                        0.919735312461853
                    ],
                    [
                        708.9599609375,
                        161.21189880371094,
                        0.9118242263793945
                    ],
                    [
                        731.1669921875,
                        209.32713317871094,
                        0.9589575529098511
                    ],
                    [
                        731.1669921875,
                        250.04002380371094,
                        0.9349021911621094
                    ],
                    [
                        642.3388671875,
                        164.91307067871094,
                        0.9276463985443115
                    ],
                    [
                        631.2353515625,
                        220.43064880371094,
                        0.9965236186981201
                    ],
                    [
                        623.8330078125,
                        268.5458984375,
                        0.9366645812988281
                    ],
                    [
                        673.798828125,
                        268.5458984375,
                        0.8504922986030579
                    ],
                    [
                        694.1552734375,
                        268.5458984375,
                        0.8777549266815186
                    ],
                    [
                        690.4541015625,
                        342.5693359375,
                        0.8877055644989014
                    ],
                    [
                        686.7529296875,
                        423.9951171875,
                        0.8745297789573669
                    ],
                    [
                        653.4423828125,
                        268.5458984375,
                        0.8232296705245972
                    ],
                    [
                        653.4423828125,
                        327.7646484375,
                        0.9169089198112488
                    ],
                    [
                        660.8447265625,
                        386.9833984375,
                        0.9396892786026001
                    ],
                    [
                        657.1435546875,
                        127.90135192871094,
                        0.6402150392532349
                    ],
                    [
                        653.4423828125,
                        127.90135192871094,
                        0.7748411297798157
                    ],
                    [
                        683.0517578125,
                        124.20018005371094,
                        0.9660475254058838
                    ],
                    [
                        653.4423828125,
                        127.90135192871094,
                        1.015213131904602
                    ],
                    [
                        660.8447265625,
                        383.2822265625,
                        0.6937034130096436
                    ],
                    [
                        653.4423828125,
                        386.9833984375,
                        0.8327826261520386
                    ],
                    [
                        660.8447265625,
                        394.3857421875,
                        0.9187326431274414
                    ],
                    [
                        697.8564453125,
                        435.0986328125,
                        0.7686017751693726
                    ],
                    [
                        701.5576171875,
                        438.7998046875,
                        0.9442310333251953
                    ],
                    [
                        679.3505859375,
                        431.3974609375,
                        0.8022228479385376
                    ]
                ]
            ]
        },
        {
            "person_id": [
                2
            ],
            "pose_keypoints_2d": [
                [
                    [
                        0.0,
                        0.0,
                        0.02053990215063095
                    ],
                    [
                        0.0,
                        0.0,
                        0.02973298355937004
                    ],
                    [
                        0.0,
                        0.0,
                        0.02973298355937004
                    ],
                    [
                        0.0,
                        0.0,
                        0.01196254137903452
                    ],
                    [
                        0.0,
                        0.0,
                        0.007421588525176048
                    ],
                    [
                        0.0,
                        0.0,
                        0.02973298355937004
                    ],
                    [
                        0.0,
                        0.0,
                        0.008996602147817612
                    ],
                    [
                        0.0,
                        0.0,
                        0.007513847202062607
                    ],
                    [
                        0.0,
                        0.0,
                        0.037304166704416275
                    ],
                    [
                        0.0,
                        0.0,
                        0.037304166704416275
                    ],
                    [
                        0.0,
                        0.0,
                        0.02520212158560753
                    ],
                    [
                        0.0,
                        0.0,
                        0.033779580146074295
                    ],
                    [
                        0.0,
                        0.0,
                        0.037304166704416275
                    ],
                    [
                        0.0,
                        0.0,
                        0.02520212158560753
                    ],
                    [
                        0.0,
                        0.0,
                        0.033779580146074295
                    ],
                    [
                        0.0,
                        0.0,
                        0.019236018881201744
                    ],
                    [
                        0.0,
                        0.0,
                        0.019236018881201744
                    ],
                    [
                        0.0,
                        0.0,
                        0.015073975548148155
                    ],
                    [
                        0.0,
                        0.0,
                        0.015073975548148155
                    ],
                    [
                        0.0,
                        0.0,
                        0.020099785178899765
                    ],
                    [
                        0.0,
                        0.0,
                        0.0185064859688282
                    ],
                    [
                        0.0,
                        0.0,
                        0.016233710572123528
                    ],
                    [
                        0.0,
                        0.0,
                        0.020099788904190063
                    ],
                    [
                        0.0,
                        0.0,
                        0.0185064859688282
                    ],
                    [
                        0.0,
                        0.0,
                        0.016233710572123528
                    ]
                ]
            ]
        }
    ]
}