{
    "people": [
        {
            "person_id": [
                1
            ],
            "pose_keypoints_2d": [
                [
                    [
                        653.8154296875,
                        132.81153869628906,
                        0.7409353256225586
                    ],
                    [
                        678.0,
                        164.43751525878906,
                        0.9269355535507202
                    ],
                    [
                        713.3466796875,
                        162.57716369628906,
                        0.9287276268005371
                    ],
                    [
                        731.9501953125,
                        210.94630432128906,
                        0.9267820119857788
                    ],
                    [
                        731.9501953125,
                        251.87403869628906,
                        0.9109702110290527
                    ],
                    [
                        642.6533203125,
                        166.29786682128906,
                        0.9251434803009033
                    ],
                    [
                        631.4912109375,
                        222.10841369628906,
                        0.9927716255187988
                    ],
                    [
                        624.0498046875,
                        270.4775390625,
                        0.9101309776306152
                    ],
                    [
                        674.279296875,
                        270.4775390625,
                        0.8512822389602661
                    ],
                    [
                        694.7431640625,
                        270.4775390625,
                        0.8771539926528931
                    ],
                    [
                        691.0224609375,
                        344.8916015625,
                        0.868865966796875
                    ],
                    [
                        683.5810546875,
                        430.4677734375,
                        0.8822263479232788
                    ],
                    [
                        653.8154296875,
                        270.4775390625,
                        0.8254104852676392
                    ],
                    [
                        653.8154296875,
                        330.0087890625,
                        0.9285728931427002
                    ],
                    [
                        661.2568359375,
                        385.8193359375,
                        0.9412543773651123
                    ],
                    [
                        657.5361328125,
                        129.09083557128906,
                        0.6812717318534851
                    ],
                    [
                        653.8154296875,
                        129.09083557128906,
                        0.8199501037597656
                    ],
                    [
                        687.3017578125,
                        125.37013244628906,
                        0.9585994482040405
                    ],
                    [
                        653.8154296875,
                        129.09083557128906,
                        1.0146903991699219
                    ],
                    [
                        661.2568359375,
                        385.8193359375,
                        0.6906725764274597
                    ],
                    [
                        653.8154296875,
                        385.8193359375,
                        0.8390252590179443
                    ],
                    [
                        661.2568359375,
                        396.9814453125,
                        0.9305127263069153
                    ],
                    [
                        698.4638671875,
                        434.1884765625,
                        0.8325961828231812
                    ],
                    [
                        698.4638671875,
                        441.6298828125,
                        1.0144962072372437
                    ],
                    [
                        679.8603515625,
                        437.9091796875,
                        0.8650970458984375
                    ]
                ]
            ]
        },
        {
            "person_id": [
                2
            ],
            "pose_keypoints_2d": [
                [
                    [
                        0.0,
                        0.0,
                        0.02053990215063095
                    ],
                    [
                        0.0,
                        0.0,
                        0.02973298355937004
                    ],
                    [
                        0.0,
                        0.0,
                        0.02973298355937004
                    ],
                    [
                        0.0,
                        0.0,
                        0.01196254137903452
                    ],
                    [
                        0.0,
                        0.0,
                        0.007421588525176048
                    ],
                    [
                        0.0,
                        0.0,
                        0.02973298355937004
                    ],
                    [
                        0.0,
                        0.0,
                        0.008996602147817612
                    ],
                    [
                        0.0,
                        0.0,
                        0.007513847202062607
                    ],
                    [
                        0.0,
                        0.0,
                        0.037304166704416275
                    ],
                    [
                        0.0,
                        0.0,
                        0.037304166704416275
                    ],
                    [
                        0.0,
                        0.0,
                        0.02520212158560753
                    ],
                    [
                        0.0,
                        0.0,
                        0.033779580146074295
                    ],
                    [
                        0.0,
                        0.0,
                        0.037304166704416275
                    ],
                    [
                        0.0,
                        0.0,
                        0.02520212158560753
                    ],
                    [
                        0.0,
                        0.0,
                        0.033779580146074295
                    ],
                    [
                        0.0,
                        0.0,
                        0.019236018881201744
                    ],
                    [
                        0.0,
                        0.0,
                        0.019236020743846893
                    ],
                    [
                        0.0,
                        0.0,
                        0.015073975548148155
                    ],
                    [
                        0.0,
                        0.0,
                        0.015073975548148155
                    ],
                    [
                        0.0,
                        0.0,
                        0.020099788904190063
                    ],
                    [
                        0.0,
                        0.0,
                        0.0185064859688282
                    ],
                    [
                        0.0,
                        0.0,
                        0.016233710572123528
                    ],
                    [
                        0.0,
                        0.0,
                        0.020099785178899765
                    ],
                    [
                        0.0,
                        0.0,
                        0.0185064859688282
                    ],
                    [
                        0.0,
                        0.0,
                        0.016233710572123528
                    ]
                ]
            ]
        }
    ]
}