{
    "people": [
        {
            "person_id": [
                1
            ],
            "pose_keypoints_2d": [
                [
                    [
                        664.9052734375,
                        127.2275390625,
                        0.5991898775100708
                    ],
                    [
                        678.337890625,
                        165.6064453125,
                        0.9236583709716797
                    ],
                    [
                        714.7978515625,
                        165.6064453125,
                        0.9270573258399963
                    ],
                    [
                        737.8251953125,
                        219.3369140625,
                        0.9588054418563843
                    ],
                    [
                        741.6630859375,
                        261.5537109375,
                        0.9265288710594177
                    ],
                    [
                        641.8779296875,
                        165.6064453125,
                        0.9202593564987183
                    ],
                    [
                        622.6884765625,
                        219.3369140625,
                        0.9664746522903442
                    ],
                    [
                        607.3369140625,
                        269.2294921875,
                        0.9043633937835693
                    ],
                    [
                        666.82421875,
                        274.986328125,
                        0.8707361817359924
                    ],
                    [
                        687.9326171875,
                        276.9052734375,
                        0.8821074962615967
                    ],
                    [
                        684.0947265625,
                        349.8251953125,
                        0.8767327070236206
                    ],
                    [
                        680.2568359375,
                        438.0966796875,
                        0.8587538003921509
                    ],
                    [
                        645.7158203125,
                        273.0673828125,
                        0.8593648672103882
                    ],
                    [
                        645.7158203125,
                        330.6357421875,
                        0.893349289894104
                    ],
                    [
                        649.5537109375,
                        399.7177734375,
                        0.9173494577407837
                    ],
                    [
                        668.7431640625,
                        119.5517578125,
                        0.5783387422561646
                    ],
                    [
                        664.9052734375,
                        123.3896484375,
                        0.6835441589355469
                    ],
                    [
                        691.7705078125,
                        123.3896484375,
                        0.9309214949607849
                    ],
                    [
                        661.0673828125,
                        127.2275390625,
                        0.9903414845466614
                    ],
                    [
                        657.2294921875,
                        399.7177734375,
                        0.7904911041259766
                    ],
                    [
                        649.5537109375,
                        399.7177734375,
                        0.8272867202758789
                    ],
                    [
                        649.5537109375,
                        407.3935546875,
                        0.883134663105011
                    ],
                    [
                        699.4462890625,
                        438.0966796875,
                        0.9334036111831665
                    ],
                    [
                        699.4462890625,
                        441.9345703125,
                        0.9953862428665161
                    ],
                    [
                        672.5810546875,
                        445.7724609375,
                        0.9038434028625488
                    ]
                ]
            ]
        },
        {
            "person_id": [
                2
            ],
            "pose_keypoints_2d": [
                [
                    [
                        0.0,
                        0.0,
                        0.02053990215063095
                    ],
                    [
                        0.0,
                        0.0,
                        0.02973298355937004
                    ],
                    [
                        0.0,
                        0.0,
                        0.02973298355937004
                    ],
                    [
                        0.0,
                        0.0,
                        0.01196254137903452
                    ],
                    [
                        0.0,
                        0.0,
                        0.007421588525176048
                    ],
                    [
                        0.0,
                        0.0,
                        0.02973298355937004
                    ],
                    [
                        0.0,
                        0.0,
                        0.008996602147817612
                    ],
                    [
                        0.0,
                        0.0,
                        0.007513847202062607
                    ],
                    [
                        0.0,
                        0.0,
                        0.037304166704416275
                    ],
                    [
                        0.0,
                        0.0,
                        0.037304166704416275
                    ],
                    [
                        0.0,
                        0.0,
                        0.02520212158560753
                    ],
                    [
                        0.0,
                        0.0,
                        0.033779580146074295
                    ],
                    [
                        0.0,
                        0.0,
                        0.037304166704416275
                    ],
                    [
                        0.0,
                        0.0,
                        0.02520212158560753
                    ],
                    [
                        0.0,
                        0.0,
                        0.033779580146074295
                    ],
                    [
                        0.0,
                        0.0,
                        0.019236018881201744
                    ],
                    [
                        0.0,
                        0.0,
                        0.019236018881201744
                    ],
                    [
                        0.0,
                        0.0,
                        0.015073975548148155
                    ],
                    [
                        0.0,
                        0.0,
                        0.015073975548148155
                    ],
                    [
                        0.0,
                        0.0,
                        0.020099788904190063
                    ],
                    [
                        0.0,
                        0.0,
                        0.0185064859688282
                    ],
                    [
                        0.0,
                        0.0,
                        0.016233710572123528
                    ],
                    [
                        0.0,
                        0.0,
                        0.020099788904190063
                    ],
                    [
                        0.0,
                        0.0,
                        0.0185064859688282
                    ],
                    [
                        0.0,
                        0.0,
                        0.016233710572123528
                    ]
                ]
            ]
        }
    ]
}