{
    "people": [
        {
            "person_id": [
                1
            ],
            "pose_keypoints_2d": [
                [
                    [
                        653.6884765625,
                        133.0205078125,
                        0.726605236530304
                    ],
                    [
                        678.0,
                        164.8125,
                        0.9305389523506165
                    ],
                    [
                        713.5322265625,
                        162.9423828125,
                        0.9389009475708008
                    ],
                    [
                        732.2333984375,
                        211.5654296875,
                        0.9168727397918701
                    ],
                    [
                        735.9736328125,
                        252.7080078125,
                        0.9170100688934326
                    ],
                    [
                        642.4677734375,
                        166.6826171875,
                        0.9221769571304321
                    ],
                    [
                        631.2470703125,
                        222.7861328125,
                        0.9916874170303345
                    ],
                    [
                        623.7666015625,
                        271.4091796875,
                        0.9093440771102905
                    ],
                    [
                        674.259765625,
                        271.4091796875,
                        0.8531015515327454
                    ],
                    [
                        694.8310546875,
                        271.4091796875,
                        0.879243016242981
                    ],
                    [
                        691.0908203125,
                        346.2138671875,
                        0.8493168354034424
                    ],
                    [
                        683.6103515625,
                        432.2392578125,
                        0.8778916001319885
                    ],
                    [
                        653.6884765625,
                        271.4091796875,
                        0.8269600868225098
                    ],
                    [
                        657.4287109375,
                        331.2529296875,
                        0.9275176525115967
                    ],
                    [
                        661.1689453125,
                        387.3564453125,
                        0.9299454689025879
                    ],
                    [
                        657.4287109375,
                        129.2802734375,
                        0.6593968868255615
                    ],
                    [
                        653.6884765625,
                        129.2802734375,
                        0.8100275993347168
                    ],
                    [
                        687.3505859375,
                        125.5400390625,
                        0.9509252309799194
                    ],
                    [
                        657.4287109375,
                        129.2802734375,
                        1.016073226928711
                    ],
                    [
                        661.1689453125,
                        383.6162109375,
                        0.692295491695404
                    ],
                    [
                        653.6884765625,
                        387.3564453125,
                        0.8385659456253052
                    ],
                    [
                        661.1689453125,
                        394.8369140625,
                        0.9247055053710938
                    ],
                    [
                        698.5712890625,
                        435.9794921875,
                        0.905051052570343
                    ],
                    [
                        698.5712890625,
                        439.7197265625,
                        1.0288524627685547
                    ],
                    [
                        679.8701171875,
                        439.7197265625,
                        0.888947606086731
                    ]
                ]
            ]
        },
        {
            "person_id": [
                2
            ],
            "pose_keypoints_2d": [
                [
                    [
                        0.0,
                        0.0,
                        0.02053990215063095
                    ],
                    [
                        0.0,
                        0.0,
                        0.02973298355937004
                    ],
                    [
                        0.0,
                        0.0,
                        0.02973298355937004
                    ],
                    [
                        0.0,
                        0.0,
                        0.01196254137903452
                    ],
                    [
                        0.0,
                        0.0,
                        0.007421588525176048
                    ],
                    [
                        0.0,
                        0.0,
                        0.02973298355937004
                    ],
                    [
                        0.0,
                        0.0,
                        0.008996602147817612
                    ],
                    [
                        0.0,
                        0.0,
                        0.007513847202062607
                    ],
                    [
                        0.0,
                        0.0,
                        0.037304166704416275
                    ],
                    [
                        0.0,
                        0.0,
                        0.037304166704416275
                    ],
                    [
                        0.0,
                        0.0,
                        0.02520212158560753
                    ],
                    [
                        0.0,
                        0.0,
                        0.033779580146074295
                    ],
                    [
                        0.0,
                        0.0,
                        0.037304166704416275
                    ],
                    [
                        0.0,
                        0.0,
                        0.02520212158560753
                    ],
                    [
                        0.0,
                        0.0,
                        0.033779580146074295
                    ],
                    [
                        0.0,
                        0.0,
                        0.019236020743846893
                    ],
                    [
                        0.0,
                        0.0,
                        0.019236020743846893
                    ],
                    [
                        0.0,
                        0.0,
                        0.015073975548148155
                    ],
                    [
                        0.0,
                        0.0,
                        0.015073975548148155
                    ],
                    [
                        0.0,
                        0.0,
                        0.020099785178899765
                    ],
                    [
                        0.0,
                        0.0,
                        0.0185064859688282
                    ],
                    [
                        0.0,
                        0.0,
                        0.016233710572123528
                    ],
                    [
                        0.0,
                        0.0,
                        0.020099785178899765
                    ],
                    [
                        0.0,
                        0.0,
                        0.0185064859688282
                    ],
                    [
                        0.0,
                        0.0,
                        0.016233710572123528
                    ]
                ]
            ]
        }
    ]
}