{
    "people": [
        {
            "person_id": [
                1
            ],
            "pose_keypoints_2d": [
                [
                    [
                        482.505859375,
                        127.998046875,
                        0.9289143085479736
                    ],
                    [
                        507.701171875,
                        144.375,
                        0.816296398639679
                    ],
                    [
                        507.701171875,
                        143.115234375,
                        0.7404088377952576
                    ],
                    [
                        507.701171875,
                        183.427734375,
                        0.6024293899536133
                    ],
                    [
                        497.623046875,
                        216.181640625,
                        0.6798040866851807
                    ],
                    [
                        507.701171875,
                        145.634765625,
                        0.8921839594841003
                    ],
                    [
                        510.220703125,
                        185.947265625,
                        0.793997049331665
                    ],
                    [
                        500.142578125,
                        221.220703125,
                        0.8737583160400391
                    ],
                    [
                        506.44140625,
                        214.921875,
                        0.7897492051124573
                    ],
                    [
                        505.181640625,
                        213.662109375,
                        0.7501453161239624
                    ],
                    [
                        492.583984375,
                        256.494140625,
                        0.7649950981140137
                    ],
                    [
                        495.103515625,
                        304.365234375,
                        0.8572940826416016
                    ],
                    [
                        507.701171875,
                        216.181640625,
                        0.8293530941009521
                    ],
                    [
                        502.662109375,
                        264.052734375,
                        0.7341372966766357
                    ],
                    [
                        548.013671875,
                        306.884765625,
                        0.7798997163772583
                    ],
                    [
                        479.986328125,
                        122.958984375,
                        0.9376747608184814
                    ],
                    [
                        485.025390625,
                        122.958984375,
                        0.9535344243049622
                    ],
                    [
                        492.583984375,
                        120.439453125,
                        0.6463214159011841
                    ],
                    [
                        497.623046875,
                        120.439453125,
                        0.9343894124031067
                    ],
                    [
                        537.935546875,
                        324.521484375,
                        0.8261852264404297
                    ],
                    [
                        542.974609375,
                        324.521484375,
                        0.8048921227455139
                    ],
                    [
                        553.052734375,
                        309.404296875,
                        0.7605152130126953
                    ],
                    [
                        472.427734375,
                        309.404296875,
                        0.8145098090171814
                    ],
                    [
                        477.466796875,
                        306.884765625,
                        0.8123425245285034
                    ],
                    [
                        500.142578125,
                        309.404296875,
                        0.7344495058059692
                    ]
                ]
            ]
        },
        {
            "person_id": [
                2
            ],
            "pose_keypoints_2d": [
                [
                    [
                        0.0,
                        0.0,
                        0.02053990215063095
                    ],
                    [
                        0.0,
                        0.0,
                        0.02973298355937004
                    ],
                    [
                        0.0,
                        0.0,
                        0.02973298355937004
                    ],
                    [
                        0.0,
                        0.0,
                        0.01196254137903452
                    ],
                    [
                        0.0,
                        0.0,
                        0.007421588525176048
                    ],
                    [
                        0.0,
                        0.0,
                        0.02973298355937004
                    ],
                    [
                        0.0,
                        0.0,
                        0.008996602147817612
                    ],
                    [
                        0.0,
                        0.0,
                        0.007513847202062607
                    ],
                    [
                        0.0,
                        0.0,
                        0.037304166704416275
                    ],
                    [
                        0.0,
                        0.0,
                        0.037304166704416275
                    ],
                    [
                        0.0,
                        0.0,
                        0.02520212158560753
                    ],
                    [
                        0.0,
                        0.0,
                        0.033779580146074295
                    ],
                    [
                        0.0,
                        0.0,
                        0.037304166704416275
                    ],
                    [
                        0.0,
                        0.0,
                        0.02520212158560753
                    ],
                    [
                        0.0,
                        0.0,
                        0.033779580146074295
                    ],
                    [
                        0.0,
                        0.0,
                        0.019236020743846893
                    ],
                    [
                        0.0,
                        0.0,
                        0.019236017018556595
                    ],
                    [
                        0.0,
                        0.0,
                        0.015073975548148155
                    ],
                    [
                        0.0,
                        0.0,
                        0.015073975548148155
                    ],
                    [
                        0.0,
                        0.0,
                        0.020099785178899765
                    ],
                    [
                        0.0,
                        0.0,
                        0.0185064859688282
                    ],
                    [
                        0.0,
                        0.0,
                        0.016233710572123528
                    ],
                    [
                        0.0,
                        0.0,
                        0.020099781453609467
                    ],
                    [
                        0.0,
                        0.0,
                        0.0185064859688282
                    ],
                    [
                        0.0,
                        0.0,
                        0.016233710572123528
                    ]
                ]
            ]
        }
    ]
}