{
    "people": [
        {
            "person_id": [
                1
            ],
            "pose_keypoints_2d": [
                [
                    [
                        616.93359375,
                        128.01951599121094,
                        0.9046252369880676
                    ],
                    [
                        645.41015625,
                        153.33201599121094,
                        0.9456579685211182
                    ],
                    [
                        670.72265625,
                        150.16795349121094,
                        0.9695924520492554
                    ],
                    [
                        686.54296875,
                        194.46482849121094,
                        0.992545485496521
                    ],
                    [
                        689.70703125,
                        235.59764099121094,
                        0.9517689943313599
                    ],
                    [
                        620.09765625,
                        156.49607849121094,
                        0.921723484992981
                    ],
                    [
                        604.27734375,
                        197.62889099121094,
                        0.9859693050384521
                    ],
                    [
                        591.62109375,
                        235.59764099121094,
                        0.9256045818328857
                    ],
                    [
                        640.6640625,
                        235.59764099121094,
                        0.8602086305618286
                    ],
                    [
                        654.90234375,
                        235.59764099121094,
                        0.8711384534835815
                    ],
                    [
                        642.24609375,
                        289.38671875,
                        0.884071409702301
                    ],
                    [
                        635.91796875,
                        343.17578125,
                        0.8961014747619629
                    ],
                    [
                        626.42578125,
                        235.59764099121094,
                        0.8492788076400757
                    ],
                    [
                        632.75390625,
                        302.04296875,
                        0.8749687671661377
                    ],
                    [
                        658.06640625,
                        368.48828125,
                        0.8916038274765015
                    ],
                    [
                        616.93359375,
                        124.85545349121094,
                        0.8148735761642456
                    ],
                    [
                        616.93359375,
                        124.85545349121094,
                        0.9232357740402222
                    ],
                    [
                        642.24609375,
                        121.69139099121094,
                        0.8760441541671753
                    ],
                    [
                        623.26171875,
                        121.69139099121094,
                        0.9917073249816895
                    ],
                    [
                        654.90234375,
                        381.14453125,
                        0.796220600605011
                    ],
                    [
                        651.73828125,
                        384.30859375,
                        0.859251856803894
                    ],
                    [
                        661.23046875,
                        374.81640625,
                        0.8517574071884155
                    ],
                    [
                        620.09765625,
                        340.01171875,
                        0.8761348724365234
                    ],
                    [
                        626.42578125,
                        340.01171875,
                        0.8688657283782959
                    ],
                    [
                        639.08203125,
                        352.66796875,
                        0.8224291801452637
                    ]
                ]
            ]
        },
        {
            "person_id": [
                2
            ],
            "pose_keypoints_2d": [
                [
                    [
                        0.0,
                        0.0,
                        0.02053990215063095
                    ],
                    [
                        0.0,
                        0.0,
                        0.02973298355937004
                    ],
                    [
                        0.0,
                        0.0,
                        0.02973298355937004
                    ],
                    [
                        0.0,
                        0.0,
                        0.01196254137903452
                    ],
                    [
                        0.0,
                        0.0,
                        0.007421588525176048
                    ],
                    [
                        0.0,
                        0.0,
                        0.02973298355937004
                    ],
                    [
                        0.0,
                        0.0,
                        0.008996602147817612
                    ],
                    [
                        0.0,
                        0.0,
                        0.007513847202062607
                    ],
                    [
                        0.0,
                        0.0,
                        0.037304166704416275
                    ],
                    [
                        0.0,
                        0.0,
                        0.037304166704416275
                    ],
                    [
                        0.0,
                        0.0,
                        0.02520212158560753
                    ],
                    [
                        0.0,
                        0.0,
                        0.033779580146074295
                    ],
                    [
                        0.0,
                        0.0,
                        0.037304166704416275
                    ],
                    [
                        0.0,
                        0.0,
                        0.02520212158560753
                    ],
                    [
                        0.0,
                        0.0,
                        0.033779580146074295
                    ],
                    [
                        0.0,
                        0.0,
                        0.019236018881201744
                    ],
                    [
                        0.0,
                        0.0,
                        0.019236020743846893
                    ],
                    [
                        0.0,
                        0.0,
                        0.015073975548148155
                    ],
                    [
                        0.0,
                        0.0,
                        0.015073975548148155
                    ],
                    [
                        0.0,
                        0.0,
                        0.020099788904190063
                    ],
                    [
                        0.0,
                        0.0,
                        0.0185064859688282
                    ],
                    [
                        0.0,
                        0.0,
                        0.016233710572123528
                    ],
                    [
                        0.0,
                        0.0,
                        0.020099785178899765
                    ],
                    [
                        0.0,
                        0.0,
                        0.0185064859688282
                    ],
                    [
                        0.0,
                        0.0,
                        0.016233710572123528
                    ]
                ]
            ]
        }
    ]
}