{
    "people": [
        {
            "person_id": [
                1
            ],
            "pose_keypoints_2d": [
                [
                    [
                        470.73828125,
                        125.25390625,
                        0.9291895031929016
                    ],
                    [
                        494.1171875,
                        143.7109375,
                        0.844490110874176
                    ],
                    [
                        490.42578125,
                        142.48046875,
                        0.7828654050827026
                    ],
                    [
                        495.34765625,
                        181.85546875,
                        0.6619002819061279
                    ],
                    [
                        497.80859375,
                        218.76953125,
                        0.5902121663093567
                    ],
                    [
                        497.80859375,
                        144.94140625,
                        0.9061148166656494
                    ],
                    [
                        505.19140625,
                        184.31640625,
                        0.8676514625549316
                    ],
                    [
                        502.73046875,
                        221.23046875,
                        0.8428435921669006
                    ],
                    [
                        491.65625,
                        213.84765625,
                        0.8321767449378967
                    ],
                    [
                        490.42578125,
                        213.84765625,
                        0.794339656829834
                    ],
                    [
                        487.96484375,
                        263.06640625,
                        0.829494297504425
                    ],
                    [
                        495.34765625,
                        304.90234375,
                        0.879509687423706
                    ],
                    [
                        492.88671875,
                        213.84765625,
                        0.8700138330459595
                    ],
                    [
                        480.58203125,
                        263.06640625,
                        0.8709715604782104
                    ],
                    [
                        524.87890625,
                        299.98046875,
                        0.8853526711463928
                    ],
                    [
                        468.27734375,
                        120.33203125,
                        0.9404010772705078
                    ],
                    [
                        473.19921875,
                        120.33203125,
                        0.9486545324325562
                    ],
                    [
                        478.12109375,
                        120.33203125,
                        0.6249628067016602
                    ],
                    [
                        487.96484375,
                        117.87109375,
                        0.9386354684829712
                    ],
                    [
                        515.03515625,
                        319.66796875,
                        0.8402721881866455
                    ],
                    [
                        519.95703125,
                        317.20703125,
                        0.8215157985687256
                    ],
                    [
                        532.26171875,
                        299.98046875,
                        0.8460144996643066
                    ],
                    [
                        473.19921875,
                        309.82421875,
                        0.8469420671463013
                    ],
                    [
                        478.12109375,
                        307.36328125,
                        0.8875306248664856
                    ],
                    [
                        500.26953125,
                        309.82421875,
                        0.8875399827957153
                    ]
                ]
            ]
        },
        {
            "person_id": [
                2
            ],
            "pose_keypoints_2d": [
                [
                    [
                        0.0,
                        0.0,
                        0.02053990215063095
                    ],
                    [
                        0.0,
                        0.0,
                        0.02973298355937004
                    ],
                    [
                        0.0,
                        0.0,
                        0.02973298355937004
                    ],
                    [
                        0.0,
                        0.0,
                        0.01196254137903452
                    ],
                    [
                        0.0,
                        0.0,
                        0.007421588525176048
                    ],
                    [
                        0.0,
                        0.0,
                        0.02973298355937004
                    ],
                    [
                        0.0,
                        0.0,
                        0.008996602147817612
                    ],
                    [
                        0.0,
                        0.0,
                        0.007513847202062607
                    ],
                    [
                        0.0,
                        0.0,
                        0.037304166704416275
                    ],
                    [
                        0.0,
                        0.0,
                        0.037304166704416275
                    ],
                    [
                        0.0,
                        0.0,
                        0.02520212158560753
                    ],
                    [
                        0.0,
                        0.0,
                        0.033779580146074295
                    ],
                    [
                        0.0,
                        0.0,
                        0.037304166704416275
                    ],
                    [
                        0.0,
                        0.0,
                        0.02520212158560753
                    ],
                    [
                        0.0,
                        0.0,
                        0.033779580146074295
                    ],
                    [
                        0.0,
                        0.0,
                        0.019236018881201744
                    ],
                    [
                        0.0,
                        0.0,
                        0.019236020743846893
                    ],
                    [
                        0.0,
                        0.0,
                        0.015073975548148155
                    ],
                    [
                        0.0,
                        0.0,
                        0.015073975548148155
                    ],
                    [
                        0.0,
                        0.0,
                        0.020099785178899765
                    ],
                    [
                        0.0,
                        0.0,
                        0.0185064859688282
                    ],
                    [
                        0.0,
                        0.0,
                        0.016233710572123528
                    ],
                    [
                        0.0,
                        0.0,
                        0.020099788904190063
                    ],
                    [
                        0.0,
                        0.0,
                        0.0185064859688282
                    ],
                    [
                        0.0,
                        0.0,
                        0.016233710572123528
                    ]
                ]
            ]
        }
    ]
}