{
    "people": [
        {
            "person_id": [
                1
            ],
            "pose_keypoints_2d": [
                [
                    [
                        605.431640625,
                        122.505859375,
                        0.9142734408378601
                    ],
                    [
                        631.974609375,
                        147.57421875,
                        0.915305495262146
                    ],
                    [
                        652.619140625,
                        146.099609375,
                        0.9343370199203491
                    ],
                    [
                        670.314453125,
                        187.388671875,
                        0.9896177053451538
                    ],
                    [
                        667.365234375,
                        225.728515625,
                        0.9145357608795166
                    ],
                    [
                        611.330078125,
                        149.048828125,
                        0.8962739109992981
                    ],
                    [
                        602.482421875,
                        193.287109375,
                        0.9452222585678101
                    ],
                    [
                        596.583984375,
                        237.525390625,
                        0.8898154497146606
                    ],
                    [
                        627.55078125,
                        233.1015625,
                        0.8821072578430176
                    ],
                    [
                        640.822265625,
                        231.626953125,
                        0.8915320038795471
                    ],
                    [
                        637.873046875,
                        287.662109375,
                        0.9317178130149841
                    ],
                    [
                        634.923828125,
                        340.748046875,
                        0.8200287222862244
                    ],
                    [
                        614.279296875,
                        234.576171875,
                        0.8726824522018433
                    ],
                    [
                        599.533203125,
                        287.662109375,
                        0.9428566098213196
                    ],
                    [
                        634.923828125,
                        340.748046875,
                        0.881300687789917
                    ],
                    [
                        605.431640625,
                        119.556640625,
                        0.8394373655319214
                    ],
                    [
                        605.431640625,
                        119.556640625,
                        0.9470226764678955
                    ],
                    [
                        629.025390625,
                        116.607421875,
                        0.7788019180297852
                    ],
                    [
                        614.279296875,
                        116.607421875,
                        0.9993609189987183
                    ],
                    [
                        626.076171875,
                        349.595703125,
                        0.6332523226737976
                    ],
                    [
                        626.076171875,
                        352.544921875,
                        0.7130759954452515
                    ],
                    [
                        637.873046875,
                        346.646484375,
                        0.8454272747039795
                    ],
                    [
                        620.177734375,
                        343.697265625,
                        0.7078308463096619
                    ],
                    [
                        626.076171875,
                        346.646484375,
                        0.7399005889892578
                    ],
                    [
                        637.873046875,
                        349.595703125,
                        0.7525907158851624
                    ]
                ]
            ]
        },
        {
            "person_id": [
                2
            ],
            "pose_keypoints_2d": [
                [
                    [
                        0.0,
                        0.0,
                        0.02053990215063095
                    ],
                    [
                        0.0,
                        0.0,
                        0.02973298355937004
                    ],
                    [
                        0.0,
                        0.0,
                        0.02973298355937004
                    ],
                    [
                        0.0,
                        0.0,
                        0.01196254137903452
                    ],
                    [
                        0.0,
                        0.0,
                        0.007421588525176048
                    ],
                    [
                        0.0,
                        0.0,
                        0.02973298355937004
                    ],
                    [
                        0.0,
                        0.0,
                        0.008996602147817612
                    ],
                    [
                        0.0,
                        0.0,
                        0.007513847202062607
                    ],
                    [
                        0.0,
                        0.0,
                        0.037304166704416275
                    ],
                    [
                        0.0,
                        0.0,
                        0.037304166704416275
                    ],
                    [
                        0.0,
                        0.0,
                        0.02520212158560753
                    ],
                    [
                        0.0,
                        0.0,
                        0.033779580146074295
                    ],
                    [
                        0.0,
                        0.0,
                        0.037304166704416275
                    ],
                    [
                        0.0,
                        0.0,
                        0.02520212158560753
                    ],
                    [
                        0.0,
                        0.0,
                        0.033779580146074295
                    ],
                    [
                        0.0,
                        0.0,
                        0.019236020743846893
                    ],
                    [
                        0.0,
                        0.0,
                        0.019236020743846893
                    ],
                    [
                        0.0,
                        0.0,
                        0.015073975548148155
                    ],
                    [
                        0.0,
                        0.0,
                        0.015073975548148155
                    ],
                    [
                        0.0,
                        0.0,
                        0.020099785178899765
                    ],
                    [
                        0.0,
                        0.0,
                        0.0185064859688282
                    ],
                    [
                        0.0,
                        0.0,
                        0.016233710572123528
                    ],
                    [
                        0.0,
                        0.0,
                        0.020099788904190063
                    ],
                    [
                        0.0,
                        0.0,
                        0.0185064859688282
                    ],
                    [
                        0.0,
                        0.0,
                        0.016233710572123528
                    ]
                ]
            ]
        }
    ]
}