{
    "people": [
        {
            "person_id": [
                1
            ],
            "pose_keypoints_2d": [
                [
                    [
                        547.0859375,
                        125.7265625,
                        0.9840027689933777
                    ],
                    [
                        577.1640625,
                        143.5,
                        0.9279354214668274
                    ],
                    [
                        590.8359375,
                        139.3984375,
                        0.9321767091751099
                    ],
                    [
                        601.7734375,
                        174.9453125,
                        0.9638264775276184
                    ],
                    [
                        588.1015625,
                        202.2890625,
                        0.8086279630661011
                    ],
                    [
                        563.4921875,
                        147.6015625,
                        0.9236941337585449
                    ],
                    [
                        563.4921875,
                        191.3515625,
                        0.9645299911499023
                    ],
                    [
                        558.0234375,
                        229.6328125,
                        0.8434566855430603
                    ],
                    [
                        577.1640625,
                        217.328125,
                        0.8319003582000732
                    ],
                    [
                        588.1015625,
                        215.9609375,
                        0.8676573634147644
                    ],
                    [
                        588.1015625,
                        270.6484375,
                        0.9280579090118408
                    ],
                    [
                        623.6484375,
                        319.8671875,
                        0.8996186852455139
                    ],
                    [
                        566.2265625,
                        218.6953125,
                        0.7961432933807373
                    ],
                    [
                        560.7578125,
                        273.3828125,
                        0.8604747653007507
                    ],
                    [
                        558.0234375,
                        322.6015625,
                        0.910858154296875
                    ],
                    [
                        547.0859375,
                        122.9921875,
                        0.967399001121521
                    ],
                    [
                        547.0859375,
                        120.2578125,
                        0.965394139289856
                    ],
                    [
                        563.4921875,
                        117.5234375,
                        0.7222946882247925
                    ],
                    [
                        560.7578125,
                        120.2578125,
                        0.9315446615219116
                    ],
                    [
                        541.6171875,
                        319.8671875,
                        0.9177967309951782
                    ],
                    [
                        541.6171875,
                        325.3359375,
                        0.9398301243782043
                    ],
                    [
                        563.4921875,
                        328.0703125,
                        0.8883652687072754
                    ],
                    [
                        618.1796875,
                        341.7421875,
                        0.9236960411071777
                    ],
                    [
                        620.9140625,
                        339.0078125,
                        0.8395487666130066
                    ],
                    [
                        626.3828125,
                        322.6015625,
                        0.8336203098297119
                    ]
                ]
            ]
        },
        {
            "person_id": [
                2
            ],
            "pose_keypoints_2d": [
                [
                    [
                        0.0,
                        0.0,
                        0.02053990215063095
                    ],
                    [
                        0.0,
                        0.0,
                        0.02973298355937004
                    ],
                    [
                        0.0,
                        0.0,
                        0.02973298355937004
                    ],
                    [
                        0.0,
                        0.0,
                        0.01196254137903452
                    ],
                    [
                        0.0,
                        0.0,
                        0.007421588525176048
                    ],
                    [
                        0.0,
                        0.0,
                        0.02973298355937004
                    ],
                    [
                        0.0,
                        0.0,
                        0.008996602147817612
                    ],
                    [
                        0.0,
                        0.0,
                        0.007513847202062607
                    ],
                    [
                        0.0,
                        0.0,
                        0.037304166704416275
                    ],
                    [
                        0.0,
                        0.0,
                        0.037304166704416275
                    ],
                    [
                        0.0,
                        0.0,
                        0.02520212158560753
                    ],
                    [
                        0.0,
                        0.0,
                        0.033779580146074295
                    ],
                    [
                        0.0,
                        0.0,
                        0.037304166704416275
                    ],
                    [
                        0.0,
                        0.0,
                        0.02520212158560753
                    ],
                    [
                        0.0,
                        0.0,
                        0.033779580146074295
                    ],
                    [
                        0.0,
                        0.0,
                        0.019236020743846893
                    ],
                    [
                        0.0,
                        0.0,
                        0.019236020743846893
                    ],
                    [
                        0.0,
                        0.0,
                        0.015073975548148155
                    ],
                    [
                        0.0,
                        0.0,
                        0.015073975548148155
                    ],
                    [
                        0.0,
                        0.0,
                        0.020099785178899765
                    ],
                    [
                        0.0,
                        0.0,
                        0.0185064859688282
                    ],
                    [
                        0.0,
                        0.0,
                        0.016233710572123528
                    ],
                    [
                        0.0,
                        0.0,
                        0.020099788904190063
                    ],
                    [
                        0.0,
                        0.0,
                        0.0185064859688282
                    ],
                    [
                        0.0,
                        0.0,
                        0.016233710572123528
                    ]
                ]
            ]
        }
    ]
}