{
    "people": [
        {
            "person_id": [
                1
            ],
            "pose_keypoints_2d": [
                [
                    [
                        633.3544921875,
                        128.29197692871094,
                        0.8840525150299072
                    ],
                    [
                        661.66015625,
                        154.93260192871094,
                        0.9306939244270325
                    ],
                    [
                        689.9658203125,
                        151.60252380371094,
                        0.948083758354187
                    ],
                    [
                        713.2763671875,
                        194.89353942871094,
                        0.9871699810028076
                    ],
                    [
                        709.9462890625,
                        241.51463317871094,
                        0.9157249927520752
                    ],
                    [
                        633.3544921875,
                        158.26268005371094,
                        0.9133040904998779
                    ],
                    [
                        616.7041015625,
                        198.22361755371094,
                        0.9834673404693604
                    ],
                    [
                        600.0537109375,
                        234.85447692871094,
                        0.9290375709533691
                    ],
                    [
                        661.66015625,
                        243.17967224121094,
                        0.8660960793495178
                    ],
                    [
                        679.9755859375,
                        241.51463317871094,
                        0.8648155927658081
                    ],
                    [
                        666.6552734375,
                        294.7958984375,
                        0.8899359107017517
                    ],
                    [
                        673.3154296875,
                        361.3974609375,
                        0.9264829158782959
                    ],
                    [
                        643.3447265625,
                        244.84471130371094,
                        0.8673765659332275
                    ],
                    [
                        646.6748046875,
                        311.4462890625,
                        0.8888781070709229
                    ],
                    [
                        659.9951171875,
                        384.7080078125,
                        0.8855753540992737
                    ],
                    [
                        633.3544921875,
                        124.96189880371094,
                        0.7806287407875061
                    ],
                    [
                        633.3544921875,
                        124.96189880371094,
                        0.9256336688995361
                    ],
                    [
                        659.9951171875,
                        118.30174255371094,
                        0.9118955135345459
                    ],
                    [
                        636.6845703125,
                        121.63182067871094,
                        1.0021053552627563
                    ],
                    [
                        653.3349609375,
                        384.7080078125,
                        0.8697559833526611
                    ],
                    [
                        650.0048828125,
                        388.0380859375,
                        0.8797510862350464
                    ],
                    [
                        666.6552734375,
                        391.3681640625,
                        0.9077140092849731
                    ],
                    [
                        666.6552734375,
                        364.7275390625,
                        0.7285470366477966
                    ],
                    [
                        673.3154296875,
                        368.0576171875,
                        0.8131248950958252
                    ],
                    [
                        676.6455078125,
                        371.3876953125,
                        0.9037708044052124
                    ]
                ]
            ]
        },
        {
            "person_id": [
                2
            ],
            "pose_keypoints_2d": [
                [
                    [
                        0.0,
                        0.0,
                        0.02053990215063095
                    ],
                    [
                        0.0,
                        0.0,
                        0.02973298355937004
                    ],
                    [
                        0.0,
                        0.0,
                        0.02973298355937004
                    ],
                    [
                        0.0,
                        0.0,
                        0.01196254137903452
                    ],
                    [
                        0.0,
                        0.0,
                        0.007421588525176048
                    ],
                    [
                        0.0,
                        0.0,
                        0.02973298355937004
                    ],
                    [
                        0.0,
                        0.0,
                        0.008996602147817612
                    ],
                    [
                        0.0,
                        0.0,
                        0.007513847202062607
                    ],
                    [
                        0.0,
                        0.0,
                        0.037304166704416275
                    ],
                    [
                        0.0,
                        0.0,
                        0.037304166704416275
                    ],
                    [
                        0.0,
                        0.0,
                        0.02520212158560753
                    ],
                    [
                        0.0,
                        0.0,
                        0.033779580146074295
                    ],
                    [
                        0.0,
                        0.0,
                        0.037304166704416275
                    ],
                    [
                        0.0,
                        0.0,
                        0.02520212158560753
                    ],
                    [
                        0.0,
                        0.0,
                        0.033779580146074295
                    ],
                    [
                        0.0,
                        0.0,
                        0.019236020743846893
                    ],
                    [
                        0.0,
                        0.0,
                        0.019236020743846893
                    ],
                    [
                        0.0,
                        0.0,
                        0.015073975548148155
                    ],
                    [
                        0.0,
                        0.0,
                        0.015073975548148155
                    ],
                    [
                        0.0,
                        0.0,
                        0.020099788904190063
                    ],
                    [
                        0.0,
                        0.0,
                        0.0185064859688282
                    ],
                    [
                        0.0,
                        0.0,
                        0.016233710572123528
                    ],
                    [
                        0.0,
                        0.0,
                        0.020099788904190063
                    ],
                    [
                        0.0,
                        0.0,
                        0.0185064859688282
                    ],
                    [
                        0.0,
                        0.0,
                        0.016233710572123528
                    ]
                ]
            ]
        }
    ]
}