{
    "people": [
        {
            "person_id": [
                1
            ],
            "pose_keypoints_2d": [
                [
                    [
                        611.708984375,
                        124.228515625,
                        0.9178248643875122
                    ],
                    [
                        639.658203125,
                        150.625,
                        0.9282630681991577
                    ],
                    [
                        664.501953125,
                        149.072265625,
                        0.9323697090148926
                    ],
                    [
                        680.029296875,
                        189.443359375,
                        0.968769907951355
                    ],
                    [
                        680.029296875,
                        229.814453125,
                        0.942401647567749
                    ],
                    [
                        614.814453125,
                        152.177734375,
                        0.9241564273834229
                    ],
                    [
                        605.498046875,
                        195.654296875,
                        0.9859732389450073
                    ],
                    [
                        593.076171875,
                        236.025390625,
                        0.9007896184921265
                    ],
                    [
                        635.0,
                        234.47265625,
                        0.8548177480697632
                    ],
                    [
                        648.974609375,
                        232.919921875,
                        0.8574509620666504
                    ],
                    [
                        639.658203125,
                        288.818359375,
                        0.91685551404953
                    ],
                    [
                        633.447265625,
                        341.611328125,
                        0.9310611486434937
                    ],
                    [
                        621.025390625,
                        236.025390625,
                        0.8521845936775208
                    ],
                    [
                        617.919921875,
                        298.134765625,
                        0.9016401767730713
                    ],
                    [
                        648.974609375,
                        354.033203125,
                        0.8737040758132935
                    ],
                    [
                        611.708984375,
                        121.123046875,
                        0.8309741020202637
                    ],
                    [
                        611.708984375,
                        121.123046875,
                        0.9402691721916199
                    ],
                    [
                        639.658203125,
                        118.017578125,
                        0.8179261684417725
                    ],
                    [
                        617.919921875,
                        121.123046875,
                        0.9975069761276245
                    ],
                    [
                        655.185546875,
                        378.876953125,
                        0.9283082485198975
                    ],
                    [
                        652.080078125,
                        378.876953125,
                        0.9509700536727905
                    ],
                    [
                        652.080078125,
                        357.138671875,
                        0.7926900386810303
                    ],
                    [
                        617.919921875,
                        341.611328125,
                        0.9492102861404419
                    ],
                    [
                        621.025390625,
                        341.611328125,
                        0.9607723355293274
                    ],
                    [
                        636.552734375,
                        350.927734375,
                        0.8192311525344849
                    ]
                ]
            ]
        },
        {
            "person_id": [
                2
            ],
            "pose_keypoints_2d": [
                [
                    [
                        0.0,
                        0.0,
                        0.02053990215063095
                    ],
                    [
                        0.0,
                        0.0,
                        0.02973298355937004
                    ],
                    [
                        0.0,
                        0.0,
                        0.02973298355937004
                    ],
                    [
                        0.0,
                        0.0,
                        0.01196254137903452
                    ],
                    [
                        0.0,
                        0.0,
                        0.007421588525176048
                    ],
                    [
                        0.0,
                        0.0,
                        0.02973298355937004
                    ],
                    [
                        0.0,
                        0.0,
                        0.008996602147817612
                    ],
                    [
                        0.0,
                        0.0,
                        0.007513847202062607
                    ],
                    [
                        0.0,
                        0.0,
                        0.037304166704416275
                    ],
                    [
                        0.0,
                        0.0,
                        0.037304166704416275
                    ],
                    [
                        0.0,
                        0.0,
                        0.02520212158560753
                    ],
                    [
                        0.0,
                        0.0,
                        0.033779580146074295
                    ],
                    [
                        0.0,
                        0.0,
                        0.037304166704416275
                    ],
                    [
                        0.0,
                        0.0,
                        0.02520212158560753
                    ],
                    [
                        0.0,
                        0.0,
                        0.033779580146074295
                    ],
                    [
                        0.0,
                        0.0,
                        0.019236020743846893
                    ],
                    [
                        0.0,
                        0.0,
                        0.019236018881201744
                    ],
                    [
                        0.0,
                        0.0,
                        0.015073975548148155
                    ],
                    [
                        0.0,
                        0.0,
                        0.015073975548148155
                    ],
                    [
                        0.0,
                        0.0,
                        0.020099785178899765
                    ],
                    [
                        0.0,
                        0.0,
                        0.0185064859688282
                    ],
                    [
                        0.0,
                        0.0,
                        0.016233710572123528
                    ],
                    [
                        0.0,
                        0.0,
                        0.020099785178899765
                    ],
                    [
                        0.0,
                        0.0,
                        0.0185064859688282
                    ],
                    [
                        0.0,
                        0.0,
                        0.016233710572123528
                    ]
                ]
            ]
        }
    ]
}