{
    "people": [
        {
            "person_id": [
                1
            ],
            "pose_keypoints_2d": [
                [
                    [
                        469.0869140625,
                        124.3779296875,
                        0.9403882026672363
                    ],
                    [
                        492.55859375,
                        141.6728515625,
                        0.8570020198822021
                    ],
                    [
                        488.8525390625,
                        141.6728515625,
                        0.7891882658004761
                    ],
                    [
                        493.7939453125,
                        181.2041015625,
                        0.6627843379974365
                    ],
                    [
                        493.7939453125,
                        215.7939453125,
                        0.5596225261688232
                    ],
                    [
                        496.2646484375,
                        141.6728515625,
                        0.9248157143592834
                    ],
                    [
                        506.1474609375,
                        183.6748046875,
                        0.8676483631134033
                    ],
                    [
                        503.6767578125,
                        220.7353515625,
                        0.8921614289283752
                    ],
                    [
                        490.087890625,
                        212.087890625,
                        0.8434339761734009
                    ],
                    [
                        488.8525390625,
                        210.8525390625,
                        0.8055441379547119
                    ],
                    [
                        488.8525390625,
                        260.2666015625,
                        0.9029529094696045
                    ],
                    [
                        493.7939453125,
                        304.7392578125,
                        0.8841104507446289
                    ],
                    [
                        491.3232421875,
                        213.3232421875,
                        0.8813238143920898
                    ],
                    [
                        476.4990234375,
                        262.7373046875,
                        0.8745639324188232
                    ],
                    [
                        520.9716796875,
                        299.7978515625,
                        0.8844443559646606
                    ],
                    [
                        466.6162109375,
                        121.9072265625,
                        0.9531548619270325
                    ],
                    [
                        471.5576171875,
                        119.4365234375,
                        0.9590917825698853
                    ],
                    [
                        474.0283203125,
                        119.4365234375,
                        0.6664004325866699
                    ],
                    [
                        483.9111328125,
                        119.4365234375,
                        0.9160705804824829
                    ],
                    [
                        508.6181640625,
                        317.0927734375,
                        0.8711930513381958
                    ],
                    [
                        513.5595703125,
                        317.0927734375,
                        0.861589789390564
                    ],
                    [
                        528.3837890625,
                        299.7978515625,
                        0.846238374710083
                    ],
                    [
                        474.0283203125,
                        309.6806640625,
                        0.8589826822280884
                    ],
                    [
                        476.4990234375,
                        307.2099609375,
                        0.8918139934539795
                    ],
                    [
                        498.7353515625,
                        309.6806640625,
                        0.9306194186210632
                    ]
                ]
            ]
        },
        {
            "person_id": [
                2
            ],
            "pose_keypoints_2d": [
                [
                    [
                        0.0,
                        0.0,
                        0.02053990215063095
                    ],
                    [
                        0.0,
                        0.0,
                        0.02973298355937004
                    ],
                    [
                        0.0,
                        0.0,
                        0.02973298355937004
                    ],
                    [
                        0.0,
                        0.0,
                        0.01196254137903452
                    ],
                    [
                        0.0,
                        0.0,
                        0.007421588525176048
                    ],
                    [
                        0.0,
                        0.0,
                        0.02973298355937004
                    ],
                    [
                        0.0,
                        0.0,
                        0.008996602147817612
                    ],
                    [
                        0.0,
                        0.0,
                        0.007513847202062607
                    ],
                    [
                        0.0,
                        0.0,
                        0.037304166704416275
                    ],
                    [
                        0.0,
                        0.0,
                        0.037304166704416275
                    ],
                    [
                        0.0,
                        0.0,
                        0.02520212158560753
                    ],
                    [
                        0.0,
                        0.0,
                        0.033779580146074295
                    ],
                    [
                        0.0,
                        0.0,
                        0.037304166704416275
                    ],
                    [
                        0.0,
                        0.0,
                        0.02520212158560753
                    ],
                    [
                        0.0,
                        0.0,
                        0.033779580146074295
                    ],
                    [
                        0.0,
                        0.0,
                        0.019236018881201744
                    ],
                    [
                        0.0,
                        0.0,
                        0.019236017018556595
                    ],
                    [
                        0.0,
                        0.0,
                        0.015073975548148155
                    ],
                    [
                        0.0,
                        0.0,
                        0.015073975548148155
                    ],
                    [
                        0.0,
                        0.0,
                        0.020099788904190063
                    ],
                    [
                        0.0,
                        0.0,
                        0.0185064859688282
                    ],
                    [
                        0.0,
                        0.0,
                        0.016233710572123528
                    ],
                    [
                        0.0,
                        0.0,
                        0.020099785178899765
                    ],
                    [
                        0.0,
                        0.0,
                        0.0185064859688282
                    ],
                    [
                        0.0,
                        0.0,
                        0.016233710572123528
                    ]
                ]
            ]
        }
    ]
}