{
    "people": [
        {
            "person_id": [
                1
            ],
            "pose_keypoints_2d": [
                [
                    [
                        634.3544921875,
                        128.29197692871094,
                        0.8596699833869934
                    ],
                    [
                        662.66015625,
                        154.93260192871094,
                        0.9285022020339966
                    ],
                    [
                        690.9658203125,
                        151.60252380371094,
                        0.9437955617904663
                    ],
                    [
                        714.2763671875,
                        198.22361755371094,
                        0.9868241548538208
                    ],
                    [
                        710.9462890625,
                        241.51463317871094,
                        0.9203261733055115
                    ],
                    [
                        634.3544921875,
                        158.26268005371094,
                        0.9132088422775269
                    ],
                    [
                        614.3740234375,
                        201.55369567871094,
                        0.9801851511001587
                    ],
                    [
                        604.3837890625,
                        238.18455505371094,
                        0.9329782724380493
                    ],
                    [
                        662.66015625,
                        243.17967224121094,
                        0.8655710220336914
                    ],
                    [
                        680.9755859375,
                        241.51463317871094,
                        0.8616479635238647
                    ],
                    [
                        670.9853515625,
                        294.7958984375,
                        0.9159850478172302
                    ],
                    [
                        677.6455078125,
                        364.7275390625,
                        0.951249361038208
                    ],
                    [
                        644.3447265625,
                        244.84471130371094,
                        0.8694940805435181
                    ],
                    [
                        647.6748046875,
                        311.4462890625,
                        0.8915989995002747
                    ],
                    [
                        660.9951171875,
                        384.7080078125,
                        0.887612521648407
                    ],
                    [
                        631.0244140625,
                        121.63182067871094,
                        0.7614381313323975
                    ],
                    [
                        634.3544921875,
                        121.63182067871094,
                        0.9076268672943115
                    ],
                    [
                        660.9951171875,
                        118.30174255371094,
                        0.9108225107192993
                    ],
                    [
                        637.6845703125,
                        121.63182067871094,
                        1.015232801437378
                    ],
                    [
                        654.3349609375,
                        384.7080078125,
                        0.8577842712402344
                    ],
                    [
                        651.0048828125,
                        388.0380859375,
                        0.8664153814315796
                    ],
                    [
                        664.3251953125,
                        391.3681640625,
                        0.8833982944488525
                    ],
                    [
                        667.6552734375,
                        368.0576171875,
                        0.7857891321182251
                    ],
                    [
                        677.6455078125,
                        368.0576171875,
                        0.8297089338302612
                    ],
                    [
                        677.6455078125,
                        371.3876953125,
                        0.8976083397865295
                    ]
                ]
            ]
        },
        {
            "person_id": [
                2
            ],
            "pose_keypoints_2d": [
                [
                    [
                        0.0,
                        0.0,
                        0.02053990215063095
                    ],
                    [
                        0.0,
                        0.0,
                        0.02973298355937004
                    ],
                    [
                        0.0,
                        0.0,
                        0.02973298355937004
                    ],
                    [
                        0.0,
                        0.0,
                        0.01196254137903452
                    ],
                    [
                        0.0,
                        0.0,
                        0.007421588525176048
                    ],
                    [
                        0.0,
                        0.0,
                        0.02973298355937004
                    ],
                    [
                        0.0,
                        0.0,
                        0.008996602147817612
                    ],
                    [
                        0.0,
                        0.0,
                        0.007513847202062607
                    ],
                    [
                        0.0,
                        0.0,
                        0.037304166704416275
                    ],
                    [
                        0.0,
                        0.0,
                        0.037304166704416275
                    ],
                    [
                        0.0,
                        0.0,
                        0.02520212158560753
                    ],
                    [
                        0.0,
                        0.0,
                        0.033779580146074295
                    ],
                    [
                        0.0,
                        0.0,
                        0.037304166704416275
                    ],
                    [
                        0.0,
                        0.0,
                        0.02520212158560753
                    ],
                    [
                        0.0,
                        0.0,
                        0.033779580146074295
                    ],
                    [
                        0.0,
                        0.0,
                        0.019236020743846893
                    ],
                    [
                        0.0,
                        0.0,
                        0.019236020743846893
                    ],
                    [
                        0.0,
                        0.0,
                        0.015073975548148155
                    ],
                    [
                        0.0,
                        0.0,
                        0.015073975548148155
                    ],
                    [
                        0.0,
                        0.0,
                        0.020099785178899765
                    ],
                    [
                        0.0,
                        0.0,
                        0.0185064859688282
                    ],
                    [
                        0.0,
                        0.0,
                        0.016233710572123528
                    ],
                    [
                        0.0,
                        0.0,
                        0.020099785178899765
                    ],
                    [
                        0.0,
                        0.0,
                        0.0185064859688282
                    ],
                    [
                        0.0,
                        0.0,
                        0.016233710572123528
                    ]
                ]
            ]
        }
    ]
}