{
    "people": [
        {
            "person_id": [
                1
            ],
            "pose_keypoints_2d": [
                [
                    [
                        523.87109375,
                        124.23828125,
                        0.9806966781616211
                    ],
                    [
                        551.3515625,
                        141.25,
                        0.9035055637359619
                    ],
                    [
                        563.12890625,
                        137.32421875,
                        0.9267247915267944
                    ],
                    [
                        573.59765625,
                        173.96484375,
                        0.9752252101898193
                    ],
                    [
                        563.12890625,
                        202.75390625,
                        0.8696171045303345
                    ],
                    [
                        539.57421875,
                        145.17578125,
                        0.8802863359451294
                    ],
                    [
                        539.57421875,
                        187.05078125,
                        0.9499750137329102
                    ],
                    [
                        516.01953125,
                        213.22265625,
                        0.9106137752532959
                    ],
                    [
                        552.66015625,
                        211.9140625,
                        0.8234142065048218
                    ],
                    [
                        560.51171875,
                        210.60546875,
                        0.8180046081542969
                    ],
                    [
                        534.33984375,
                        252.48046875,
                        0.8809775114059448
                    ],
                    [
                        560.51171875,
                        307.44140625,
                        0.8638546466827393
                    ],
                    [
                        544.80859375,
                        213.22265625,
                        0.8288238048553467
                    ],
                    [
                        550.04296875,
                        265.56640625,
                        0.8374980688095093
                    ],
                    [
                        557.89453125,
                        320.52734375,
                        0.8450878858566284
                    ],
                    [
                        521.25390625,
                        119.00390625,
                        0.9470213651657104
                    ],
                    [
                        523.87109375,
                        119.00390625,
                        0.9711196422576904
                    ],
                    [
                        539.57421875,
                        116.38671875,
                        0.6724454164505005
                    ],
                    [
                        536.95703125,
                        116.38671875,
                        0.9139254093170166
                    ],
                    [
                        539.57421875,
                        320.52734375,
                        0.8793238997459412
                    ],
                    [
                        542.19140625,
                        325.76171875,
                        0.9224616885185242
                    ],
                    [
                        563.12890625,
                        325.76171875,
                        0.8406410813331604
                    ],
                    [
                        542.19140625,
                        317.91015625,
                        0.7864656448364258
                    ],
                    [
                        544.80859375,
                        315.29296875,
                        0.7314471006393433
                    ],
                    [
                        565.74609375,
                        312.67578125,
                        0.7480664253234863
                    ]
                ]
            ]
        },
        {
            "person_id": [
                2
            ],
            "pose_keypoints_2d": [
                [
                    [
                        0.0,
                        0.0,
                        0.020545179024338722
                    ],
                    [
                        0.0,
                        0.0,
                        0.02961822971701622
                    ],
                    [
                        0.0,
                        0.0,
                        0.02961822971701622
                    ],
                    [
                        0.0,
                        0.0,
                        0.011905848048627377
                    ],
                    [
                        0.0,
                        0.0,
                        0.007338991388678551
                    ],
                    [
                        0.0,
                        0.0,
                        0.02961822971701622
                    ],
                    [
                        0.0,
                        0.0,
                        0.00895625725388527
                    ],
                    [
                        0.0,
                        0.0,
                        0.007475945632904768
                    ],
                    [
                        0.0,
                        0.0,
                        0.037155795842409134
                    ],
                    [
                        0.0,
                        0.0,
                        0.037155795842409134
                    ],
                    [
                        0.0,
                        0.0,
                        0.02508368343114853
                    ],
                    [
                        0.0,
                        0.0,
                        0.033558908849954605
                    ],
                    [
                        0.0,
                        0.0,
                        0.037155795842409134
                    ],
                    [
                        0.0,
                        0.0,
                        0.02508368343114853
                    ],
                    [
                        0.0,
                        0.0,
                        0.033558908849954605
                    ],
                    [
                        0.0,
                        0.0,
                        0.019243167713284492
                    ],
                    [
                        0.0,
                        0.0,
                        0.019243167713284492
                    ],
                    [
                        0.0,
                        0.0,
                        0.015040154568850994
                    ],
                    [
                        0.0,
                        0.0,
                        0.015040154568850994
                    ],
                    [
                        0.0,
                        0.0,
                        0.01983771286904812
                    ],
                    [
                        0.0,
                        0.0,
                        0.018537156283855438
                    ],
                    [
                        0.0,
                        0.0,
                        0.015998275950551033
                    ],
                    [
                        0.0,
                        0.0,
                        0.019837716594338417
                    ],
                    [
                        0.0,
                        0.0,
                        0.018537156283855438
                    ],
                    [
                        0.0,
                        0.0,
                        0.015998275950551033
                    ]
                ]
            ]
        }
    ]
}