{
    "people": [
        {
            "person_id": [
                1
            ],
            "pose_keypoints_2d": [
                [
                    [
                        611.001953125,
                        123.81053161621094,
                        0.9208248853683472
                    ],
                    [
                        638.599609375,
                        149.87498474121094,
                        0.9198797941207886
                    ],
                    [
                        663.130859375,
                        148.34178161621094,
                        0.9232954382896423
                    ],
                    [
                        678.462890625,
                        191.27146911621094,
                        0.9721954464912415
                    ],
                    [
                        678.462890625,
                        228.06834411621094,
                        0.9483821988105774
                    ],
                    [
                        614.068359375,
                        151.40818786621094,
                        0.9164642095565796
                    ],
                    [
                        604.869140625,
                        194.33787536621094,
                        0.9776976704597473
                    ],
                    [
                        595.669921875,
                        237.26756286621094,
                        0.9001287817955017
                    ],
                    [
                        634.0,
                        234.20115661621094,
                        0.8577569723129272
                    ],
                    [
                        647.798828125,
                        234.20115661621094,
                        0.8778117299079895
                    ],
                    [
                        638.599609375,
                        289.396484375,
                        0.9235919117927551
                    ],
                    [
                        635.533203125,
                        344.591796875,
                        0.9051933288574219
                    ],
                    [
                        620.201171875,
                        234.20115661621094,
                        0.8377022743225098
                    ],
                    [
                        614.068359375,
                        298.595703125,
                        0.9340859055519104
                    ],
                    [
                        644.732421875,
                        353.791015625,
                        0.8891000151634216
                    ],
                    [
                        611.001953125,
                        120.74412536621094,
                        0.835605263710022
                    ],
                    [
                        611.001953125,
                        120.74412536621094,
                        0.9435336589813232
                    ],
                    [
                        635.533203125,
                        117.67771911621094,
                        0.7959253191947937
                    ],
                    [
                        617.134765625,
                        120.74412536621094,
                        1.0004805326461792
                    ],
                    [
                        653.931640625,
                        375.255859375,
                        0.9008729457855225
                    ],
                    [
                        650.865234375,
                        375.255859375,
                        0.8962982296943665
                    ],
                    [
                        650.865234375,
                        356.857421875,
                        0.8212199807167053
                    ],
                    [
                        617.134765625,
                        344.591796875,
                        0.9011616706848145
                    ],
                    [
                        623.267578125,
                        344.591796875,
                        0.9309132695198059
                    ],
                    [
                        638.599609375,
                        350.724609375,
                        0.8020340204238892
                    ]
                ]
            ]
        },
        {
            "person_id": [
                2
            ],
            "pose_keypoints_2d": [
                [
                    [
                        0.0,
                        0.0,
                        0.02053990215063095
                    ],
                    [
                        0.0,
                        0.0,
                        0.02973298355937004
                    ],
                    [
                        0.0,
                        0.0,
                        0.02973298355937004
                    ],
                    [
                        0.0,
                        0.0,
                        0.01196254137903452
                    ],
                    [
                        0.0,
                        0.0,
                        0.007421588525176048
                    ],
                    [
                        0.0,
                        0.0,
                        0.02973298355937004
                    ],
                    [
                        0.0,
                        0.0,
                        0.008996602147817612
                    ],
                    [
                        0.0,
                        0.0,
                        0.007513847202062607
                    ],
                    [
                        0.0,
                        0.0,
                        0.037304166704416275
                    ],
                    [
                        0.0,
                        0.0,
                        0.037304166704416275
                    ],
                    [
                        0.0,
                        0.0,
                        0.02520212158560753
                    ],
                    [
                        0.0,
                        0.0,
                        0.033779580146074295
                    ],
                    [
                        0.0,
                        0.0,
                        0.037304166704416275
                    ],
                    [
                        0.0,
                        0.0,
                        0.02520212158560753
                    ],
                    [
                        0.0,
                        0.0,
                        0.033779580146074295
                    ],
                    [
                        0.0,
                        0.0,
                        0.019236018881201744
                    ],
                    [
                        0.0,
                        0.0,
                        0.019236020743846893
                    ],
                    [
                        0.0,
                        0.0,
                        0.015073975548148155
                    ],
                    [
                        0.0,
                        0.0,
                        0.015073975548148155
                    ],
                    [
                        0.0,
                        0.0,
                        0.020099785178899765
                    ],
                    [
                        0.0,
                        0.0,
                        0.0185064859688282
                    ],
                    [
                        0.0,
                        0.0,
                        0.016233710572123528
                    ],
                    [
                        0.0,
                        0.0,
                        0.020099785178899765
                    ],
                    [
                        0.0,
                        0.0,
                        0.0185064859688282
                    ],
                    [
                        0.0,
                        0.0,
                        0.016233710572123528
                    ]
                ]
            ]
        }
    ]
}