{
    "people": [
        {
            "person_id": [
                1
            ],
            "pose_keypoints_2d": [
                [
                    [
                        627.5068359375,
                        130.2763671875,
                        0.902026891708374
                    ],
                    [
                        655.314453125,
                        156.4482421875,
                        0.9256494045257568
                    ],
                    [
                        683.1220703125,
                        153.1767578125,
                        0.9343605041503906
                    ],
                    [
                        702.7509765625,
                        195.7060546875,
                        0.9583079814910889
                    ],
                    [
                        702.7509765625,
                        238.2353515625,
                        0.9317407608032227
                    ],
                    [
                        627.5068359375,
                        159.7197265625,
                        0.916938304901123
                    ],
                    [
                        607.8779296875,
                        198.9775390625,
                        0.9569721817970276
                    ],
                    [
                        591.5205078125,
                        231.6923828125,
                        0.9160057902336121
                    ],
                    [
                        653.6787109375,
                        241.5068359375,
                        0.8557449579238892
                    ],
                    [
                        670.0361328125,
                        241.5068359375,
                        0.8600385785102844
                    ],
                    [
                        653.6787109375,
                        297.1220703125,
                        0.8485777378082275
                    ],
                    [
                        643.8642578125,
                        342.9228515625,
                        0.8931500911712646
                    ],
                    [
                        637.3212890625,
                        241.5068359375,
                        0.8514513373374939
                    ],
                    [
                        647.1357421875,
                        306.9365234375,
                        0.789588451385498
                    ],
                    [
                        660.2216796875,
                        382.1806640625,
                        0.8906972408294678
                    ],
                    [
                        624.2353515625,
                        127.0048828125,
                        0.812375545501709
                    ],
                    [
                        627.5068359375,
                        127.0048828125,
                        0.9234069585800171
                    ],
                    [
                        653.6787109375,
                        123.7333984375,
                        0.8877769708633423
                    ],
                    [
                        634.0498046875,
                        123.7333984375,
                        0.9855119585990906
                    ],
                    [
                        653.6787109375,
                        382.1806640625,
                        0.7604075074195862
                    ],
                    [
                        653.6787109375,
                        388.7236328125,
                        0.8552507162094116
                    ],
                    [
                        663.4931640625,
                        391.9951171875,
                        0.9155018329620361
                    ],
                    [
                        630.7783203125,
                        329.8369140625,
                        0.824898898601532
                    ],
                    [
                        637.3212890625,
                        333.1083984375,
                        0.8196351528167725
                    ],
                    [
                        643.8642578125,
                        352.7373046875,
                        0.8284501433372498
                    ]
                ]
            ]
        },
        {
            "person_id": [
                2
            ],
            "pose_keypoints_2d": [
                [
                    [
                        0.0,
                        0.0,
                        0.02053990215063095
                    ],
                    [
                        0.0,
                        0.0,
                        0.02973298355937004
                    ],
                    [
                        0.0,
                        0.0,
                        0.02973298355937004
                    ],
                    [
                        0.0,
                        0.0,
                        0.01196254137903452
                    ],
                    [
                        0.0,
                        0.0,
                        0.007421588525176048
                    ],
                    [
                        0.0,
                        0.0,
                        0.02973298355937004
                    ],
                    [
                        0.0,
                        0.0,
                        0.008996602147817612
                    ],
                    [
                        0.0,
                        0.0,
                        0.007513847202062607
                    ],
                    [
                        0.0,
                        0.0,
                        0.037304166704416275
                    ],
                    [
                        0.0,
                        0.0,
                        0.037304166704416275
                    ],
                    [
                        0.0,
                        0.0,
                        0.02520212158560753
                    ],
                    [
                        0.0,
                        0.0,
                        0.033779580146074295
                    ],
                    [
                        0.0,
                        0.0,
                        0.037304166704416275
                    ],
                    [
                        0.0,
                        0.0,
                        0.02520212158560753
                    ],
                    [
                        0.0,
                        0.0,
                        0.033779580146074295
                    ],
                    [
                        0.0,
                        0.0,
                        0.019236020743846893
                    ],
                    [
                        0.0,
                        0.0,
                        0.019236018881201744
                    ],
                    [
                        0.0,
                        0.0,
                        0.015073975548148155
                    ],
                    [
                        0.0,
                        0.0,
                        0.015073975548148155
                    ],
                    [
                        0.0,
                        0.0,
                        0.020099785178899765
                    ],
                    [
                        0.0,
                        0.0,
                        0.0185064859688282
                    ],
                    [
                        0.0,
                        0.0,
                        0.016233710572123528
                    ],
                    [
                        0.0,
                        0.0,
                        0.020099788904190063
                    ],
                    [
                        0.0,
                        0.0,
                        0.0185064859688282
                    ],
                    [
                        0.0,
                        0.0,
                        0.016233710572123528
                    ]
                ]
            ]
        }
    ]
}