{
    "people": [
        {
            "person_id": [
                1
            ],
            "pose_keypoints_2d": [
                [
                    [
                        582.6552734375,
                        128.84275817871094,
                        0.9658622741699219
                    ],
                    [
                        612.2890625,
                        145.77635192871094,
                        0.9225692749023438
                    ],
                    [
                        627.8115234375,
                        142.95408630371094,
                        0.9465242624282837
                    ],
                    [
                        639.1005859375,
                        182.46580505371094,
                        0.9627012014389038
                    ],
                    [
                        630.6337890625,
                        213.51072692871094,
                        0.8889985084533691
                    ],
                    [
                        596.7666015625,
                        148.59861755371094,
                        0.8986142873764038
                    ],
                    [
                        596.7666015625,
                        193.75486755371094,
                        0.939926266670227
                    ],
                    [
                        593.9443359375,
                        236.08885192871094,
                        0.8317543268203735
                    ],
                    [
                        612.2890625,
                        227.62205505371094,
                        0.8457856178283691
                    ],
                    [
                        624.9892578125,
                        227.62205505371094,
                        0.8484774827957153
                    ],
                    [
                        627.8115234375,
                        284.0673828125,
                        0.8989264965057373
                    ],
                    [
                        633.4560546875,
                        343.3349609375,
                        0.919093132019043
                    ],
                    [
                        599.5888671875,
                        227.62205505371094,
                        0.8430938124656677
                    ],
                    [
                        579.8330078125,
                        272.7783203125,
                        0.9156606197357178
                    ],
                    [
                        579.8330078125,
                        329.2236328125,
                        0.9392832517623901
                    ],
                    [
                        582.6552734375,
                        123.19822692871094,
                        0.9269354343414307
                    ],
                    [
                        582.6552734375,
                        123.19822692871094,
                        0.9593238830566406
                    ],
                    [
                        602.4111328125,
                        120.37596130371094,
                        0.7543295621871948
                    ],
                    [
                        593.9443359375,
                        120.37596130371094,
                        0.9819496870040894
                    ],
                    [
                        560.0771484375,
                        326.4013671875,
                        0.8939582109451294
                    ],
                    [
                        562.8994140625,
                        329.2236328125,
                        0.9339237213134766
                    ],
                    [
                        582.6552734375,
                        334.8681640625,
                        0.8380506038665771
                    ],
                    [
                        619.3447265625,
                        340.5126953125,
                        0.9745478630065918
                    ],
                    [
                        624.9892578125,
                        340.5126953125,
                        0.8806608319282532
                    ],
                    [
                        636.2783203125,
                        348.9794921875,
                        0.8732790946960449
                    ]
                ]
            ]
        },
        {
            "person_id": [
                2
            ],
            "pose_keypoints_2d": [
                [
                    [
                        0.0,
                        0.0,
                        0.02053990215063095
                    ],
                    [
                        0.0,
                        0.0,
                        0.02973298355937004
                    ],
                    [
                        0.0,
                        0.0,
                        0.02973298355937004
                    ],
                    [
                        0.0,
                        0.0,
                        0.01196254137903452
                    ],
                    [
                        0.0,
                        0.0,
                        0.007421588525176048
                    ],
                    [
                        0.0,
                        0.0,
                        0.02973298355937004
                    ],
                    [
                        0.0,
                        0.0,
                        0.008996602147817612
                    ],
                    [
                        0.0,
                        0.0,
                        0.007513847202062607
                    ],
                    [
                        0.0,
                        0.0,
                        0.037304166704416275
                    ],
                    [
                        0.0,
                        0.0,
                        0.037304166704416275
                    ],
                    [
                        0.0,
                        0.0,
                        0.02520212158560753
                    ],
                    [
                        0.0,
                        0.0,
                        0.033779580146074295
                    ],
                    [
                        0.0,
                        0.0,
                        0.037304166704416275
                    ],
                    [
                        0.0,
                        0.0,
                        0.02520212158560753
                    ],
                    [
                        0.0,
                        0.0,
                        0.033779580146074295
                    ],
                    [
                        0.0,
                        0.0,
                        0.019236018881201744
                    ],
                    [
                        0.0,
                        0.0,
                        0.019236017018556595
                    ],
                    [
                        0.0,
                        0.0,
                        0.015073975548148155
                    ],
                    [
                        0.0,
                        0.0,
                        0.015073975548148155
                    ],
                    [
                        0.0,
                        0.0,
                        0.020099785178899765
                    ],
                    [
                        0.0,
                        0.0,
                        0.0185064859688282
                    ],
                    [
                        0.0,
                        0.0,
                        0.016233710572123528
                    ],
                    [
                        0.0,
                        0.0,
                        0.020099785178899765
                    ],
                    [
                        0.0,
                        0.0,
                        0.0185064859688282
                    ],
                    [
                        0.0,
                        0.0,
                        0.016233710572123528
                    ]
                ]
            ]
        }
    ]
}