{
    "people": [
        {
            "person_id": [
                1
            ],
            "pose_keypoints_2d": [
                [
                    [
                        500.810546875,
                        126.494140625,
                        0.9844746589660645
                    ],
                    [
                        527.67578125,
                        145.68359375,
                        0.8916205763816833
                    ],
                    [
                        536.630859375,
                        141.845703125,
                        0.8811284303665161
                    ],
                    [
                        546.865234375,
                        177.666015625,
                        0.9412722587585449
                    ],
                    [
                        539.189453125,
                        208.369140625,
                        0.8402316570281982
                    ],
                    [
                        518.720703125,
                        149.521484375,
                        0.9021127223968506
                    ],
                    [
                        516.162109375,
                        193.017578125,
                        0.9237635135650635
                    ],
                    [
                        495.693359375,
                        213.486328125,
                        0.909605860710144
                    ],
                    [
                        528.955078125,
                        217.32421875,
                        0.8163174390792847
                    ],
                    [
                        534.072265625,
                        216.044921875,
                        0.771959662437439
                    ],
                    [
                        511.044921875,
                        254.423828125,
                        0.8920711874961853
                    ],
                    [
                        500.810546875,
                        303.037109375,
                        0.8865221738815308
                    ],
                    [
                        523.837890625,
                        218.603515625,
                        0.8606751561164856
                    ],
                    [
                        536.630859375,
                        269.775390625,
                        0.860031247138977
                    ],
                    [
                        557.099609375,
                        320.947265625,
                        0.8548457622528076
                    ],
                    [
                        500.810546875,
                        123.935546875,
                        0.9602261781692505
                    ],
                    [
                        500.810546875,
                        121.376953125,
                        0.9535773992538452
                    ],
                    [
                        518.720703125,
                        121.376953125,
                        0.6531296968460083
                    ],
                    [
                        513.603515625,
                        121.376953125,
                        0.9417660236358643
                    ],
                    [
                        539.189453125,
                        323.505859375,
                        0.9033123850822449
                    ],
                    [
                        541.748046875,
                        326.064453125,
                        0.9072821140289307
                    ],
                    [
                        562.216796875,
                        326.064453125,
                        0.8616006970405579
                    ],
                    [
                        477.783203125,
                        297.919921875,
                        0.9302401542663574
                    ],
                    [
                        482.900390625,
                        297.919921875,
                        0.8974497318267822
                    ],
                    [
                        500.810546875,
                        308.154296875,
                        0.8159768581390381
                    ]
                ]
            ]
        },
        {
            "person_id": [
                2
            ],
            "pose_keypoints_2d": [
                [
                    [
                        0.0,
                        0.0,
                        0.02053990215063095
                    ],
                    [
                        0.0,
                        0.0,
                        0.02973298355937004
                    ],
                    [
                        0.0,
                        0.0,
                        0.02973298355937004
                    ],
                    [
                        0.0,
                        0.0,
                        0.01196254137903452
                    ],
                    [
                        0.0,
                        0.0,
                        0.007421588525176048
                    ],
                    [
                        0.0,
                        0.0,
                        0.02973298355937004
                    ],
                    [
                        0.0,
                        0.0,
                        0.008996602147817612
                    ],
                    [
                        0.0,
                        0.0,
                        0.007513847202062607
                    ],
                    [
                        0.0,
                        0.0,
                        0.037304166704416275
                    ],
                    [
                        0.0,
                        0.0,
                        0.037304166704416275
                    ],
                    [
                        0.0,
                        0.0,
                        0.02520212158560753
                    ],
                    [
                        0.0,
                        0.0,
                        0.033779580146074295
                    ],
                    [
                        0.0,
                        0.0,
                        0.037304166704416275
                    ],
                    [
                        0.0,
                        0.0,
                        0.02520212158560753
                    ],
                    [
                        0.0,
                        0.0,
                        0.033779580146074295
                    ],
                    [
                        0.0,
                        0.0,
                        0.019236020743846893
                    ],
                    [
                        0.0,
                        0.0,
                        0.019236020743846893
                    ],
                    [
                        0.0,
                        0.0,
                        0.015073975548148155
                    ],
                    [
                        0.0,
                        0.0,
                        0.015073975548148155
                    ],
                    [
                        0.0,
                        0.0,
                        0.020099785178899765
                    ],
                    [
                        0.0,
                        0.0,
                        0.0185064859688282
                    ],
                    [
                        0.0,
                        0.0,
                        0.016233710572123528
                    ],
                    [
                        0.0,
                        0.0,
                        0.020099788904190063
                    ],
                    [
                        0.0,
                        0.0,
                        0.0185064859688282
                    ],
                    [
                        0.0,
                        0.0,
                        0.016233710572123528
                    ]
                ]
            ]
        }
    ]
}