{
    "people": [
        {
            "person_id": [
                1
            ],
            "pose_keypoints_2d": [
                [
                    [
                        450.623046875,
                        126.998046875,
                        0.9406281113624573
                    ],
                    [
                        469.51953125,
                        143.375,
                        0.8796947002410889
                    ],
                    [
                        458.181640625,
                        142.115234375,
                        0.8441338539123535
                    ],
                    [
                        460.701171875,
                        174.869140625,
                        0.9758703708648682
                    ],
                    [
                        448.103515625,
                        197.544921875,
                        0.9712872505187988
                    ],
                    [
                        480.857421875,
                        144.634765625,
                        0.9152555465698242
                    ],
                    [
                        498.494140625,
                        179.908203125,
                        0.9796241521835327
                    ],
                    [
                        503.533203125,
                        215.181640625,
                        0.8680057525634766
                    ],
                    [
                        473.298828125,
                        211.40234375,
                        0.8451071977615356
                    ],
                    [
                        468.259765625,
                        210.142578125,
                        0.8188326954841614
                    ],
                    [
                        483.376953125,
                        258.013671875,
                        0.913192629814148
                    ],
                    [
                        493.455078125,
                        303.365234375,
                        0.9258419871330261
                    ],
                    [
                        478.337890625,
                        212.662109375,
                        0.8713817000389099
                    ],
                    [
                        455.662109375,
                        260.533203125,
                        0.906359076499939
                    ],
                    [
                        453.142578125,
                        315.962890625,
                        0.956323504447937
                    ],
                    [
                        448.103515625,
                        121.958984375,
                        0.9756038188934326
                    ],
                    [
                        453.142578125,
                        121.958984375,
                        0.9354321956634521
                    ],
                    [
                        448.103515625,
                        121.958984375,
                        0.7404065132141113
                    ],
                    [
                        468.259765625,
                        119.439453125,
                        0.9277141094207764
                    ],
                    [
                        430.466796875,
                        323.521484375,
                        0.8547400236129761
                    ],
                    [
                        435.505859375,
                        326.041015625,
                        0.8536739349365234
                    ],
                    [
                        455.662109375,
                        318.482421875,
                        0.9289448261260986
                    ],
                    [
                        475.818359375,
                        310.923828125,
                        0.9923371076583862
                    ],
                    [
                        478.337890625,
                        305.884765625,
                        0.9438273906707764
                    ],
                    [
                        498.494140625,
                        308.404296875,
                        0.8858550786972046
                    ]
                ]
            ]
        },
        {
            "person_id": [
                2
            ],
            "pose_keypoints_2d": [
                [
                    [
                        0.0,
                        0.0,
                        0.02053990215063095
                    ],
                    [
                        0.0,
                        0.0,
                        0.02973298355937004
                    ],
                    [
                        0.0,
                        0.0,
                        0.02973298355937004
                    ],
                    [
                        0.0,
                        0.0,
                        0.01196254137903452
                    ],
                    [
                        0.0,
                        0.0,
                        0.007421588525176048
                    ],
                    [
                        0.0,
                        0.0,
                        0.02973298355937004
                    ],
                    [
                        0.0,
                        0.0,
                        0.008996602147817612
                    ],
                    [
                        0.0,
                        0.0,
                        0.007513847202062607
                    ],
                    [
                        0.0,
                        0.0,
                        0.037304166704416275
                    ],
                    [
                        0.0,
                        0.0,
                        0.037304166704416275
                    ],
                    [
                        0.0,
                        0.0,
                        0.02520212158560753
                    ],
                    [
                        0.0,
                        0.0,
                        0.033779580146074295
                    ],
                    [
                        0.0,
                        0.0,
                        0.037304166704416275
                    ],
                    [
                        0.0,
                        0.0,
                        0.02520212158560753
                    ],
                    [
                        0.0,
                        0.0,
                        0.033779580146074295
                    ],
                    [
                        0.0,
                        0.0,
                        0.019236020743846893
                    ],
                    [
                        0.0,
                        0.0,
                        0.019236018881201744
                    ],
                    [
                        0.0,
                        0.0,
                        0.015073975548148155
                    ],
                    [
                        0.0,
                        0.0,
                        0.015073975548148155
                    ],
                    [
                        0.0,
                        0.0,
                        0.020099785178899765
                    ],
                    [
                        0.0,
                        0.0,
                        0.0185064859688282
                    ],
                    [
                        0.0,
                        0.0,
                        0.016233710572123528
                    ],
                    [
                        0.0,
                        0.0,
                        0.020099785178899765
                    ],
                    [
                        0.0,
                        0.0,
                        0.0185064859688282
                    ],
                    [
                        0.0,
                        0.0,
                        0.016233710572123528
                    ]
                ]
            ]
        }
    ]
}