{
    "people": [
        {
            "person_id": [
                1
            ],
            "pose_keypoints_2d": [
                [
                    [
                        360.8828125,
                        132.7109375,
                        0.9475489854812622
                    ],
                    [
                        363.7734375,
                        154.390625,
                        0.9170073866844177
                    ],
                    [
                        337.7578125,
                        155.8359375,
                        0.9059284925460815
                    ],
                    [
                        331.9765625,
                        193.4140625,
                        0.9702591896057129
                    ],
                    [
                        323.3046875,
                        228.1015625,
                        0.9077497720718384
                    ],
                    [
                        389.7890625,
                        152.9453125,
                        0.9280862808227539
                    ],
                    [
                        407.1328125,
                        190.5234375,
                        0.9732819199562073
                    ],
                    [
                        418.6953125,
                        230.9921875,
                        0.8626866340637207
                    ],
                    [
                        368.109375,
                        235.328125,
                        0.8558832406997681
                    ],
                    [
                        352.2109375,
                        236.7734375,
                        0.8480232954025269
                    ],
                    [
                        355.1015625,
                        294.5859375,
                        0.9014425277709961
                    ],
                    [
                        357.9921875,
                        349.5078125,
                        0.9317830801010132
                    ],
                    [
                        384.0078125,
                        233.8828125,
                        0.8637431859970093
                    ],
                    [
                        384.0078125,
                        288.8046875,
                        0.8976168632507324
                    ],
                    [
                        401.3515625,
                        311.9296875,
                        0.9170864820480347
                    ],
                    [
                        355.1015625,
                        126.9296875,
                        0.9492709636688232
                    ],
                    [
                        366.6640625,
                        126.9296875,
                        0.9626048803329468
                    ],
                    [
                        349.3203125,
                        126.9296875,
                        0.9442082643508911
                    ],
                    [
                        372.4453125,
                        126.9296875,
                        0.923274040222168
                    ],
                    [
                        395.5703125,
                        335.0546875,
                        0.9400396943092346
                    ],
                    [
                        401.3515625,
                        332.1640625,
                        0.9144344329833984
                    ],
                    [
                        407.1328125,
                        311.9296875,
                        0.7960695028305054
                    ],
                    [
                        349.3203125,
                        363.9609375,
                        0.8272435665130615
                    ],
                    [
                        343.5390625,
                        361.0703125,
                        0.857090950012207
                    ],
                    [
                        360.8828125,
                        355.2890625,
                        0.8486953973770142
                    ]
                ]
            ]
        },
        {
            "person_id": [
                2
            ],
            "pose_keypoints_2d": [
                [
                    [
                        0.0,
                        0.0,
                        0.020531099289655685
                    ],
                    [
                        0.0,
                        0.0,
                        0.029849819839000702
                    ],
                    [
                        0.0,
                        0.0,
                        0.029849819839000702
                    ],
                    [
                        0.0,
                        0.0,
                        0.012015359476208687
                    ],
                    [
                        0.0,
                        0.0,
                        0.007502174004912376
                    ],
                    [
                        0.0,
                        0.0,
                        0.029849819839000702
                    ],
                    [
                        0.0,
                        0.0,
                        0.009054429829120636
                    ],
                    [
                        0.0,
                        0.0,
                        0.007550043519586325
                    ],
                    [
                        0.0,
                        0.0,
                        0.037438396364450455
                    ],
                    [
                        0.0,
                        0.0,
                        0.037438396364450455
                    ],
                    [
                        0.0,
                        0.0,
                        0.025315171107649803
                    ],
                    [
                        0.0,
                        0.0,
                        0.03399762138724327
                    ],
                    [
                        0.0,
                        0.0,
                        0.037438396364450455
                    ],
                    [
                        0.0,
                        0.0,
                        0.025315171107649803
                    ],
                    [
                        0.0,
                        0.0,
                        0.03399762138724327
                    ],
                    [
                        0.0,
                        0.0,
                        0.019224030897021294
                    ],
                    [
                        0.0,
                        0.0,
                        0.019224032759666443
                    ],
                    [
                        0.0,
                        0.0,
                        0.015098605304956436
                    ],
                    [
                        0.0,
                        0.0,
                        0.015098605304956436
                    ],
                    [
                        0.0,
                        0.0,
                        0.020358137786388397
                    ],
                    [
                        0.0,
                        0.0,
                        0.018469566479325294
                    ],
                    [
                        0.0,
                        0.0,
                        0.01647251471877098
                    ],
                    [
                        0.0,
                        0.0,
                        0.0203581340610981
                    ],
                    [
                        0.0,
                        0.0,
                        0.018469566479325294
                    ],
                    [
                        0.0,
                        0.0,
                        0.01647251471877098
                    ]
                ]
            ]
        }
    ]
}