{
    "people": [
        {
            "person_id": [
                1
            ],
            "pose_keypoints_2d": [
                [
                    [
                        356.708984375,
                        139.076171875,
                        0.9561400413513184
                    ],
                    [
                        345.01953125,
                        162.455078125,
                        0.9385130405426025
                    ],
                    [
                        316.630859375,
                        162.455078125,
                        0.9296722412109375
                    ],
                    [
                        296.591796875,
                        205.873046875,
                        0.9758530855178833
                    ],
                    [
                        283.232421875,
                        245.951171875,
                        0.8974082469940186
                    ],
                    [
                        373.408203125,
                        162.455078125,
                        0.9473538994789124
                    ],
                    [
                        386.767578125,
                        205.873046875,
                        0.9687589406967163
                    ],
                    [
                        393.447265625,
                        245.951171875,
                        0.9032630920410156
                    ],
                    [
                        350.029296875,
                        252.630859375,
                        0.872921884059906
                    ],
                    [
                        333.330078125,
                        252.630859375,
                        0.8650946617126465
                    ],
                    [
                        340.009765625,
                        316.087890625,
                        0.8637833595275879
                    ],
                    [
                        353.369140625,
                        342.806640625,
                        0.8860163688659668
                    ],
                    [
                        366.728515625,
                        252.630859375,
                        0.8807491064071655
                    ],
                    [
                        363.388671875,
                        319.427734375,
                        0.9266484975814819
                    ],
                    [
                        353.369140625,
                        389.564453125,
                        0.9066603779792786
                    ],
                    [
                        350.029296875,
                        132.396484375,
                        0.929033637046814
                    ],
                    [
                        360.048828125,
                        132.396484375,
                        0.950623631477356
                    ],
                    [
                        336.669921875,
                        132.396484375,
                        0.9225810766220093
                    ],
                    [
                        363.388671875,
                        135.736328125,
                        0.8613189458847046
                    ],
                    [
                        353.369140625,
                        406.263671875,
                        0.8093247413635254
                    ],
                    [
                        360.048828125,
                        406.263671875,
                        0.8447939157485962
                    ],
                    [
                        350.029296875,
                        396.244140625,
                        0.8235013484954834
                    ],
                    [
                        346.689453125,
                        362.845703125,
                        0.9014055728912354
                    ],
                    [
                        343.349609375,
                        359.505859375,
                        0.9019010663032532
                    ],
                    [
                        356.708984375,
                        342.806640625,
                        0.6749071478843689
                    ]
                ]
            ]
        },
        {
            "person_id": [
                2
            ],
            "pose_keypoints_2d": [
                [
                    [
                        0.0,
                        0.0,
                        0.020531099289655685
                    ],
                    [
                        0.0,
                        0.0,
                        0.029849819839000702
                    ],
                    [
                        0.0,
                        0.0,
                        0.029849819839000702
                    ],
                    [
                        0.0,
                        0.0,
                        0.012015359476208687
                    ],
                    [
                        0.0,
                        0.0,
                        0.007502174004912376
                    ],
                    [
                        0.0,
                        0.0,
                        0.029849819839000702
                    ],
                    [
                        0.0,
                        0.0,
                        0.009054429829120636
                    ],
                    [
                        0.0,
                        0.0,
                        0.007550043519586325
                    ],
                    [
                        0.0,
                        0.0,
                        0.037438396364450455
                    ],
                    [
                        0.0,
                        0.0,
                        0.037438396364450455
                    ],
                    [
                        0.0,
                        0.0,
                        0.025315171107649803
                    ],
                    [
                        0.0,
                        0.0,
                        0.03399762138724327
                    ],
                    [
                        0.0,
                        0.0,
                        0.037438396364450455
                    ],
                    [
                        0.0,
                        0.0,
                        0.025315171107649803
                    ],
                    [
                        0.0,
                        0.0,
                        0.03399762138724327
                    ],
                    [
                        0.0,
                        0.0,
                        0.019224032759666443
                    ],
                    [
                        0.0,
                        0.0,
                        0.019224030897021294
                    ],
                    [
                        0.0,
                        0.0,
                        0.015098605304956436
                    ],
                    [
                        0.0,
                        0.0,
                        0.015098605304956436
                    ],
                    [
                        0.0,
                        0.0,
                        0.0203581340610981
                    ],
                    [
                        0.0,
                        0.0,
                        0.018469566479325294
                    ],
                    [
                        0.0,
                        0.0,
                        0.01647251471877098
                    ],
                    [
                        0.0,
                        0.0,
                        0.0203581340610981
                    ],
                    [
                        0.0,
                        0.0,
                        0.018469566479325294
                    ],
                    [
                        0.0,
                        0.0,
                        0.01647251471877098
                    ]
                ]
            ]
        }
    ]
}