{
    "people": [
        {
            "person_id": [
                1
            ],
            "pose_keypoints_2d": [
                [
                    [
                        413.908203125,
                        125.990234375,
                        0.9580756425857544
                    ],
                    [
                        424.298828125,
                        144.173828125,
                        0.9214304685592651
                    ],
                    [
                        406.115234375,
                        141.576171875,
                        0.9281694889068604
                    ],
                    [
                        406.115234375,
                        172.748046875,
                        0.9724358916282654
                    ],
                    [
                        395.724609375,
                        203.919921875,
                        0.949029803276062
                    ],
                    [
                        442.482421875,
                        146.771484375,
                        0.9146913886070251
                    ],
                    [
                        455.470703125,
                        188.333984375,
                        0.9871518611907959
                    ],
                    [
                        442.482421875,
                        224.701171875,
                        0.870749294757843
                    ],
                    [
                        423.0,
                        215.609375,
                        0.8289940357208252
                    ],
                    [
                        411.310546875,
                        214.310546875,
                        0.8525781631469727
                    ],
                    [
                        400.919921875,
                        263.666015625,
                        0.9488936066627502
                    ],
                    [
                        437.287109375,
                        289.642578125,
                        0.9026179313659668
                    ],
                    [
                        434.689453125,
                        216.908203125,
                        0.8054099082946777
                    ],
                    [
                        429.494140625,
                        271.458984375,
                        0.8839139938354492
                    ],
                    [
                        421.701171875,
                        320.814453125,
                        0.9242093563079834
                    ],
                    [
                        411.310546875,
                        123.392578125,
                        0.959003210067749
                    ],
                    [
                        419.103515625,
                        123.392578125,
                        0.9761935472488403
                    ],
                    [
                        408.712890625,
                        120.794921875,
                        0.880264401435852
                    ],
                    [
                        429.494140625,
                        120.794921875,
                        0.9611026048660278
                    ],
                    [
                        403.517578125,
                        328.607421875,
                        0.8739286065101624
                    ],
                    [
                        408.712890625,
                        331.205078125,
                        0.8185521960258484
                    ],
                    [
                        426.896484375,
                        323.412109375,
                        0.9037696123123169
                    ],
                    [
                        437.287109375,
                        313.021484375,
                        0.8612879514694214
                    ],
                    [
                        434.689453125,
                        307.826171875,
                        0.8494240045547485
                    ],
                    [
                        445.080078125,
                        287.044921875,
                        0.8666612505912781
                    ]
                ]
            ]
        },
        {
            "person_id": [
                2
            ],
            "pose_keypoints_2d": [
                [
                    [
                        0.0,
                        0.0,
                        0.020518917590379715
                    ],
                    [
                        0.0,
                        0.0,
                        0.029968533664941788
                    ],
                    [
                        0.0,
                        0.0,
                        0.029968533664941788
                    ],
                    [
                        0.0,
                        0.0,
                        0.012063602916896343
                    ],
                    [
                        0.0,
                        0.0,
                        0.007581430021673441
                    ],
                    [
                        0.0,
                        0.0,
                        0.029968533664941788
                    ],
                    [
                        0.0,
                        0.0,
                        0.009143782779574394
                    ],
                    [
                        0.0,
                        0.0,
                        0.0075843557715415955
                    ],
                    [
                        0.0,
                        0.0,
                        0.037558868527412415
                    ],
                    [
                        0.0,
                        0.0,
                        0.037558868527412415
                    ],
                    [
                        0.0,
                        0.0,
                        0.02542298100888729
                    ],
                    [
                        0.0,
                        0.0,
                        0.034213125705718994
                    ],
                    [
                        0.0,
                        0.0,
                        0.037558868527412415
                    ],
                    [
                        0.0,
                        0.0,
                        0.02542298287153244
                    ],
                    [
                        0.0,
                        0.0,
                        0.034213125705718994
                    ],
                    [
                        0.0,
                        0.0,
                        0.01922135055065155
                    ],
                    [
                        0.0,
                        0.0,
                        0.01922135055065155
                    ],
                    [
                        0.0,
                        0.0,
                        0.015117987990379333
                    ],
                    [
                        0.0,
                        0.0,
                        0.015117987990379333
                    ],
                    [
                        0.0,
                        0.0,
                        0.02062181383371353
                    ],
                    [
                        0.0,
                        0.0,
                        0.018430981785058975
                    ],
                    [
                        0.0,
                        0.0,
                        0.01670534908771515
                    ],
                    [
                        0.0,
                        0.0,
                        0.02062181755900383
                    ],
                    [
                        0.0,
                        0.0,
                        0.018430981785058975
                    ],
                    [
                        0.0,
                        0.0,
                        0.01670534908771515
                    ]
                ]
            ]
        }
    ]
}