{
    "people": [
        {
            "person_id": [
                1
            ],
            "pose_keypoints_2d": [
                [
                    [
                        406.4423828125,
                        127.8662109375,
                        0.9673734307289124
                    ],
                    [
                        414.2060546875,
                        145.9814453125,
                        0.9135026931762695
                    ],
                    [
                        393.5029296875,
                        143.3935546875,
                        0.9364913702011108
                    ],
                    [
                        393.5029296875,
                        174.4482421875,
                        0.9488366842269897
                    ],
                    [
                        385.7392578125,
                        208.0908203125,
                        0.9100301265716553
                    ],
                    [
                        434.9091796875,
                        148.5693359375,
                        0.8905140161514282
                    ],
                    [
                        447.8486328125,
                        187.3876953125,
                        0.9754015803337097
                    ],
                    [
                        432.3212890625,
                        218.4423828125,
                        0.869063138961792
                    ],
                    [
                        414.2060546875,
                        221.0302734375,
                        0.8169493675231934
                    ],
                    [
                        401.2666015625,
                        221.0302734375,
                        0.8395397663116455
                    ],
                    [
                        388.3271484375,
                        267.6123046875,
                        0.9638699293136597
                    ],
                    [
                        406.4423828125,
                        306.4306640625,
                        0.8939298987388611
                    ],
                    [
                        427.1455078125,
                        221.0302734375,
                        0.794359028339386
                    ],
                    [
                        424.5576171875,
                        272.7880859375,
                        0.9317069053649902
                    ],
                    [
                        424.5576171875,
                        319.3701171875,
                        0.9281502962112427
                    ],
                    [
                        401.2666015625,
                        122.6904296875,
                        0.954886794090271
                    ],
                    [
                        411.6181640625,
                        122.6904296875,
                        0.9807603359222412
                    ],
                    [
                        398.6787109375,
                        122.6904296875,
                        0.8554550409317017
                    ],
                    [
                        419.3818359375,
                        122.6904296875,
                        0.9156913757324219
                    ],
                    [
                        403.8544921875,
                        329.7216796875,
                        0.8402819633483887
                    ],
                    [
                        411.6181640625,
                        332.3095703125,
                        0.8280643820762634
                    ],
                    [
                        427.1455078125,
                        324.5458984375,
                        0.8606618642807007
                    ],
                    [
                        396.0908203125,
                        327.1337890625,
                        0.7982842326164246
                    ],
                    [
                        393.5029296875,
                        321.9580078125,
                        0.7855731248855591
                    ],
                    [
                        411.6181640625,
                        306.4306640625,
                        0.8168271780014038
                    ]
                ]
            ]
        },
        {
            "person_id": [
                2
            ],
            "pose_keypoints_2d": [
                [
                    [
                        0.0,
                        0.0,
                        0.020518917590379715
                    ],
                    [
                        0.0,
                        0.0,
                        0.029968533664941788
                    ],
                    [
                        0.0,
                        0.0,
                        0.029968533664941788
                    ],
                    [
                        0.0,
                        0.0,
                        0.012063602916896343
                    ],
                    [
                        0.0,
                        0.0,
                        0.007581429556012154
                    ],
                    [
                        0.0,
                        0.0,
                        0.029968533664941788
                    ],
                    [
                        0.0,
                        0.0,
                        0.009143783710896969
                    ],
                    [
                        0.0,
                        0.0,
                        0.0075843557715415955
                    ],
                    [
                        0.0,
                        0.0,
                        0.037558868527412415
                    ],
                    [
                        0.0,
                        0.0,
                        0.037558868527412415
                    ],
                    [
                        0.0,
                        0.0,
                        0.02542298287153244
                    ],
                    [
                        0.0,
                        0.0,
                        0.034213125705718994
                    ],
                    [
                        0.0,
                        0.0,
                        0.037558868527412415
                    ],
                    [
                        0.0,
                        0.0,
                        0.02542298100888729
                    ],
                    [
                        0.0,
                        0.0,
                        0.034213125705718994
                    ],
                    [
                        0.0,
                        0.0,
                        0.01922135055065155
                    ],
                    [
                        0.0,
                        0.0,
                        0.01922135055065155
                    ],
                    [
                        0.0,
                        0.0,
                        0.015117987990379333
                    ],
                    [
                        0.0,
                        0.0,
                        0.015117987990379333
                    ],
                    [
                        0.0,
                        0.0,
                        0.02062181383371353
                    ],
                    [
                        0.0,
                        0.0,
                        0.018430981785058975
                    ],
                    [
                        0.0,
                        0.0,
                        0.01670534908771515
                    ],
                    [
                        0.0,
                        0.0,
                        0.02062181383371353
                    ],
                    [
                        0.0,
                        0.0,
                        0.018430981785058975
                    ],
                    [
                        0.0,
                        0.0,
                        0.01670534908771515
                    ]
                ]
            ]
        }
    ]
}