{
    "people": [
        {
            "person_id": [
                1
            ],
            "pose_keypoints_2d": [
                [
                    [
                        448.123046875,
                        125.478515625,
                        0.944043755531311
                    ],
                    [
                        468.279296875,
                        141.85546875,
                        0.8841010928153992
                    ],
                    [
                        455.681640625,
                        140.595703125,
                        0.8453793525695801
                    ],
                    [
                        458.201171875,
                        173.349609375,
                        0.969184935092926
                    ],
                    [
                        445.603515625,
                        198.544921875,
                        0.9544755220413208
                    ],
                    [
                        480.876953125,
                        143.115234375,
                        0.9228228330612183
                    ],
                    [
                        495.994140625,
                        180.908203125,
                        0.9884744882583618
                    ],
                    [
                        501.033203125,
                        216.181640625,
                        0.8581150770187378
                    ],
                    [
                        472.05859375,
                        211.142578125,
                        0.8459201455116272
                    ],
                    [
                        465.759765625,
                        211.142578125,
                        0.8291878700256348
                    ],
                    [
                        480.876953125,
                        259.013671875,
                        0.8721940517425537
                    ],
                    [
                        493.474609375,
                        304.365234375,
                        0.9162631034851074
                    ],
                    [
                        478.357421875,
                        211.142578125,
                        0.8626524209976196
                    ],
                    [
                        453.162109375,
                        261.533203125,
                        0.908580482006073
                    ],
                    [
                        445.603515625,
                        316.962890625,
                        0.928928017616272
                    ],
                    [
                        445.603515625,
                        122.958984375,
                        0.9629859328269958
                    ],
                    [
                        453.162109375,
                        122.958984375,
                        0.9387680292129517
                    ],
                    [
                        445.603515625,
                        122.958984375,
                        0.7199802994728088
                    ],
                    [
                        465.759765625,
                        120.439453125,
                        0.9285873174667358
                    ],
                    [
                        425.447265625,
                        322.001953125,
                        0.865445613861084
                    ],
                    [
                        430.486328125,
                        324.521484375,
                        0.8810330033302307
                    ],
                    [
                        448.123046875,
                        322.001953125,
                        0.9178131818771362
                    ],
                    [
                        473.318359375,
                        309.404296875,
                        0.9672554731369019
                    ],
                    [
                        478.357421875,
                        306.884765625,
                        0.9247040152549744
                    ],
                    [
                        498.513671875,
                        306.884765625,
                        0.8852188587188721
                    ]
                ]
            ]
        },
        {
            "person_id": [
                2
            ],
            "pose_keypoints_2d": [
                [
                    [
                        0.0,
                        0.0,
                        0.02053990215063095
                    ],
                    [
                        0.0,
                        0.0,
                        0.02973298355937004
                    ],
                    [
                        0.0,
                        0.0,
                        0.02973298355937004
                    ],
                    [
                        0.0,
                        0.0,
                        0.01196254137903452
                    ],
                    [
                        0.0,
                        0.0,
                        0.007421588525176048
                    ],
                    [
                        0.0,
                        0.0,
                        0.02973298355937004
                    ],
                    [
                        0.0,
                        0.0,
                        0.008996602147817612
                    ],
                    [
                        0.0,
                        0.0,
                        0.007513847202062607
                    ],
                    [
                        0.0,
                        0.0,
                        0.037304166704416275
                    ],
                    [
                        0.0,
                        0.0,
                        0.037304166704416275
                    ],
                    [
                        0.0,
                        0.0,
                        0.02520212158560753
                    ],
                    [
                        0.0,
                        0.0,
                        0.033779580146074295
                    ],
                    [
                        0.0,
                        0.0,
                        0.037304166704416275
                    ],
                    [
                        0.0,
                        0.0,
                        0.02520212158560753
                    ],
                    [
                        0.0,
                        0.0,
                        0.033779580146074295
                    ],
                    [
                        0.0,
                        0.0,
                        0.019236020743846893
                    ],
                    [
                        0.0,
                        0.0,
                        0.019236018881201744
                    ],
                    [
                        0.0,
                        0.0,
                        0.015073975548148155
                    ],
                    [
                        0.0,
                        0.0,
                        0.015073975548148155
                    ],
                    [
                        0.0,
                        0.0,
                        0.020099785178899765
                    ],
                    [
                        0.0,
                        0.0,
                        0.0185064859688282
                    ],
                    [
                        0.0,
                        0.0,
                        0.016233710572123528
                    ],
                    [
                        0.0,
                        0.0,
                        0.020099788904190063
                    ],
                    [
                        0.0,
                        0.0,
                        0.0185064859688282
                    ],
                    [
                        0.0,
                        0.0,
                        0.016233710572123528
                    ]
                ]
            ]
        }
    ]
}