{
    "people": [
        {
            "person_id": [
                1
            ],
            "pose_keypoints_2d": [
                [
                    [
                        401.33984375,
                        128.23828125,
                        0.9566867351531982
                    ],
                    [
                        409.19140625,
                        146.55859375,
                        0.9164625406265259
                    ],
                    [
                        388.25390625,
                        143.94140625,
                        0.9386249780654907
                    ],
                    [
                        388.25390625,
                        177.96484375,
                        0.937034547328949
                    ],
                    [
                        380.40234375,
                        209.37109375,
                        0.905812680721283
                    ],
                    [
                        430.12890625,
                        149.17578125,
                        0.894300103187561
                    ],
                    [
                        445.83203125,
                        185.81640625,
                        0.9778308272361755
                    ],
                    [
                        427.51171875,
                        217.22265625,
                        0.9096192717552185
                    ],
                    [
                        409.19140625,
                        223.765625,
                        0.8284703493118286
                    ],
                    [
                        396.10546875,
                        222.45703125,
                        0.8459165692329407
                    ],
                    [
                        383.01953125,
                        269.56640625,
                        0.9553172588348389
                    ],
                    [
                        390.87109375,
                        319.29296875,
                        0.9216402173042297
                    ],
                    [
                        422.27734375,
                        225.07421875,
                        0.8110240697860718
                    ],
                    [
                        422.27734375,
                        272.18359375,
                        0.8999147415161133
                    ],
                    [
                        422.27734375,
                        319.29296875,
                        0.8982967138290405
                    ],
                    [
                        398.72265625,
                        123.00390625,
                        0.9579628109931946
                    ],
                    [
                        406.57421875,
                        123.00390625,
                        0.9726884365081787
                    ],
                    [
                        393.48828125,
                        123.00390625,
                        0.8812981843948364
                    ],
                    [
                        414.42578125,
                        123.00390625,
                        0.9279166460037231
                    ],
                    [
                        401.33984375,
                        329.76171875,
                        0.8733316659927368
                    ],
                    [
                        409.19140625,
                        332.37890625,
                        0.853119432926178
                    ],
                    [
                        427.51171875,
                        324.52734375,
                        0.8595309257507324
                    ],
                    [
                        380.40234375,
                        334.99609375,
                        0.813889741897583
                    ],
                    [
                        377.78515625,
                        329.76171875,
                        0.8300021290779114
                    ],
                    [
                        396.10546875,
                        321.91015625,
                        0.8979469537734985
                    ]
                ]
            ]
        },
        {
            "person_id": [
                2
            ],
            "pose_keypoints_2d": [
                [
                    [
                        0.0,
                        0.0,
                        0.020518917590379715
                    ],
                    [
                        0.0,
                        0.0,
                        0.029968533664941788
                    ],
                    [
                        0.0,
                        0.0,
                        0.029968533664941788
                    ],
                    [
                        0.0,
                        0.0,
                        0.012063602916896343
                    ],
                    [
                        0.0,
                        0.0,
                        0.007581429090350866
                    ],
                    [
                        0.0,
                        0.0,
                        0.029968533664941788
                    ],
                    [
                        0.0,
                        0.0,
                        0.009143783710896969
                    ],
                    [
                        0.0,
                        0.0,
                        0.0075843557715415955
                    ],
                    [
                        0.0,
                        0.0,
                        0.037558868527412415
                    ],
                    [
                        0.0,
                        0.0,
                        0.037558868527412415
                    ],
                    [
                        0.0,
                        0.0,
                        0.02542298100888729
                    ],
                    [
                        0.0,
                        0.0,
                        0.034213125705718994
                    ],
                    [
                        0.0,
                        0.0,
                        0.037558868527412415
                    ],
                    [
                        0.0,
                        0.0,
                        0.02542298100888729
                    ],
                    [
                        0.0,
                        0.0,
                        0.034213125705718994
                    ],
                    [
                        0.0,
                        0.0,
                        0.0192213524132967
                    ],
                    [
                        0.0,
                        0.0,
                        0.01922135055065155
                    ],
                    [
                        0.0,
                        0.0,
                        0.015117987990379333
                    ],
                    [
                        0.0,
                        0.0,
                        0.015117987990379333
                    ],
                    [
                        0.0,
                        0.0,
                        0.02062181383371353
                    ],
                    [
                        0.0,
                        0.0,
                        0.018430981785058975
                    ],
                    [
                        0.0,
                        0.0,
                        0.01670534908771515
                    ],
                    [
                        0.0,
                        0.0,
                        0.02062181755900383
                    ],
                    [
                        0.0,
                        0.0,
                        0.018430981785058975
                    ],
                    [
                        0.0,
                        0.0,
                        0.01670534908771515
                    ]
                ]
            ]
        }
    ]
}