{
    "people": [
        {
            "person_id": [
                1
            ],
            "pose_keypoints_2d": [
                [
                    [
                        409.408203125,
                        126.990234375,
                        0.966239333152771
                    ],
                    [
                        417.201171875,
                        145.173828125,
                        0.9221974611282349
                    ],
                    [
                        399.017578125,
                        142.576171875,
                        0.939866840839386
                    ],
                    [
                        396.419921875,
                        176.345703125,
                        0.9539099931716919
                    ],
                    [
                        388.626953125,
                        207.517578125,
                        0.9139019250869751
                    ],
                    [
                        435.384765625,
                        147.771484375,
                        0.9045280814170837
                    ],
                    [
                        450.970703125,
                        189.333984375,
                        0.9675171375274658
                    ],
                    [
                        435.384765625,
                        223.103515625,
                        0.856282114982605
                    ],
                    [
                        415.90234375,
                        219.20703125,
                        0.8067460060119629
                    ],
                    [
                        404.212890625,
                        217.908203125,
                        0.8277464509010315
                    ],
                    [
                        391.224609375,
                        267.263671875,
                        0.9681437611579895
                    ],
                    [
                        417.201171875,
                        298.435546875,
                        0.891491174697876
                    ],
                    [
                        427.591796875,
                        220.505859375,
                        0.7857456207275391
                    ],
                    [
                        427.591796875,
                        272.458984375,
                        0.9265514016151428
                    ],
                    [
                        422.396484375,
                        321.814453125,
                        0.9343985319137573
                    ],
                    [
                        404.212890625,
                        121.794921875,
                        0.9575666189193726
                    ],
                    [
                        414.603515625,
                        121.794921875,
                        0.9912254810333252
                    ],
                    [
                        401.615234375,
                        121.794921875,
                        0.8534286022186279
                    ],
                    [
                        422.396484375,
                        121.794921875,
                        0.9299227595329285
                    ],
                    [
                        401.615234375,
                        329.607421875,
                        0.9149037599563599
                    ],
                    [
                        412.005859375,
                        332.205078125,
                        0.8406311273574829
                    ],
                    [
                        427.591796875,
                        324.412109375,
                        0.8510642051696777
                    ],
                    [
                        409.408203125,
                        319.216796875,
                        0.7614520788192749
                    ],
                    [
                        409.408203125,
                        314.021484375,
                        0.7690073847770691
                    ],
                    [
                        422.396484375,
                        303.630859375,
                        0.6817095279693604
                    ]
                ]
            ]
        },
        {
            "person_id": [
                2
            ],
            "pose_keypoints_2d": [
                [
                    [
                        0.0,
                        0.0,
                        0.020518917590379715
                    ],
                    [
                        0.0,
                        0.0,
                        0.029968533664941788
                    ],
                    [
                        0.0,
                        0.0,
                        0.029968533664941788
                    ],
                    [
                        0.0,
                        0.0,
                        0.012063602916896343
                    ],
                    [
                        0.0,
                        0.0,
                        0.007581430021673441
                    ],
                    [
                        0.0,
                        0.0,
                        0.029968533664941788
                    ],
                    [
                        0.0,
                        0.0,
                        0.009143783710896969
                    ],
                    [
                        0.0,
                        0.0,
                        0.0075843557715415955
                    ],
                    [
                        0.0,
                        0.0,
                        0.037558868527412415
                    ],
                    [
                        0.0,
                        0.0,
                        0.037558868527412415
                    ],
                    [
                        0.0,
                        0.0,
                        0.02542298100888729
                    ],
                    [
                        0.0,
                        0.0,
                        0.034213125705718994
                    ],
                    [
                        0.0,
                        0.0,
                        0.037558868527412415
                    ],
                    [
                        0.0,
                        0.0,
                        0.02542298100888729
                    ],
                    [
                        0.0,
                        0.0,
                        0.034213125705718994
                    ],
                    [
                        0.0,
                        0.0,
                        0.01922135055065155
                    ],
                    [
                        0.0,
                        0.0,
                        0.01922135055065155
                    ],
                    [
                        0.0,
                        0.0,
                        0.015117987990379333
                    ],
                    [
                        0.0,
                        0.0,
                        0.015117987990379333
                    ],
                    [
                        0.0,
                        0.0,
                        0.02062181383371353
                    ],
                    [
                        0.0,
                        0.0,
                        0.018430981785058975
                    ],
                    [
                        0.0,
                        0.0,
                        0.01670534908771515
                    ],
                    [
                        0.0,
                        0.0,
                        0.02062181383371353
                    ],
                    [
                        0.0,
                        0.0,
                        0.018430981785058975
                    ],
                    [
                        0.0,
                        0.0,
                        0.01670534908771515
                    ]
                ]
            ]
        }
    ]
}