{
    "people": [
        {
            "person_id": [
                1
            ],
            "pose_keypoints_2d": [
                [
                    [
                        424.0908203125,
                        129.4541015625,
                        0.9555413722991943
                    ],
                    [
                        437.0302734375,
                        144.9814453125,
                        0.9140836596488953
                    ],
                    [
                        421.5029296875,
                        142.3935546875,
                        0.8912321925163269
                    ],
                    [
                        424.0908203125,
                        176.0361328125,
                        0.9613478183746338
                    ],
                    [
                        411.1513671875,
                        201.9150390625,
                        0.8908222913742065
                    ],
                    [
                        452.5576171875,
                        147.5693359375,
                        0.9369351267814636
                    ],
                    [
                        468.0849609375,
                        186.3876953125,
                        0.9823002815246582
                    ],
                    [
                        468.0849609375,
                        225.2060546875,
                        0.8745359182357788
                    ],
                    [
                        438.32421875,
                        212.2666015625,
                        0.8452656269073486
                    ],
                    [
                        429.2666015625,
                        212.2666015625,
                        0.8428253531455994
                    ],
                    [
                        439.6181640625,
                        261.4365234375,
                        0.8787044286727905
                    ],
                    [
                        475.8486328125,
                        289.9033203125,
                        0.9316820502281189
                    ],
                    [
                        447.3818359375,
                        212.2666015625,
                        0.8477059602737427
                    ],
                    [
                        434.4423828125,
                        266.6123046875,
                        0.9009346961975098
                    ],
                    [
                        424.0908203125,
                        320.9580078125,
                        0.9170873761177063
                    ],
                    [
                        421.5029296875,
                        124.2783203125,
                        0.980354368686676
                    ],
                    [
                        429.2666015625,
                        124.2783203125,
                        0.9565624594688416
                    ],
                    [
                        418.9150390625,
                        124.2783203125,
                        0.879496157169342
                    ],
                    [
                        442.2060546875,
                        121.6904296875,
                        0.919928252696991
                    ],
                    [
                        403.3876953125,
                        328.7216796875,
                        0.8894320130348206
                    ],
                    [
                        411.1513671875,
                        331.3095703125,
                        0.864510178565979
                    ],
                    [
                        426.6787109375,
                        323.5458984375,
                        0.9291408658027649
                    ],
                    [
                        470.6728515625,
                        310.6064453125,
                        0.9012596607208252
                    ],
                    [
                        470.6728515625,
                        305.4306640625,
                        0.9057927131652832
                    ],
                    [
                        481.0244140625,
                        289.9033203125,
                        0.8704516887664795
                    ]
                ]
            ]
        },
        {
            "person_id": [
                2
            ],
            "pose_keypoints_2d": [
                [
                    [
                        0.0,
                        0.0,
                        0.020518917590379715
                    ],
                    [
                        0.0,
                        0.0,
                        0.029968533664941788
                    ],
                    [
                        0.0,
                        0.0,
                        0.029968533664941788
                    ],
                    [
                        0.0,
                        0.0,
                        0.012063602916896343
                    ],
                    [
                        0.0,
                        0.0,
                        0.007581430021673441
                    ],
                    [
                        0.0,
                        0.0,
                        0.029968533664941788
                    ],
                    [
                        0.0,
                        0.0,
                        0.009143782779574394
                    ],
                    [
                        0.0,
                        0.0,
                        0.0075843557715415955
                    ],
                    [
                        0.0,
                        0.0,
                        0.037558868527412415
                    ],
                    [
                        0.0,
                        0.0,
                        0.037558868527412415
                    ],
                    [
                        0.0,
                        0.0,
                        0.02542298100888729
                    ],
                    [
                        0.0,
                        0.0,
                        0.034213125705718994
                    ],
                    [
                        0.0,
                        0.0,
                        0.037558868527412415
                    ],
                    [
                        0.0,
                        0.0,
                        0.02542298100888729
                    ],
                    [
                        0.0,
                        0.0,
                        0.034213125705718994
                    ],
                    [
                        0.0,
                        0.0,
                        0.01922135055065155
                    ],
                    [
                        0.0,
                        0.0,
                        0.01922135055065155
                    ],
                    [
                        0.0,
                        0.0,
                        0.015117987990379333
                    ],
                    [
                        0.0,
                        0.0,
                        0.015117987990379333
                    ],
                    [
                        0.0,
                        0.0,
                        0.020621811971068382
                    ],
                    [
                        0.0,
                        0.0,
                        0.018430981785058975
                    ],
                    [
                        0.0,
                        0.0,
                        0.01670534908771515
                    ],
                    [
                        0.0,
                        0.0,
                        0.02062181755900383
                    ],
                    [
                        0.0,
                        0.0,
                        0.018430981785058975
                    ],
                    [
                        0.0,
                        0.0,
                        0.01670534908771515
                    ]
                ]
            ]
        }
    ]
}