{
    "people": [
        {
            "person_id": [
                1
            ],
            "pose_keypoints_2d": [
                [
                    [
                        365.9169921875,
                        134.5869140625,
                        0.9539903402328491
                    ],
                    [
                        368.7978515625,
                        154.7529296875,
                        0.9221199750900269
                    ],
                    [
                        345.7509765625,
                        154.7529296875,
                        0.9112170338630676
                    ],
                    [
                        339.9892578125,
                        192.2041015625,
                        0.969019889831543
                    ],
                    [
                        331.3466796875,
                        226.7744140625,
                        0.9244897961616516
                    ],
                    [
                        391.8447265625,
                        154.7529296875,
                        0.9330229759216309
                    ],
                    [
                        412.0107421875,
                        192.2041015625,
                        0.9945061802864075
                    ],
                    [
                        420.6533203125,
                        232.5361328125,
                        0.9059637784957886
                    ],
                    [
                        371.6787109375,
                        235.4169921875,
                        0.8488341569900513
                    ],
                    [
                        357.2744140625,
                        235.4169921875,
                        0.8264515399932861
                    ],
                    [
                        357.2744140625,
                        290.1533203125,
                        0.9113383293151855
                    ],
                    [
                        357.2744140625,
                        347.7705078125,
                        0.9327596426010132
                    ],
                    [
                        386.0830078125,
                        235.4169921875,
                        0.8712167739868164
                    ],
                    [
                        391.8447265625,
                        290.1533203125,
                        0.9082578420639038
                    ],
                    [
                        409.1298828125,
                        310.3193359375,
                        0.9260604977607727
                    ],
                    [
                        360.1552734375,
                        128.8251953125,
                        0.9529479146003723
                    ],
                    [
                        368.7978515625,
                        128.8251953125,
                        0.9542391896247864
                    ],
                    [
                        354.3935546875,
                        128.8251953125,
                        0.9401264190673828
                    ],
                    [
                        377.4404296875,
                        125.9443359375,
                        0.9225442409515381
                    ],
                    [
                        400.4873046875,
                        333.3662109375,
                        0.9130252003669739
                    ],
                    [
                        406.2490234375,
                        330.4853515625,
                        0.8777651190757751
                    ],
                    [
                        414.8916015625,
                        310.3193359375,
                        0.7764251232147217
                    ],
                    [
                        348.6318359375,
                        362.1748046875,
                        0.8015375137329102
                    ],
                    [
                        342.8701171875,
                        359.2939453125,
                        0.8576825261116028
                    ],
                    [
                        360.1552734375,
                        353.5322265625,
                        0.8402131795883179
                    ]
                ]
            ]
        },
        {
            "person_id": [
                2
            ],
            "pose_keypoints_2d": [
                [
                    [
                        0.0,
                        0.0,
                        0.02053990215063095
                    ],
                    [
                        0.0,
                        0.0,
                        0.02973298355937004
                    ],
                    [
                        0.0,
                        0.0,
                        0.02973298355937004
                    ],
                    [
                        0.0,
                        0.0,
                        0.01196254137903452
                    ],
                    [
                        0.0,
                        0.0,
                        0.007421588525176048
                    ],
                    [
                        0.0,
                        0.0,
                        0.02973298355937004
                    ],
                    [
                        0.0,
                        0.0,
                        0.008996602147817612
                    ],
                    [
                        0.0,
                        0.0,
                        0.007513847202062607
                    ],
                    [
                        0.0,
                        0.0,
                        0.037304166704416275
                    ],
                    [
                        0.0,
                        0.0,
                        0.037304166704416275
                    ],
                    [
                        0.0,
                        0.0,
                        0.02520212158560753
                    ],
                    [
                        0.0,
                        0.0,
                        0.033779580146074295
                    ],
                    [
                        0.0,
                        0.0,
                        0.037304166704416275
                    ],
                    [
                        0.0,
                        0.0,
                        0.02520212158560753
                    ],
                    [
                        0.0,
                        0.0,
                        0.033779580146074295
                    ],
                    [
                        0.0,
                        0.0,
                        0.019236018881201744
                    ],
                    [
                        0.0,
                        0.0,
                        0.019236017018556595
                    ],
                    [
                        0.0,
                        0.0,
                        0.015073975548148155
                    ],
                    [
                        0.0,
                        0.0,
                        0.015073975548148155
                    ],
                    [
                        0.0,
                        0.0,
                        0.020099788904190063
                    ],
                    [
                        0.0,
                        0.0,
                        0.0185064859688282
                    ],
                    [
                        0.0,
                        0.0,
                        0.016233710572123528
                    ],
                    [
                        0.0,
                        0.0,
                        0.020099788904190063
                    ],
                    [
                        0.0,
                        0.0,
                        0.0185064859688282
                    ],
                    [
                        0.0,
                        0.0,
                        0.016233710572123528
                    ]
                ]
            ]
        }
    ]
}