{
    "people": [
        {
            "person_id": [
                1
            ],
            "pose_keypoints_2d": [
                [
                    [
                        354.1767578125,
                        135.5556640625,
                        0.9653183221817017
                    ],
                    [
                        347.7900390625,
                        159.505859375,
                        0.9218932390213013
                    ],
                    [
                        319.0498046875,
                        161.1025390625,
                        0.8988311290740967
                    ],
                    [
                        303.0830078125,
                        199.4228515625,
                        0.9568445682525635
                    ],
                    [
                        290.3095703125,
                        237.7431640625,
                        0.9028307199478149
                    ],
                    [
                        376.5302734375,
                        157.9091796875,
                        0.9449552893638611
                    ],
                    [
                        392.4970703125,
                        196.2294921875,
                        0.954999566078186
                    ],
                    [
                        398.8837890625,
                        234.5498046875,
                        0.9038801193237305
                    ],
                    [
                        357.3701171875,
                        242.533203125,
                        0.8521865606307983
                    ],
                    [
                        341.4033203125,
                        244.1298828125,
                        0.8541383743286133
                    ],
                    [
                        347.7900390625,
                        301.6103515625,
                        0.872674286365509
                    ],
                    [
                        357.3701171875,
                        346.3173828125,
                        0.943791925907135
                    ],
                    [
                        373.3369140625,
                        240.9365234375,
                        0.8502347469329834
                    ],
                    [
                        366.9501953125,
                        301.6103515625,
                        0.9135234355926514
                    ],
                    [
                        363.7568359375,
                        371.8642578125,
                        0.8788472414016724
                    ],
                    [
                        347.7900390625,
                        129.1689453125,
                        0.9826769232749939
                    ],
                    [
                        360.5634765625,
                        132.3623046875,
                        0.953800618648529
                    ],
                    [
                        338.2099609375,
                        129.1689453125,
                        0.9349057078361511
                    ],
                    [
                        363.7568359375,
                        129.1689453125,
                        0.863328218460083
                    ],
                    [
                        360.5634765625,
                        387.8310546875,
                        0.8252160549163818
                    ],
                    [
                        370.1435546875,
                        387.8310546875,
                        0.8529788255691528
                    ],
                    [
                        360.5634765625,
                        375.0576171875,
                        0.8165063858032227
                    ],
                    [
                        347.7900390625,
                        365.4775390625,
                        0.8359324336051941
                    ],
                    [
                        344.5966796875,
                        359.0908203125,
                        0.8470054864883423
                    ],
                    [
                        360.5634765625,
                        352.7041015625,
                        0.7940695285797119
                    ]
                ]
            ]
        },
        {
            "person_id": [
                2
            ],
            "pose_keypoints_2d": [
                [
                    [
                        0.0,
                        0.0,
                        0.020531099289655685
                    ],
                    [
                        0.0,
                        0.0,
                        0.029849819839000702
                    ],
                    [
                        0.0,
                        0.0,
                        0.029849819839000702
                    ],
                    [
                        0.0,
                        0.0,
                        0.012015359476208687
                    ],
                    [
                        0.0,
                        0.0,
                        0.007502174004912376
                    ],
                    [
                        0.0,
                        0.0,
                        0.029849819839000702
                    ],
                    [
                        0.0,
                        0.0,
                        0.00905443076044321
                    ],
                    [
                        0.0,
                        0.0,
                        0.007550043519586325
                    ],
                    [
                        0.0,
                        0.0,
                        0.037438396364450455
                    ],
                    [
                        0.0,
                        0.0,
                        0.037438396364450455
                    ],
                    [
                        0.0,
                        0.0,
                        0.025315171107649803
                    ],
                    [
                        0.0,
                        0.0,
                        0.03399762138724327
                    ],
                    [
                        0.0,
                        0.0,
                        0.037438396364450455
                    ],
                    [
                        0.0,
                        0.0,
                        0.025315171107649803
                    ],
                    [
                        0.0,
                        0.0,
                        0.03399762138724327
                    ],
                    [
                        0.0,
                        0.0,
                        0.019224030897021294
                    ],
                    [
                        0.0,
                        0.0,
                        0.019224032759666443
                    ],
                    [
                        0.0,
                        0.0,
                        0.015098605304956436
                    ],
                    [
                        0.0,
                        0.0,
                        0.015098605304956436
                    ],
                    [
                        0.0,
                        0.0,
                        0.020358137786388397
                    ],
                    [
                        0.0,
                        0.0,
                        0.018469566479325294
                    ],
                    [
                        0.0,
                        0.0,
                        0.01647251471877098
                    ],
                    [
                        0.0,
                        0.0,
                        0.020358137786388397
                    ],
                    [
                        0.0,
                        0.0,
                        0.018469566479325294
                    ],
                    [
                        0.0,
                        0.0,
                        0.01647251471877098
                    ]
                ]
            ]
        }
    ]
}