{
    "people": [
        {
            "person_id": [
                1
            ],
            "pose_keypoints_2d": [
                [
                    [
                        354.6171875,
                        138.4765625,
                        0.9641924500465393
                    ],
                    [
                        345.0078125,
                        162.5,
                        0.9384393692016602
                    ],
                    [
                        316.1796875,
                        164.1015625,
                        0.939426600933075
                    ],
                    [
                        296.9609375,
                        202.5390625,
                        0.9713772535324097
                    ],
                    [
                        284.1484375,
                        240.9765625,
                        0.9027525186538696
                    ],
                    [
                        373.8359375,
                        160.8984375,
                        0.9374520778656006
                    ],
                    [
                        389.8515625,
                        199.3359375,
                        0.9704968929290771
                    ],
                    [
                        396.2578125,
                        240.9765625,
                        0.9063547849655151
                    ],
                    [
                        353.015625,
                        247.3828125,
                        0.8752433061599731
                    ],
                    [
                        335.3984375,
                        247.3828125,
                        0.8768470287322998
                    ],
                    [
                        345.0078125,
                        305.0390625,
                        0.8473159074783325
                    ],
                    [
                        354.6171875,
                        346.6796875,
                        0.919647216796875
                    ],
                    [
                        370.6328125,
                        247.3828125,
                        0.8736395835876465
                    ],
                    [
                        364.2265625,
                        308.2421875,
                        0.9183145761489868
                    ],
                    [
                        357.8203125,
                        381.9140625,
                        0.8767050504684448
                    ],
                    [
                        348.2109375,
                        132.0703125,
                        0.9441361427307129
                    ],
                    [
                        357.8203125,
                        132.0703125,
                        0.9521355628967285
                    ],
                    [
                        335.3984375,
                        132.0703125,
                        0.9319586753845215
                    ],
                    [
                        361.0234375,
                        132.0703125,
                        0.8825395107269287
                    ],
                    [
                        357.8203125,
                        397.9296875,
                        0.8182848691940308
                    ],
                    [
                        364.2265625,
                        394.7265625,
                        0.8482591509819031
                    ],
                    [
                        354.6171875,
                        388.3203125,
                        0.8172286748886108
                    ],
                    [
                        345.0078125,
                        365.8984375,
                        0.8453809022903442
                    ],
                    [
                        341.8046875,
                        362.6953125,
                        0.8666877150535583
                    ],
                    [
                        357.8203125,
                        349.8828125,
                        0.7397547960281372
                    ]
                ]
            ]
        },
        {
            "person_id": [
                2
            ],
            "pose_keypoints_2d": [
                [
                    [
                        0.0,
                        0.0,
                        0.020531099289655685
                    ],
                    [
                        0.0,
                        0.0,
                        0.029849819839000702
                    ],
                    [
                        0.0,
                        0.0,
                        0.029849819839000702
                    ],
                    [
                        0.0,
                        0.0,
                        0.012015359476208687
                    ],
                    [
                        0.0,
                        0.0,
                        0.007502174004912376
                    ],
                    [
                        0.0,
                        0.0,
                        0.029849819839000702
                    ],
                    [
                        0.0,
                        0.0,
                        0.009054431691765785
                    ],
                    [
                        0.0,
                        0.0,
                        0.007550043519586325
                    ],
                    [
                        0.0,
                        0.0,
                        0.037438396364450455
                    ],
                    [
                        0.0,
                        0.0,
                        0.037438396364450455
                    ],
                    [
                        0.0,
                        0.0,
                        0.025315171107649803
                    ],
                    [
                        0.0,
                        0.0,
                        0.03399762138724327
                    ],
                    [
                        0.0,
                        0.0,
                        0.037438396364450455
                    ],
                    [
                        0.0,
                        0.0,
                        0.025315171107649803
                    ],
                    [
                        0.0,
                        0.0,
                        0.03399762138724327
                    ],
                    [
                        0.0,
                        0.0,
                        0.019224030897021294
                    ],
                    [
                        0.0,
                        0.0,
                        0.019224032759666443
                    ],
                    [
                        0.0,
                        0.0,
                        0.015098605304956436
                    ],
                    [
                        0.0,
                        0.0,
                        0.015098605304956436
                    ],
                    [
                        0.0,
                        0.0,
                        0.020358137786388397
                    ],
                    [
                        0.0,
                        0.0,
                        0.018469566479325294
                    ],
                    [
                        0.0,
                        0.0,
                        0.01647251471877098
                    ],
                    [
                        0.0,
                        0.0,
                        0.020358137786388397
                    ],
                    [
                        0.0,
                        0.0,
                        0.018469566479325294
                    ],
                    [
                        0.0,
                        0.0,
                        0.01647251471877098
                    ]
                ]
            ]
        }
    ]
}