{
    "people": [
        {
            "person_id": [
                1
            ],
            "pose_keypoints_2d": [
                [
                    [
                        427.12890625,
                        138.07424926757812,
                        0.9578021764755249
                    ],
                    [
                        384.8828125,
                        174.28518676757812,
                        0.8761233687400818
                    ],
                    [
                        370.80078125,
                        174.28518676757812,
                        0.9066745042800903
                    ],
                    [
                        342.63671875,
                        238.66015625,
                        0.9536522030830383
                    ],
                    [
                        366.77734375,
                        303.0351867675781,
                        0.8895912170410156
                    ],
                    [
                        398.96484375,
                        174.28518676757812,
                        0.8455722332000732
                    ],
                    [
                        390.91796875,
                        230.61331176757812,
                        0.757628321647644
                    ],
                    [
                        398.96484375,
                        282.9179992675781,
                        0.5391882658004761
                    ],
                    [
                        390.91796875,
                        288.9531555175781,
                        0.8666583895683289
                    ],
                    [
                        378.84765625,
                        290.9648742675781,
                        0.8539849519729614
                    ],
                    [
                        370.80078125,
                        367.4101867675781,
                        0.8899268507957458
                    ],
                    [
                        350.68359375,
                        443.8554382324219,
                        0.9100297689437866
                    ],
                    [
                        402.98828125,
                        286.9414367675781,
                        0.8793318271636963
                    ],
                    [
                        423.10546875,
                        355.3398742675781,
                        0.9181171655654907
                    ],
                    [
                        435.17578125,
                        431.7851257324219,
                        0.9229764342308044
                    ],
                    [
                        419.08203125,
                        130.02737426757812,
                        0.9513819217681885
                    ],
                    [
                        427.12890625,
                        130.02737426757812,
                        0.9395216703414917
                    ],
                    [
                        398.96484375,
                        134.05081176757812,
                        0.9430606365203857
                    ],
                    [
                        411.03515625,
                        134.05081176757812,
                        0.692859411239624
                    ],
                    [
                        467.36328125,
                        435.8085632324219,
                        0.8945432901382446
                    ],
                    [
                        467.36328125,
                        431.7851257324219,
                        0.8663712739944458
                    ],
                    [
                        427.12890625,
                        439.8320007324219,
                        0.8777594566345215
                    ],
                    [
                        370.80078125,
                        467.9960632324219,
                        0.8626691102981567
                    ],
                    [
                        362.75390625,
                        467.9960632324219,
                        0.850222647190094
                    ],
                    [
                        346.66015625,
                        447.8788757324219,
                        0.8534848690032959
                    ]
                ]
            ]
        },
        {
            "person_id": [
                2
            ],
            "pose_keypoints_2d": [
                [
                    [
                        0.0,
                        0.0,
                        0.02053990215063095
                    ],
                    [
                        0.0,
                        0.0,
                        0.02973298355937004
                    ],
                    [
                        0.0,
                        0.0,
                        0.02973298355937004
                    ],
                    [
                        0.0,
                        0.0,
                        0.01196254137903452
                    ],
                    [
                        0.0,
                        0.0,
                        0.007421588525176048
                    ],
                    [
                        0.0,
                        0.0,
                        0.02973298355937004
                    ],
                    [
                        0.0,
                        0.0,
                        0.008996602147817612
                    ],
                    [
                        0.0,
                        0.0,
                        0.007513847202062607
                    ],
                    [
                        0.0,
                        0.0,
                        0.037304166704416275
                    ],
                    [
                        0.0,
                        0.0,
                        0.037304166704416275
                    ],
                    [
                        0.0,
                        0.0,
                        0.02520212158560753
                    ],
                    [
                        0.0,
                        0.0,
                        0.033779580146074295
                    ],
                    [
                        0.0,
                        0.0,
                        0.037304166704416275
                    ],
                    [
                        0.0,
                        0.0,
                        0.02520212158560753
                    ],
                    [
                        0.0,
                        0.0,
                        0.033779580146074295
                    ],
                    [
                        0.0,
                        0.0,
                        0.019236018881201744
                    ],
                    [
                        0.0,
                        0.0,
                        0.019236018881201744
                    ],
                    [
                        0.0,
                        0.0,
                        0.015073975548148155
                    ],
                    [
                        0.0,
                        0.0,
                        0.015073975548148155
                    ],
                    [
                        0.0,
                        0.0,
                        0.020099788904190063
                    ],
                    [
                        0.0,
                        0.0,
                        0.0185064859688282
                    ],
                    [
                        0.0,
                        0.0,
                        0.016233710572123528
                    ],
                    [
                        0.0,
                        0.0,
                        0.020099788904190063
                    ],
                    [
                        0.0,
                        0.0,
                        0.0185064859688282
                    ],
                    [
                        0.0,
                        0.0,
                        0.016233710572123528
                    ]
                ]
            ]
        }
    ]
}