{
    "people": [
        {
            "person_id": [
                1
            ],
            "pose_keypoints_2d": [
                [
                    [
                        453.9521484375,
                        133.11033630371094,
                        0.9504561424255371
                    ],
                    [
                        412.62890625,
                        172.46580505371094,
                        0.8618959188461304
                    ],
                    [
                        402.7900390625,
                        172.46580505371094,
                        0.8912608623504639
                    ],
                    [
                        379.1767578125,
                        231.49900817871094,
                        0.9056184887886047
                    ],
                    [
                        398.8544921875,
                        290.5322265625,
                        0.842433512210846
                    ],
                    [
                        422.4677734375,
                        172.46580505371094,
                        0.8325309157371521
                    ],
                    [
                        414.5966796875,
                        231.49900817871094,
                        0.728359043598175
                    ],
                    [
                        418.5322265625,
                        282.6611328125,
                        0.661899209022522
                    ],
                    [
                        412.62890625,
                        284.62890625,
                        0.8386972546577454
                    ],
                    [
                        402.7900390625,
                        286.5966796875,
                        0.8136920928955078
                    ],
                    [
                        414.5966796875,
                        365.3076171875,
                        0.8792755603790283
                    ],
                    [
                        379.1767578125,
                        436.1474609375,
                        0.9301996231079102
                    ],
                    [
                        422.4677734375,
                        282.6611328125,
                        0.8637024164199829
                    ],
                    [
                        430.3388671875,
                        357.4365234375,
                        0.8778713345527649
                    ],
                    [
                        434.2744140625,
                        428.2763671875,
                        0.9202578067779541
                    ],
                    [
                        446.0810546875,
                        125.23924255371094,
                        0.9477325081825256
                    ],
                    [
                        450.0166015625,
                        125.23924255371094,
                        0.9529329538345337
                    ],
                    [
                        426.4033203125,
                        129.17478942871094,
                        0.9303886890411377
                    ],
                    [
                        434.2744140625,
                        129.17478942871094,
                        0.6543181538581848
                    ],
                    [
                        469.6943359375,
                        436.1474609375,
                        0.8580730557441711
                    ],
                    [
                        465.7587890625,
                        432.2119140625,
                        0.8641834259033203
                    ],
                    [
                        430.3388671875,
                        436.1474609375,
                        0.8851350545883179
                    ],
                    [
                        406.7255859375,
                        451.8896484375,
                        0.865079402923584
                    ],
                    [
                        398.8544921875,
                        455.8251953125,
                        0.8543899655342102
                    ],
                    [
                        371.3056640625,
                        440.0830078125,
                        0.8607388138771057
                    ]
                ]
            ]
        },
        {
            "person_id": [
                2
            ],
            "pose_keypoints_2d": [
                [
                    [
                        0.0,
                        0.0,
                        0.02053990215063095
                    ],
                    [
                        0.0,
                        0.0,
                        0.02973298355937004
                    ],
                    [
                        0.0,
                        0.0,
                        0.02973298355937004
                    ],
                    [
                        0.0,
                        0.0,
                        0.01196254137903452
                    ],
                    [
                        0.0,
                        0.0,
                        0.007421588525176048
                    ],
                    [
                        0.0,
                        0.0,
                        0.02973298355937004
                    ],
                    [
                        0.0,
                        0.0,
                        0.008996602147817612
                    ],
                    [
                        0.0,
                        0.0,
                        0.007513847202062607
                    ],
                    [
                        0.0,
                        0.0,
                        0.037304166704416275
                    ],
                    [
                        0.0,
                        0.0,
                        0.037304166704416275
                    ],
                    [
                        0.0,
                        0.0,
                        0.02520212158560753
                    ],
                    [
                        0.0,
                        0.0,
                        0.033779580146074295
                    ],
                    [
                        0.0,
                        0.0,
                        0.037304166704416275
                    ],
                    [
                        0.0,
                        0.0,
                        0.02520212158560753
                    ],
                    [
                        0.0,
                        0.0,
                        0.033779580146074295
                    ],
                    [
                        0.0,
                        0.0,
                        0.019236018881201744
                    ],
                    [
                        0.0,
                        0.0,
                        0.019236018881201744
                    ],
                    [
                        0.0,
                        0.0,
                        0.015073975548148155
                    ],
                    [
                        0.0,
                        0.0,
                        0.015073975548148155
                    ],
                    [
                        0.0,
                        0.0,
                        0.020099785178899765
                    ],
                    [
                        0.0,
                        0.0,
                        0.0185064859688282
                    ],
                    [
                        0.0,
                        0.0,
                        0.016233710572123528
                    ],
                    [
                        0.0,
                        0.0,
                        0.020099788904190063
                    ],
                    [
                        0.0,
                        0.0,
                        0.0185064859688282
                    ],
                    [
                        0.0,
                        0.0,
                        0.016233710572123528
                    ]
                ]
            ]
        }
    ]
}