{
    "people": [
        {
            "person_id": [
                1
            ],
            "pose_keypoints_2d": [
                [
                    [
                        369.4189453125,
                        137.9892578125,
                        0.9422634243965149
                    ],
                    [
                        344.98046875,
                        169.947265625,
                        0.9219606518745422
                    ],
                    [
                        313.0224609375,
                        171.8271484375,
                        0.9217543601989746
                    ],
                    [
                        294.2236328125,
                        220.7041015625,
                        0.9871940612792969
                    ],
                    [
                        294.2236328125,
                        269.5810546875,
                        0.9048760533332825
                    ],
                    [
                        376.9384765625,
                        168.0673828125,
                        0.9221669435501099
                    ],
                    [
                        391.9775390625,
                        213.1845703125,
                        0.9487453699111938
                    ],
                    [
                        407.0166015625,
                        247.0224609375,
                        0.901294469833374
                    ],
                    [
                        352.5,
                        269.5810546875,
                        0.8498006463050842
                    ],
                    [
                        335.5810546875,
                        269.5810546875,
                        0.862308144569397
                    ],
                    [
                        339.3408203125,
                        344.7763671875,
                        0.8943089842796326
                    ],
                    [
                        339.3408203125,
                        423.7314453125,
                        0.9012281894683838
                    ],
                    [
                        369.4189453125,
                        269.5810546875,
                        0.8372931480407715
                    ],
                    [
                        361.8994140625,
                        337.2568359375,
                        0.8867052793502808
                    ],
                    [
                        350.6201171875,
                        393.6533203125,
                        0.8944884538650513
                    ],
                    [
                        361.8994140625,
                        134.2294921875,
                        0.950650691986084
                    ],
                    [
                        373.1787109375,
                        134.2294921875,
                        0.9316596984863281
                    ],
                    [
                        343.1005859375,
                        130.4697265625,
                        0.9170158505439758
                    ],
                    [
                        369.4189453125,
                        134.2294921875,
                        0.74102783203125
                    ],
                    [
                        354.3798828125,
                        412.4521484375,
                        0.808545708656311
                    ],
                    [
                        361.8994140625,
                        408.6923828125,
                        0.8286819458007812
                    ],
                    [
                        346.8603515625,
                        401.1728515625,
                        0.7374114394187927
                    ],
                    [
                        346.8603515625,
                        442.5302734375,
                        0.8672827482223511
                    ],
                    [
                        335.5810546875,
                        442.5302734375,
                        0.8933978080749512
                    ],
                    [
                        339.3408203125,
                        431.2509765625,
                        0.7897433042526245
                    ]
                ]
            ]
        },
        {
            "person_id": [
                2
            ],
            "pose_keypoints_2d": [
                [
                    [
                        0.0,
                        0.0,
                        0.02053990215063095
                    ],
                    [
                        0.0,
                        0.0,
                        0.02973298355937004
                    ],
                    [
                        0.0,
                        0.0,
                        0.02973298355937004
                    ],
                    [
                        0.0,
                        0.0,
                        0.01196254137903452
                    ],
                    [
                        0.0,
                        0.0,
                        0.007421588525176048
                    ],
                    [
                        0.0,
                        0.0,
                        0.02973298355937004
                    ],
                    [
                        0.0,
                        0.0,
                        0.008996602147817612
                    ],
                    [
                        0.0,
                        0.0,
                        0.007513847202062607
                    ],
                    [
                        0.0,
                        0.0,
                        0.037304166704416275
                    ],
                    [
                        0.0,
                        0.0,
                        0.037304166704416275
                    ],
                    [
                        0.0,
                        0.0,
                        0.02520212158560753
                    ],
                    [
                        0.0,
                        0.0,
                        0.033779580146074295
                    ],
                    [
                        0.0,
                        0.0,
                        0.037304166704416275
                    ],
                    [
                        0.0,
                        0.0,
                        0.02520212158560753
                    ],
                    [
                        0.0,
                        0.0,
                        0.033779580146074295
                    ],
                    [
                        0.0,
                        0.0,
                        0.019236020743846893
                    ],
                    [
                        0.0,
                        0.0,
                        0.019236020743846893
                    ],
                    [
                        0.0,
                        0.0,
                        0.015073975548148155
                    ],
                    [
                        0.0,
                        0.0,
                        0.015073975548148155
                    ],
                    [
                        0.0,
                        0.0,
                        0.020099788904190063
                    ],
                    [
                        0.0,
                        0.0,
                        0.0185064859688282
                    ],
                    [
                        0.0,
                        0.0,
                        0.016233710572123528
                    ],
                    [
                        0.0,
                        0.0,
                        0.020099785178899765
                    ],
                    [
                        0.0,
                        0.0,
                        0.0185064859688282
                    ],
                    [
                        0.0,
                        0.0,
                        0.016233710572123528
                    ]
                ]
            ]
        }
    ]
}