{
    "people": [
        {
            "person_id": [
                1
            ],
            "pose_keypoints_2d": [
                [
                    [
                        368.8310546875,
                        137.7607421875,
                        0.948487401008606
                    ],
                    [
                        344.51953125,
                        167.6826171875,
                        0.9159324169158936
                    ],
                    [
                        312.7275390625,
                        167.6826171875,
                        0.9107940196990967
                    ],
                    [
                        294.0263671875,
                        220.0458984375,
                        0.989757776260376
                    ],
                    [
                        294.0263671875,
                        268.6689453125,
                        0.89302659034729
                    ],
                    [
                        376.3115234375,
                        167.6826171875,
                        0.9210708737373352
                    ],
                    [
                        391.2724609375,
                        208.8251953125,
                        0.9459052085876465
                    ],
                    [
                        406.2333984375,
                        249.9677734375,
                        0.8931624889373779
                    ],
                    [
                        352.0,
                        268.6689453125,
                        0.843386709690094
                    ],
                    [
                        335.1689453125,
                        268.6689453125,
                        0.8535588979721069
                    ],
                    [
                        338.9091796875,
                        343.4736328125,
                        0.8955751657485962
                    ],
                    [
                        335.1689453125,
                        418.2783203125,
                        0.89949631690979
                    ],
                    [
                        368.8310546875,
                        268.6689453125,
                        0.833214521408081
                    ],
                    [
                        361.3505859375,
                        335.9931640625,
                        0.877015233039856
                    ],
                    [
                        350.1298828125,
                        392.0966796875,
                        0.9103647470474243
                    ],
                    [
                        361.3505859375,
                        130.2802734375,
                        0.9469277858734131
                    ],
                    [
                        372.5712890625,
                        134.0205078125,
                        0.9257780313491821
                    ],
                    [
                        342.6494140625,
                        130.2802734375,
                        0.9247303009033203
                    ],
                    [
                        368.8310546875,
                        134.0205078125,
                        0.7372984290122986
                    ],
                    [
                        353.8701171875,
                        414.5380859375,
                        0.8427401781082153
                    ],
                    [
                        361.3505859375,
                        407.0576171875,
                        0.8296498656272888
                    ],
                    [
                        346.3896484375,
                        399.5771484375,
                        0.7342674136161804
                    ],
                    [
                        342.6494140625,
                        436.9794921875,
                        0.8685017228126526
                    ],
                    [
                        331.4287109375,
                        440.7197265625,
                        0.8949601650238037
                    ],
                    [
                        338.9091796875,
                        425.7587890625,
                        0.7895961999893188
                    ]
                ]
            ]
        },
        {
            "person_id": [
                2
            ],
            "pose_keypoints_2d": [
                [
                    [
                        0.0,
                        0.0,
                        0.02053990215063095
                    ],
                    [
                        0.0,
                        0.0,
                        0.02973298355937004
                    ],
                    [
                        0.0,
                        0.0,
                        0.02973298355937004
                    ],
                    [
                        0.0,
                        0.0,
                        0.01196254137903452
                    ],
                    [
                        0.0,
                        0.0,
                        0.007421588525176048
                    ],
                    [
                        0.0,
                        0.0,
                        0.02973298355937004
                    ],
                    [
                        0.0,
                        0.0,
                        0.008996602147817612
                    ],
                    [
                        0.0,
                        0.0,
                        0.007513847202062607
                    ],
                    [
                        0.0,
                        0.0,
                        0.037304166704416275
                    ],
                    [
                        0.0,
                        0.0,
                        0.037304166704416275
                    ],
                    [
                        0.0,
                        0.0,
                        0.02520212158560753
                    ],
                    [
                        0.0,
                        0.0,
                        0.033779580146074295
                    ],
                    [
                        0.0,
                        0.0,
                        0.037304166704416275
                    ],
                    [
                        0.0,
                        0.0,
                        0.02520212158560753
                    ],
                    [
                        0.0,
                        0.0,
                        0.033779580146074295
                    ],
                    [
                        0.0,
                        0.0,
                        0.019236018881201744
                    ],
                    [
                        0.0,
                        0.0,
                        0.019236018881201744
                    ],
                    [
                        0.0,
                        0.0,
                        0.015073975548148155
                    ],
                    [
                        0.0,
                        0.0,
                        0.015073975548148155
                    ],
                    [
                        0.0,
                        0.0,
                        0.020099785178899765
                    ],
                    [
                        0.0,
                        0.0,
                        0.0185064859688282
                    ],
                    [
                        0.0,
                        0.0,
                        0.016233710572123528
                    ],
                    [
                        0.0,
                        0.0,
                        0.020099785178899765
                    ],
                    [
                        0.0,
                        0.0,
                        0.0185064859688282
                    ],
                    [
                        0.0,
                        0.0,
                        0.016233710572123528
                    ]
                ]
            ]
        }
    ]
}