{
    "people": [
        {
            "person_id": [
                1
            ],
            "pose_keypoints_2d": [
                [
                    [
                        363.6279296875,
                        139.5166015625,
                        0.9355282783508301
                    ],
                    [
                        343.916015625,
                        164.6044921875,
                        0.9366068243980408
                    ],
                    [
                        313.4521484375,
                        164.6044921875,
                        0.917647123336792
                    ],
                    [
                        295.5322265625,
                        214.7802734375,
                        0.9612712860107422
                    ],
                    [
                        295.5322265625,
                        261.3720703125,
                        0.8849486708641052
                    ],
                    [
                        374.3798828125,
                        164.6044921875,
                        0.9555665254592896
                    ],
                    [
                        392.2998046875,
                        207.6123046875,
                        0.9692889451980591
                    ],
                    [
                        403.0517578125,
                        247.0361328125,
                        0.8983063697814941
                    ],
                    [
                        349.2919921875,
                        261.3720703125,
                        0.8483567237854004
                    ],
                    [
                        331.3720703125,
                        261.3720703125,
                        0.8698826432228088
                    ],
                    [
                        334.9560546875,
                        333.0517578125,
                        0.8871596455574036
                    ],
                    [
                        327.7880859375,
                        401.1474609375,
                        0.8888940811157227
                    ],
                    [
                        367.2119140625,
                        261.3720703125,
                        0.8268307447433472
                    ],
                    [
                        363.6279296875,
                        329.4677734375,
                        0.925618588924408
                    ],
                    [
                        352.8759765625,
                        390.3955078125,
                        0.8939253091812134
                    ],
                    [
                        356.4599609375,
                        132.3486328125,
                        0.92649245262146
                    ],
                    [
                        367.2119140625,
                        132.3486328125,
                        0.9647580981254578
                    ],
                    [
                        338.5400390625,
                        128.7646484375,
                        0.9377319812774658
                    ],
                    [
                        367.2119140625,
                        128.7646484375,
                        0.7236474752426147
                    ],
                    [
                        349.2919921875,
                        411.8994140625,
                        0.8532119393348694
                    ],
                    [
                        360.0439453125,
                        408.3154296875,
                        0.8672908544540405
                    ],
                    [
                        349.2919921875,
                        393.9794921875,
                        0.7712478041648865
                    ],
                    [
                        331.3720703125,
                        422.6513671875,
                        0.7798101305961609
                    ],
                    [
                        324.2041015625,
                        419.0673828125,
                        0.8202436566352844
                    ],
                    [
                        327.7880859375,
                        404.7314453125,
                        0.8103089928627014
                    ]
                ]
            ]
        },
        {
            "person_id": [
                2
            ],
            "pose_keypoints_2d": [
                [
                    [
                        0.0,
                        0.0,
                        0.020531099289655685
                    ],
                    [
                        0.0,
                        0.0,
                        0.029849819839000702
                    ],
                    [
                        0.0,
                        0.0,
                        0.029849819839000702
                    ],
                    [
                        0.0,
                        0.0,
                        0.012015359476208687
                    ],
                    [
                        0.0,
                        0.0,
                        0.007502174004912376
                    ],
                    [
                        0.0,
                        0.0,
                        0.029849819839000702
                    ],
                    [
                        0.0,
                        0.0,
                        0.009054429829120636
                    ],
                    [
                        0.0,
                        0.0,
                        0.007550043519586325
                    ],
                    [
                        0.0,
                        0.0,
                        0.037438396364450455
                    ],
                    [
                        0.0,
                        0.0,
                        0.037438396364450455
                    ],
                    [
                        0.0,
                        0.0,
                        0.025315171107649803
                    ],
                    [
                        0.0,
                        0.0,
                        0.03399762138724327
                    ],
                    [
                        0.0,
                        0.0,
                        0.037438396364450455
                    ],
                    [
                        0.0,
                        0.0,
                        0.025315171107649803
                    ],
                    [
                        0.0,
                        0.0,
                        0.03399762138724327
                    ],
                    [
                        0.0,
                        0.0,
                        0.019224030897021294
                    ],
                    [
                        0.0,
                        0.0,
                        0.019224030897021294
                    ],
                    [
                        0.0,
                        0.0,
                        0.015098605304956436
                    ],
                    [
                        0.0,
                        0.0,
                        0.015098605304956436
                    ],
                    [
                        0.0,
                        0.0,
                        0.020358137786388397
                    ],
                    [
                        0.0,
                        0.0,
                        0.018469566479325294
                    ],
                    [
                        0.0,
                        0.0,
                        0.01647251471877098
                    ],
                    [
                        0.0,
                        0.0,
                        0.020358137786388397
                    ],
                    [
                        0.0,
                        0.0,
                        0.018469566479325294
                    ],
                    [
                        0.0,
                        0.0,
                        0.01647251471877098
                    ]
                ]
            ]
        }
    ]
}