{
    "people": [
        {
            "person_id": [
                1
            ],
            "pose_keypoints_2d": [
                [
                    [
                        386.201171875,
                        147.35353088378906,
                        0.9537136554718018
                    ],
                    [
                        352.5,
                        179.07228088378906,
                        0.925336480140686
                    ],
                    [
                        322.763671875,
                        183.03712463378906,
                        0.9230034947395325
                    ],
                    [
                        298.974609375,
                        238.54493713378906,
                        0.9746230244636536
                    ],
                    [
                        298.974609375,
                        294.052734375,
                        0.9004809856414795
                    ],
                    [
                        382.236328125,
                        175.10743713378906,
                        0.9276694059371948
                    ],
                    [
                        390.166015625,
                        222.68556213378906,
                        0.9363546371459961
                    ],
                    [
                        406.025390625,
                        270.263671875,
                        0.9011027812957764
                    ],
                    [
                        368.359375,
                        288.10546875,
                        0.8529547452926636
                    ],
                    [
                        350.517578125,
                        290.087890625,
                        0.8513634204864502
                    ],
                    [
                        354.482421875,
                        369.384765625,
                        0.907565712928772
                    ],
                    [
                        350.517578125,
                        444.716796875,
                        0.9088523387908936
                    ],
                    [
                        386.201171875,
                        286.123046875,
                        0.854546070098877
                    ],
                    [
                        398.095703125,
                        353.525390625,
                        0.9208651781082153
                    ],
                    [
                        358.447265625,
                        385.244140625,
                        0.8714732527732849
                    ],
                    [
                        378.271484375,
                        139.42384338378906,
                        0.955031156539917
                    ],
                    [
                        386.201171875,
                        139.42384338378906,
                        0.945614218711853
                    ],
                    [
                        354.482421875,
                        135.45899963378906,
                        0.9050953388214111
                    ],
                    [
                        382.236328125,
                        139.42384338378906,
                        0.6420256495475769
                    ],
                    [
                        370.341796875,
                        416.962890625,
                        0.896209716796875
                    ],
                    [
                        374.306640625,
                        409.033203125,
                        0.8715735077857971
                    ],
                    [
                        350.517578125,
                        385.244140625,
                        0.6635875105857849
                    ],
                    [
                        370.341796875,
                        464.541015625,
                        0.791522204875946
                    ],
                    [
                        358.447265625,
                        468.505859375,
                        0.8581480979919434
                    ],
                    [
                        346.552734375,
                        452.646484375,
                        0.8286535739898682
                    ]
                ]
            ]
        },
        {
            "person_id": [
                2
            ],
            "pose_keypoints_2d": [
                [
                    [
                        0.0,
                        0.0,
                        0.02053990215063095
                    ],
                    [
                        0.0,
                        0.0,
                        0.02973298355937004
                    ],
                    [
                        0.0,
                        0.0,
                        0.02973298355937004
                    ],
                    [
                        0.0,
                        0.0,
                        0.01196254137903452
                    ],
                    [
                        0.0,
                        0.0,
                        0.007421588525176048
                    ],
                    [
                        0.0,
                        0.0,
                        0.02973298355937004
                    ],
                    [
                        0.0,
                        0.0,
                        0.008996602147817612
                    ],
                    [
                        0.0,
                        0.0,
                        0.007513847202062607
                    ],
                    [
                        0.0,
                        0.0,
                        0.037304166704416275
                    ],
                    [
                        0.0,
                        0.0,
                        0.037304166704416275
                    ],
                    [
                        0.0,
                        0.0,
                        0.02520212158560753
                    ],
                    [
                        0.0,
                        0.0,
                        0.033779580146074295
                    ],
                    [
                        0.0,
                        0.0,
                        0.037304166704416275
                    ],
                    [
                        0.0,
                        0.0,
                        0.02520212158560753
                    ],
                    [
                        0.0,
                        0.0,
                        0.033779580146074295
                    ],
                    [
                        0.0,
                        0.0,
                        0.019236018881201744
                    ],
                    [
                        0.0,
                        0.0,
                        0.019236018881201744
                    ],
                    [
                        0.0,
                        0.0,
                        0.015073975548148155
                    ],
                    [
                        0.0,
                        0.0,
                        0.015073975548148155
                    ],
                    [
                        0.0,
                        0.0,
                        0.020099785178899765
                    ],
                    [
                        0.0,
                        0.0,
                        0.0185064859688282
                    ],
                    [
                        0.0,
                        0.0,
                        0.016233710572123528
                    ],
                    [
                        0.0,
                        0.0,
                        0.020099788904190063
                    ],
                    [
                        0.0,
                        0.0,
                        0.0185064859688282
                    ],
                    [
                        0.0,
                        0.0,
                        0.016233710572123528
                    ]
                ]
            ]
        }
    ]
}