{
    "people": [
        {
            "person_id": [
                1
            ],
            "pose_keypoints_2d": [
                [
                    [
                        481.32421875,
                        155.48045349121094,
                        0.9642722606658936
                    ],
                    [
                        440.4453125,
                        199.91404724121094,
                        0.8272989988327026
                    ],
                    [
                        438.66796875,
                        201.69139099121094,
                        0.9190715551376343
                    ],
                    [
                        428.00390625,
                        269.23046875,
                        0.7853773832321167
                    ],
                    [
                        438.66796875,
                        329.66015625,
                        0.8269496560096741
                    ],
                    [
                        442.22265625,
                        198.13670349121094,
                        0.7355265021324158
                    ],
                    [
                        431.55859375,
                        265.67578125,
                        0.6213029026985168
                    ],
                    [
                        442.22265625,
                        326.10546875,
                        0.6692092418670654
                    ],
                    [
                        429.78125,
                        299.4453125,
                        0.7965986728668213
                    ],
                    [
                        424.44921875,
                        301.22265625,
                        0.8159105777740479
                    ],
                    [
                        474.21484375,
                        368.76171875,
                        0.8721879720687866
                    ],
                    [
                        438.66796875,
                        439.85546875,
                        0.9081809520721436
                    ],
                    [
                        435.11328125,
                        297.66796875,
                        0.7772867679595947
                    ],
                    [
                        474.21484375,
                        361.65234375,
                        0.8538057804107666
                    ],
                    [
                        442.22265625,
                        432.74609375,
                        0.8928844928741455
                    ],
                    [
                        470.66015625,
                        148.37107849121094,
                        0.9496873617172241
                    ],
                    [
                        477.76953125,
                        148.37107849121094,
                        0.9375899434089661
                    ],
                    [
                        452.88671875,
                        159.03514099121094,
                        0.9394646286964417
                    ],
                    [
                        459.99609375,
                        155.48045349121094,
                        0.6193090081214905
                    ],
                    [
                        474.21484375,
                        443.41015625,
                        0.9109377861022949
                    ],
                    [
                        470.66015625,
                        439.85546875,
                        0.8667096495628357
                    ],
                    [
                        435.11328125,
                        439.85546875,
                        0.7738226652145386
                    ],
                    [
                        474.21484375,
                        446.96484375,
                        0.8953068852424622
                    ],
                    [
                        467.10546875,
                        454.07421875,
                        0.8426170945167542
                    ],
                    [
                        431.55859375,
                        443.41015625,
                        0.8413400650024414
                    ]
                ]
            ]
        },
        {
            "person_id": [
                2
            ],
            "pose_keypoints_2d": [
                [
                    [
                        0.0,
                        0.0,
                        0.02053990215063095
                    ],
                    [
                        0.0,
                        0.0,
                        0.02973298355937004
                    ],
                    [
                        0.0,
                        0.0,
                        0.02973298355937004
                    ],
                    [
                        0.0,
                        0.0,
                        0.01196254137903452
                    ],
                    [
                        0.0,
                        0.0,
                        0.007421588525176048
                    ],
                    [
                        0.0,
                        0.0,
                        0.02973298355937004
                    ],
                    [
                        0.0,
                        0.0,
                        0.008996602147817612
                    ],
                    [
                        0.0,
                        0.0,
                        0.007513847202062607
                    ],
                    [
                        0.0,
                        0.0,
                        0.037304166704416275
                    ],
                    [
                        0.0,
                        0.0,
                        0.037304166704416275
                    ],
                    [
                        0.0,
                        0.0,
                        0.02520212158560753
                    ],
                    [
                        0.0,
                        0.0,
                        0.033779580146074295
                    ],
                    [
                        0.0,
                        0.0,
                        0.037304166704416275
                    ],
                    [
                        0.0,
                        0.0,
                        0.02520212158560753
                    ],
                    [
                        0.0,
                        0.0,
                        0.033779580146074295
                    ],
                    [
                        0.0,
                        0.0,
                        0.019236020743846893
                    ],
                    [
                        0.0,
                        0.0,
                        0.019236018881201744
                    ],
                    [
                        0.0,
                        0.0,
                        0.015073975548148155
                    ],
                    [
                        0.0,
                        0.0,
                        0.015073975548148155
                    ],
                    [
                        0.0,
                        0.0,
                        0.020099788904190063
                    ],
                    [
                        0.0,
                        0.0,
                        0.0185064859688282
                    ],
                    [
                        0.0,
                        0.0,
                        0.016233710572123528
                    ],
                    [
                        0.0,
                        0.0,
                        0.020099785178899765
                    ],
                    [
                        0.0,
                        0.0,
                        0.0185064859688282
                    ],
                    [
                        0.0,
                        0.0,
                        0.016233710572123528
                    ]
                ]
            ]
        }
    ]
}