{
    "people": [
        {
            "person_id": [
                1
            ],
            "pose_keypoints_2d": [
                [
                    [
                        461.029296875,
                        100.833984375,
                        0.9383317232131958
                    ],
                    [
                        433.001953125,
                        148.880859375,
                        0.873144268989563
                    ],
                    [
                        424.994140625,
                        148.880859375,
                        0.9246529340744019
                    ],
                    [
                        416.986328125,
                        212.943359375,
                        0.8864499926567078
                    ],
                    [
                        424.994140625,
                        273.001953125,
                        0.8767248392105103
                    ],
                    [
                        441.009765625,
                        148.880859375,
                        0.8216355443000793
                    ],
                    [
                        437.005859375,
                        212.943359375,
                        0.6874732971191406
                    ],
                    [
                        437.005859375,
                        268.998046875,
                        0.7285733222961426
                    ],
                    [
                        433.001953125,
                        262.9921875,
                        0.8380382061004639
                    ],
                    [
                        428.998046875,
                        264.994140625,
                        0.8559622764587402
                    ],
                    [
                        433.001953125,
                        345.072265625,
                        0.9035477042198181
                    ],
                    [
                        424.994140625,
                        421.146484375,
                        0.8554023504257202
                    ],
                    [
                        437.005859375,
                        260.990234375,
                        0.8201141953468323
                    ],
                    [
                        433.001953125,
                        341.068359375,
                        0.8567097187042236
                    ],
                    [
                        424.994140625,
                        413.138671875,
                        0.8978862762451172
                    ],
                    [
                        453.021484375,
                        96.830078125,
                        0.9423059225082397
                    ],
                    [
                        457.025390625,
                        92.826171875,
                        0.9518340826034546
                    ],
                    [
                        433.001953125,
                        104.837890625,
                        0.9228088855743408
                    ],
                    [
                        445.013671875,
                        100.833984375,
                        0.6680511236190796
                    ],
                    [
                        445.013671875,
                        433.158203125,
                        0.7504717111587524
                    ],
                    [
                        445.013671875,
                        433.158203125,
                        0.784447431564331
                    ],
                    [
                        416.986328125,
                        421.146484375,
                        0.7321395874023438
                    ],
                    [
                        449.017578125,
                        445.169921875,
                        0.8760064840316772
                    ],
                    [
                        441.009765625,
                        449.173828125,
                        0.8640462160110474
                    ],
                    [
                        420.990234375,
                        429.154296875,
                        0.7742747068405151
                    ]
                ]
            ]
        },
        {
            "person_id": [
                2
            ],
            "pose_keypoints_2d": [
                [
                    [
                        0.0,
                        0.0,
                        0.02053990215063095
                    ],
                    [
                        0.0,
                        0.0,
                        0.02973298355937004
                    ],
                    [
                        0.0,
                        0.0,
                        0.02973298355937004
                    ],
                    [
                        0.0,
                        0.0,
                        0.01196254137903452
                    ],
                    [
                        0.0,
                        0.0,
                        0.007421588525176048
                    ],
                    [
                        0.0,
                        0.0,
                        0.02973298355937004
                    ],
                    [
                        0.0,
                        0.0,
                        0.008996602147817612
                    ],
                    [
                        0.0,
                        0.0,
                        0.007513847202062607
                    ],
                    [
                        0.0,
                        0.0,
                        0.037304166704416275
                    ],
                    [
                        0.0,
                        0.0,
                        0.037304166704416275
                    ],
                    [
                        0.0,
                        0.0,
                        0.02520212158560753
                    ],
                    [
                        0.0,
                        0.0,
                        0.033779580146074295
                    ],
                    [
                        0.0,
                        0.0,
                        0.037304166704416275
                    ],
                    [
                        0.0,
                        0.0,
                        0.02520212158560753
                    ],
                    [
                        0.0,
                        0.0,
                        0.033779580146074295
                    ],
                    [
                        0.0,
                        0.0,
                        0.019236020743846893
                    ],
                    [
                        0.0,
                        0.0,
                        0.019236020743846893
                    ],
                    [
                        0.0,
                        0.0,
                        0.015073975548148155
                    ],
                    [
                        0.0,
                        0.0,
                        0.015073975548148155
                    ],
                    [
                        0.0,
                        0.0,
                        0.020099785178899765
                    ],
                    [
                        0.0,
                        0.0,
                        0.0185064859688282
                    ],
                    [
                        0.0,
                        0.0,
                        0.016233710572123528
                    ],
                    [
                        0.0,
                        0.0,
                        0.020099785178899765
                    ],
                    [
                        0.0,
                        0.0,
                        0.0185064859688282
                    ],
                    [
                        0.0,
                        0.0,
                        0.016233710572123528
                    ]
                ]
            ]
        }
    ]
}