{
    "people": [
        {
            "person_id": [
                1
            ],
            "pose_keypoints_2d": [
                [
                    [
                        449.876953125,
                        124.115234375,
                        0.9655932188034058
                    ],
                    [
                        416.654296875,
                        166.56640625,
                        0.8225583434104919
                    ],
                    [
                        420.345703125,
                        168.412109375,
                        0.9037843942642212
                    ],
                    [
                        416.654296875,
                        227.474609375,
                        0.8311682939529419
                    ],
                    [
                        424.037109375,
                        282.845703125,
                        0.8323959708213806
                    ],
                    [
                        412.962890625,
                        164.720703125,
                        0.7413322925567627
                    ],
                    [
                        416.654296875,
                        223.783203125,
                        0.6458256244659424
                    ],
                    [
                        427.728515625,
                        279.154296875,
                        0.6075018048286438
                    ],
                    [
                        418.5,
                        266.234375,
                        0.8495482206344604
                    ],
                    [
                        420.345703125,
                        268.080078125,
                        0.918635368347168
                    ],
                    [
                        431.419921875,
                        341.908203125,
                        0.9223573207855225
                    ],
                    [
                        409.271484375,
                        419.427734375,
                        0.9105742573738098
                    ],
                    [
                        416.654296875,
                        264.388671875,
                        0.7804611325263977
                    ],
                    [
                        424.037109375,
                        334.525390625,
                        0.8101980686187744
                    ],
                    [
                        401.888671875,
                        389.896484375,
                        0.927571713924408
                    ],
                    [
                        442.494140625,
                        116.732421875,
                        0.9680086374282837
                    ],
                    [
                        446.185546875,
                        116.732421875,
                        0.9402034282684326
                    ],
                    [
                        424.037109375,
                        124.115234375,
                        0.9319809675216675
                    ],
                    [
                        435.111328125,
                        124.115234375,
                        0.6518197655677795
                    ],
                    [
                        431.419921875,
                        404.662109375,
                        0.8754398822784424
                    ],
                    [
                        427.728515625,
                        400.970703125,
                        0.8627350330352783
                    ],
                    [
                        390.814453125,
                        393.587890625,
                        0.8164969682693481
                    ],
                    [
                        438.802734375,
                        430.501953125,
                        0.8336893320083618
                    ],
                    [
                        431.419921875,
                        437.884765625,
                        0.8496065139770508
                    ],
                    [
                        401.888671875,
                        423.119140625,
                        0.881285548210144
                    ]
                ]
            ]
        },
        {
            "person_id": [
                2
            ],
            "pose_keypoints_2d": [
                [
                    [
                        0.0,
                        0.0,
                        0.02053990215063095
                    ],
                    [
                        0.0,
                        0.0,
                        0.02973298355937004
                    ],
                    [
                        0.0,
                        0.0,
                        0.02973298355937004
                    ],
                    [
                        0.0,
                        0.0,
                        0.01196254137903452
                    ],
                    [
                        0.0,
                        0.0,
                        0.007421588525176048
                    ],
                    [
                        0.0,
                        0.0,
                        0.02973298355937004
                    ],
                    [
                        0.0,
                        0.0,
                        0.008996602147817612
                    ],
                    [
                        0.0,
                        0.0,
                        0.007513847202062607
                    ],
                    [
                        0.0,
                        0.0,
                        0.037304166704416275
                    ],
                    [
                        0.0,
                        0.0,
                        0.037304166704416275
                    ],
                    [
                        0.0,
                        0.0,
                        0.02520212158560753
                    ],
                    [
                        0.0,
                        0.0,
                        0.033779580146074295
                    ],
                    [
                        0.0,
                        0.0,
                        0.037304166704416275
                    ],
                    [
                        0.0,
                        0.0,
                        0.02520212158560753
                    ],
                    [
                        0.0,
                        0.0,
                        0.033779580146074295
                    ],
                    [
                        0.0,
                        0.0,
                        0.019236018881201744
                    ],
                    [
                        0.0,
                        0.0,
                        0.019236018881201744
                    ],
                    [
                        0.0,
                        0.0,
                        0.015073975548148155
                    ],
                    [
                        0.0,
                        0.0,
                        0.015073975548148155
                    ],
                    [
                        0.0,
                        0.0,
                        0.020099785178899765
                    ],
                    [
                        0.0,
                        0.0,
                        0.0185064859688282
                    ],
                    [
                        0.0,
                        0.0,
                        0.016233710572123528
                    ],
                    [
                        0.0,
                        0.0,
                        0.020099785178899765
                    ],
                    [
                        0.0,
                        0.0,
                        0.0185064859688282
                    ],
                    [
                        0.0,
                        0.0,
                        0.016233710572123528
                    ]
                ]
            ]
        }
    ]
}