{
    "people": [
        {
            "person_id": [
                1
            ],
            "pose_keypoints_2d": [
                [
                    [
                        454.029296875,
                        87.830078125,
                        0.9408539533615112
                    ],
                    [
                        421.998046875,
                        133.875,
                        0.8680625557899475
                    ],
                    [
                        430.005859375,
                        135.876953125,
                        0.8749129772186279
                    ],
                    [
                        430.005859375,
                        195.935546875,
                        0.8206983804702759
                    ],
                    [
                        434.009765625,
                        251.990234375,
                        0.8647594451904297
                    ],
                    [
                        413.990234375,
                        131.873046875,
                        0.8612121343612671
                    ],
                    [
                        413.990234375,
                        195.935546875,
                        0.733163595199585
                    ],
                    [
                        430.005859375,
                        247.986328125,
                        0.6757723093032837
                    ],
                    [
                        417.994140625,
                        245.984375,
                        0.8322442770004272
                    ],
                    [
                        421.998046875,
                        247.986328125,
                        0.8670302629470825
                    ],
                    [
                        434.009765625,
                        324.060546875,
                        0.9110091924667358
                    ],
                    [
                        417.994140625,
                        404.138671875,
                        0.8738031983375549
                    ],
                    [
                        413.990234375,
                        243.982421875,
                        0.7974582314491272
                    ],
                    [
                        426.001953125,
                        316.052734375,
                        0.8819659948348999
                    ],
                    [
                        413.990234375,
                        380.115234375,
                        0.908623218536377
                    ],
                    [
                        446.021484375,
                        83.826171875,
                        0.9540889263153076
                    ],
                    [
                        450.025390625,
                        83.826171875,
                        0.9346132874488831
                    ],
                    [
                        430.005859375,
                        91.833984375,
                        0.9199705123901367
                    ],
                    [
                        434.009765625,
                        91.833984375,
                        0.667628288269043
                    ],
                    [
                        434.009765625,
                        400.134765625,
                        0.6855790615081787
                    ],
                    [
                        434.009765625,
                        392.126953125,
                        0.6983532905578613
                    ],
                    [
                        405.982421875,
                        384.119140625,
                        0.8093263506889343
                    ],
                    [
                        438.013671875,
                        424.158203125,
                        0.8996094465255737
                    ],
                    [
                        434.009765625,
                        428.162109375,
                        0.8828825950622559
                    ],
                    [
                        413.990234375,
                        408.142578125,
                        0.8100104331970215
                    ]
                ]
            ]
        },
        {
            "person_id": [
                2
            ],
            "pose_keypoints_2d": [
                [
                    [
                        0.0,
                        0.0,
                        0.02053990215063095
                    ],
                    [
                        0.0,
                        0.0,
                        0.02973298355937004
                    ],
                    [
                        0.0,
                        0.0,
                        0.02973298355937004
                    ],
                    [
                        0.0,
                        0.0,
                        0.01196254137903452
                    ],
                    [
                        0.0,
                        0.0,
                        0.007421588525176048
                    ],
                    [
                        0.0,
                        0.0,
                        0.02973298355937004
                    ],
                    [
                        0.0,
                        0.0,
                        0.008996602147817612
                    ],
                    [
                        0.0,
                        0.0,
                        0.007513847202062607
                    ],
                    [
                        0.0,
                        0.0,
                        0.037304166704416275
                    ],
                    [
                        0.0,
                        0.0,
                        0.037304166704416275
                    ],
                    [
                        0.0,
                        0.0,
                        0.02520212158560753
                    ],
                    [
                        0.0,
                        0.0,
                        0.033779580146074295
                    ],
                    [
                        0.0,
                        0.0,
                        0.037304166704416275
                    ],
                    [
                        0.0,
                        0.0,
                        0.02520212158560753
                    ],
                    [
                        0.0,
                        0.0,
                        0.033779580146074295
                    ],
                    [
                        0.0,
                        0.0,
                        0.019236020743846893
                    ],
                    [
                        0.0,
                        0.0,
                        0.019236020743846893
                    ],
                    [
                        0.0,
                        0.0,
                        0.015073975548148155
                    ],
                    [
                        0.0,
                        0.0,
                        0.015073975548148155
                    ],
                    [
                        0.0,
                        0.0,
                        0.020099785178899765
                    ],
                    [
                        0.0,
                        0.0,
                        0.0185064859688282
                    ],
                    [
                        0.0,
                        0.0,
                        0.016233710572123528
                    ],
                    [
                        0.0,
                        0.0,
                        0.020099788904190063
                    ],
                    [
                        0.0,
                        0.0,
                        0.0185064859688282
                    ],
                    [
                        0.0,
                        0.0,
                        0.016233710572123528
                    ]
                ]
            ]
        }
    ]
}