{
    "people": [
        {
            "person_id": [
                1
            ],
            "pose_keypoints_2d": [
                [
                    [
                        474.876953125,
                        139.115234375,
                        0.9501494765281677
                    ],
                    [
                        439.80859375,
                        185.2578125,
                        0.8433449864387512
                    ],
                    [
                        434.271484375,
                        187.103515625,
                        0.9162293672561646
                    ],
                    [
                        426.888671875,
                        253.548828125,
                        0.7975442409515381
                    ],
                    [
                        441.654296875,
                        316.302734375,
                        0.841008186340332
                    ],
                    [
                        445.345703125,
                        183.412109375,
                        0.7704606056213379
                    ],
                    [
                        441.654296875,
                        249.857421875,
                        0.6948626041412354
                    ],
                    [
                        449.037109375,
                        301.537109375,
                        0.6557034254074097
                    ],
                    [
                        439.80859375,
                        288.6171875,
                        0.825558066368103
                    ],
                    [
                        434.271484375,
                        290.462890625,
                        0.8385321497917175
                    ],
                    [
                        463.802734375,
                        364.291015625,
                        0.8717377185821533
                    ],
                    [
                        437.962890625,
                        438.119140625,
                        0.9108375906944275
                    ],
                    [
                        445.345703125,
                        286.771484375,
                        0.8125839233398438
                    ],
                    [
                        467.494140625,
                        360.599609375,
                        0.8712499141693115
                    ],
                    [
                        441.654296875,
                        434.427734375,
                        0.9064038991928101
                    ],
                    [
                        467.494140625,
                        131.732421875,
                        0.9667040705680847
                    ],
                    [
                        471.185546875,
                        131.732421875,
                        0.9514555931091309
                    ],
                    [
                        449.037109375,
                        142.806640625,
                        0.9329952001571655
                    ],
                    [
                        463.802734375,
                        139.115234375,
                        0.624708890914917
                    ],
                    [
                        474.876953125,
                        441.810546875,
                        0.9018412828445435
                    ],
                    [
                        471.185546875,
                        438.119140625,
                        0.8725334405899048
                    ],
                    [
                        434.271484375,
                        438.119140625,
                        0.7984243035316467
                    ],
                    [
                        471.185546875,
                        445.501953125,
                        0.8549349308013916
                    ],
                    [
                        463.802734375,
                        452.884765625,
                        0.8118630647659302
                    ],
                    [
                        430.580078125,
                        445.501953125,
                        0.8289598226547241
                    ]
                ]
            ]
        },
        {
            "person_id": [
                2
            ],
            "pose_keypoints_2d": [
                [
                    [
                        0.0,
                        0.0,
                        0.02053990215063095
                    ],
                    [
                        0.0,
                        0.0,
                        0.02973298355937004
                    ],
                    [
                        0.0,
                        0.0,
                        0.02973298355937004
                    ],
                    [
                        0.0,
                        0.0,
                        0.01196254137903452
                    ],
                    [
                        0.0,
                        0.0,
                        0.007421588525176048
                    ],
                    [
                        0.0,
                        0.0,
                        0.02973298355937004
                    ],
                    [
                        0.0,
                        0.0,
                        0.008996602147817612
                    ],
                    [
                        0.0,
                        0.0,
                        0.007513847202062607
                    ],
                    [
                        0.0,
                        0.0,
                        0.037304166704416275
                    ],
                    [
                        0.0,
                        0.0,
                        0.037304166704416275
                    ],
                    [
                        0.0,
                        0.0,
                        0.02520212158560753
                    ],
                    [
                        0.0,
                        0.0,
                        0.033779580146074295
                    ],
                    [
                        0.0,
                        0.0,
                        0.037304166704416275
                    ],
                    [
                        0.0,
                        0.0,
                        0.02520212158560753
                    ],
                    [
                        0.0,
                        0.0,
                        0.033779580146074295
                    ],
                    [
                        0.0,
                        0.0,
                        0.019236018881201744
                    ],
                    [
                        0.0,
                        0.0,
                        0.019236018881201744
                    ],
                    [
                        0.0,
                        0.0,
                        0.015073975548148155
                    ],
                    [
                        0.0,
                        0.0,
                        0.015073975548148155
                    ],
                    [
                        0.0,
                        0.0,
                        0.020099785178899765
                    ],
                    [
                        0.0,
                        0.0,
                        0.0185064859688282
                    ],
                    [
                        0.0,
                        0.0,
                        0.016233710572123528
                    ],
                    [
                        0.0,
                        0.0,
                        0.020099785178899765
                    ],
                    [
                        0.0,
                        0.0,
                        0.0185064859688282
                    ],
                    [
                        0.0,
                        0.0,
                        0.016233710572123528
                    ]
                ]
            ]
        }
    ]
}