{
    "people": [
        {
            "person_id": [
                1
            ],
            "pose_keypoints_2d": [
                [
                    [
                        449.6259765625,
                        96.09083557128906,
                        0.9798536896705627
                    ],
                    [
                        414.279296875,
                        131.43751525878906,
                        0.8560340404510498
                    ],
                    [
                        419.8603515625,
                        133.29786682128906,
                        0.8841469287872314
                    ],
                    [
                        416.1396484375,
                        189.10841369628906,
                        0.7396174669265747
                    ],
                    [
                        419.8603515625,
                        237.47755432128906,
                        0.8244020938873291
                    ],
                    [
                        408.6982421875,
                        129.57716369628906,
                        0.8279211521148682
                    ],
                    [
                        393.8154296875,
                        177.94630432128906,
                        0.8115867972373962
                    ],
                    [
                        416.1396484375,
                        237.47755432128906,
                        0.6226993203163147
                    ],
                    [
                        412.4189453125,
                        231.89649963378906,
                        0.8211078643798828
                    ],
                    [
                        416.1396484375,
                        233.75685119628906,
                        0.8817121386528015
                    ],
                    [
                        419.8603515625,
                        308.1708984375,
                        0.8857446908950806
                    ],
                    [
                        412.4189453125,
                        382.5849609375,
                        0.9045588970184326
                    ],
                    [
                        408.6982421875,
                        230.03614807128906,
                        0.7605035305023193
                    ],
                    [
                        416.1396484375,
                        304.4501953125,
                        0.8485938310623169
                    ],
                    [
                        412.4189453125,
                        375.1435546875,
                        0.861262321472168
                    ],
                    [
                        445.9052734375,
                        88.64942932128906,
                        0.9347662925720215
                    ],
                    [
                        445.9052734375,
                        88.64942932128906,
                        0.9484582543373108
                    ],
                    [
                        427.3017578125,
                        92.37013244628906,
                        0.9175924062728882
                    ],
                    [
                        431.0224609375,
                        92.37013244628906,
                        0.6611021757125854
                    ],
                    [
                        431.0224609375,
                        401.1884765625,
                        0.7810800075531006
                    ],
                    [
                        431.0224609375,
                        397.4677734375,
                        0.7715842723846436
                    ],
                    [
                        404.9775390625,
                        382.5849609375,
                        0.7669728994369507
                    ],
                    [
                        434.7431640625,
                        404.9091796875,
                        0.8521847724914551
                    ],
                    [
                        427.3017578125,
                        404.9091796875,
                        0.8686429262161255
                    ],
                    [
                        408.6982421875,
                        390.0263671875,
                        0.7978274822235107
                    ]
                ]
            ]
        },
        {
            "person_id": [
                2
            ],
            "pose_keypoints_2d": [
                [
                    [
                        0.0,
                        0.0,
                        0.02053990215063095
                    ],
                    [
                        0.0,
                        0.0,
                        0.02973298355937004
                    ],
                    [
                        0.0,
                        0.0,
                        0.02973298355937004
                    ],
                    [
                        0.0,
                        0.0,
                        0.01196254137903452
                    ],
                    [
                        0.0,
                        0.0,
                        0.007421588525176048
                    ],
                    [
                        0.0,
                        0.0,
                        0.02973298355937004
                    ],
                    [
                        0.0,
                        0.0,
                        0.008996602147817612
                    ],
                    [
                        0.0,
                        0.0,
                        0.007513847202062607
                    ],
                    [
                        0.0,
                        0.0,
                        0.037304166704416275
                    ],
                    [
                        0.0,
                        0.0,
                        0.037304166704416275
                    ],
                    [
                        0.0,
                        0.0,
                        0.02520212158560753
                    ],
                    [
                        0.0,
                        0.0,
                        0.033779580146074295
                    ],
                    [
                        0.0,
                        0.0,
                        0.037304166704416275
                    ],
                    [
                        0.0,
                        0.0,
                        0.02520212158560753
                    ],
                    [
                        0.0,
                        0.0,
                        0.033779580146074295
                    ],
                    [
                        0.0,
                        0.0,
                        0.019236018881201744
                    ],
                    [
                        0.0,
                        0.0,
                        0.019236020743846893
                    ],
                    [
                        0.0,
                        0.0,
                        0.015073975548148155
                    ],
                    [
                        0.0,
                        0.0,
                        0.015073975548148155
                    ],
                    [
                        0.0,
                        0.0,
                        0.020099785178899765
                    ],
                    [
                        0.0,
                        0.0,
                        0.0185064859688282
                    ],
                    [
                        0.0,
                        0.0,
                        0.016233710572123528
                    ],
                    [
                        0.0,
                        0.0,
                        0.020099785178899765
                    ],
                    [
                        0.0,
                        0.0,
                        0.0185064859688282
                    ],
                    [
                        0.0,
                        0.0,
                        0.016233710572123528
                    ]
                ]
            ]
        }
    ]
}