{
    "people": [
        {
            "person_id": [
                1
            ],
            "pose_keypoints_2d": [
                [
                    [
                        471.1123046875,
                        87.8076171875,
                        0.9828077554702759
                    ],
                    [
                        438.0654296875,
                        135.3125,
                        0.8789353370666504
                    ],
                    [
                        433.9345703125,
                        137.3779296875,
                        0.9230688810348511
                    ],
                    [
                        421.5419921875,
                        203.4716796875,
                        0.8719929456710815
                    ],
                    [
                        433.9345703125,
                        261.3037109375,
                        0.8722796440124512
                    ],
                    [
                        442.1962890625,
                        133.2470703125,
                        0.8348017930984497
                    ],
                    [
                        433.9345703125,
                        199.3408203125,
                        0.7191555500030518
                    ],
                    [
                        438.0654296875,
                        261.3037109375,
                        0.7657811641693115
                    ],
                    [
                        431.869140625,
                        250.9765625,
                        0.8199467062950134
                    ],
                    [
                        425.6728515625,
                        253.0419921875,
                        0.8326766490936279
                    ],
                    [
                        442.1962890625,
                        331.5283203125,
                        0.8155432939529419
                    ],
                    [
                        429.8037109375,
                        414.1455078125,
                        0.8894712924957275
                    ],
                    [
                        438.0654296875,
                        248.9111328125,
                        0.8072167634963989
                    ],
                    [
                        442.1962890625,
                        327.3974609375,
                        0.8537851572036743
                    ],
                    [
                        429.8037109375,
                        405.8837890625,
                        0.8713657855987549
                    ],
                    [
                        462.8505859375,
                        83.6767578125,
                        0.9450637102127075
                    ],
                    [
                        466.9814453125,
                        79.5458984375,
                        0.9327365159988403
                    ],
                    [
                        442.1962890625,
                        91.9384765625,
                        0.9386169910430908
                    ],
                    [
                        454.5888671875,
                        91.9384765625,
                        0.6544026136398315
                    ],
                    [
                        454.5888671875,
                        434.7998046875,
                        0.7975672483444214
                    ],
                    [
                        454.5888671875,
                        430.6689453125,
                        0.774254322052002
                    ],
                    [
                        421.5419921875,
                        414.1455078125,
                        0.7486807107925415
                    ],
                    [
                        454.5888671875,
                        438.9306640625,
                        0.8555142879486084
                    ],
                    [
                        446.3271484375,
                        438.9306640625,
                        0.877529501914978
                    ],
                    [
                        425.6728515625,
                        418.2763671875,
                        0.791883111000061
                    ]
                ]
            ]
        },
        {
            "person_id": [
                2
            ],
            "pose_keypoints_2d": [
                [
                    [
                        0.0,
                        0.0,
                        0.02053990215063095
                    ],
                    [
                        0.0,
                        0.0,
                        0.02973298355937004
                    ],
                    [
                        0.0,
                        0.0,
                        0.02973298355937004
                    ],
                    [
                        0.0,
                        0.0,
                        0.01196254137903452
                    ],
                    [
                        0.0,
                        0.0,
                        0.007421588525176048
                    ],
                    [
                        0.0,
                        0.0,
                        0.02973298355937004
                    ],
                    [
                        0.0,
                        0.0,
                        0.008996602147817612
                    ],
                    [
                        0.0,
                        0.0,
                        0.007513847202062607
                    ],
                    [
                        0.0,
                        0.0,
                        0.037304166704416275
                    ],
                    [
                        0.0,
                        0.0,
                        0.037304166704416275
                    ],
                    [
                        0.0,
                        0.0,
                        0.02520212158560753
                    ],
                    [
                        0.0,
                        0.0,
                        0.033779580146074295
                    ],
                    [
                        0.0,
                        0.0,
                        0.037304166704416275
                    ],
                    [
                        0.0,
                        0.0,
                        0.02520212158560753
                    ],
                    [
                        0.0,
                        0.0,
                        0.033779580146074295
                    ],
                    [
                        0.0,
                        0.0,
                        0.019236020743846893
                    ],
                    [
                        0.0,
                        0.0,
                        0.019236020743846893
                    ],
                    [
                        0.0,
                        0.0,
                        0.015073975548148155
                    ],
                    [
                        0.0,
                        0.0,
                        0.015073975548148155
                    ],
                    [
                        0.0,
                        0.0,
                        0.020099785178899765
                    ],
                    [
                        0.0,
                        0.0,
                        0.0185064859688282
                    ],
                    [
                        0.0,
                        0.0,
                        0.016233710572123528
                    ],
                    [
                        0.0,
                        0.0,
                        0.020099785178899765
                    ],
                    [
                        0.0,
                        0.0,
                        0.0185064859688282
                    ],
                    [
                        0.0,
                        0.0,
                        0.016233710572123528
                    ]
                ]
            ]
        }
    ]
}