{
    "people": [
        {
            "person_id": [
                1
            ],
            "pose_keypoints_2d": [
                [
                    [
                        451.26953125,
                        97.03514099121094,
                        0.9467083215713501
                    ],
                    [
                        417.5,
                        125.47264099121094,
                        0.8797141313552856
                    ],
                    [
                        415.72265625,
                        125.47264099121094,
                        0.9300633668899536
                    ],
                    [
                        405.05859375,
                        178.79295349121094,
                        0.8535627126693726
                    ],
                    [
                        412.16796875,
                        228.55857849121094,
                        0.9026821851730347
                    ],
                    [
                        419.27734375,
                        125.47264099121094,
                        0.8293648958206177
                    ],
                    [
                        415.72265625,
                        178.79295349121094,
                        0.7165902256965637
                    ],
                    [
                        419.27734375,
                        228.55857849121094,
                        0.7895758152008057
                    ],
                    [
                        412.16796875,
                        225.00389099121094,
                        0.7623859643936157
                    ],
                    [
                        408.61328125,
                        225.00389099121094,
                        0.795073926448822
                    ],
                    [
                        415.72265625,
                        296.09765625,
                        0.8995182514190674
                    ],
                    [
                        412.16796875,
                        367.19140625,
                        0.9138950109481812
                    ],
                    [
                        415.72265625,
                        225.00389099121094,
                        0.7296979427337646
                    ],
                    [
                        419.27734375,
                        296.09765625,
                        0.8698171377182007
                    ],
                    [
                        412.16796875,
                        360.08203125,
                        0.898884654045105
                    ],
                    [
                        447.71484375,
                        89.92576599121094,
                        0.925260066986084
                    ],
                    [
                        451.26953125,
                        89.92576599121094,
                        0.9304747581481934
                    ],
                    [
                        433.49609375,
                        89.92576599121094,
                        0.9461935758590698
                    ],
                    [
                        433.49609375,
                        89.92576599121094,
                        0.7159134149551392
                    ],
                    [
                        433.49609375,
                        374.30078125,
                        0.8485237956047058
                    ],
                    [
                        433.49609375,
                        367.19140625,
                        0.8457902669906616
                    ],
                    [
                        405.05859375,
                        363.63671875,
                        0.7459062933921814
                    ],
                    [
                        433.49609375,
                        384.96484375,
                        0.9058537483215332
                    ],
                    [
                        426.38671875,
                        388.51953125,
                        0.8592177629470825
                    ],
                    [
                        405.05859375,
                        374.30078125,
                        0.849185585975647
                    ]
                ]
            ]
        },
        {
            "person_id": [
                2
            ],
            "pose_keypoints_2d": [
                [
                    [
                        0.0,
                        0.0,
                        0.02053990215063095
                    ],
                    [
                        0.0,
                        0.0,
                        0.02973298355937004
                    ],
                    [
                        0.0,
                        0.0,
                        0.02973298355937004
                    ],
                    [
                        0.0,
                        0.0,
                        0.01196254137903452
                    ],
                    [
                        0.0,
                        0.0,
                        0.007421588525176048
                    ],
                    [
                        0.0,
                        0.0,
                        0.02973298355937004
                    ],
                    [
                        0.0,
                        0.0,
                        0.008996602147817612
                    ],
                    [
                        0.0,
                        0.0,
                        0.007513847202062607
                    ],
                    [
                        0.0,
                        0.0,
                        0.037304166704416275
                    ],
                    [
                        0.0,
                        0.0,
                        0.037304166704416275
                    ],
                    [
                        0.0,
                        0.0,
                        0.02520212158560753
                    ],
                    [
                        0.0,
                        0.0,
                        0.033779580146074295
                    ],
                    [
                        0.0,
                        0.0,
                        0.037304166704416275
                    ],
                    [
                        0.0,
                        0.0,
                        0.02520212158560753
                    ],
                    [
                        0.0,
                        0.0,
                        0.033779580146074295
                    ],
                    [
                        0.0,
                        0.0,
                        0.019236020743846893
                    ],
                    [
                        0.0,
                        0.0,
                        0.019236018881201744
                    ],
                    [
                        0.0,
                        0.0,
                        0.015073975548148155
                    ],
                    [
                        0.0,
                        0.0,
                        0.015073975548148155
                    ],
                    [
                        0.0,
                        0.0,
                        0.020099785178899765
                    ],
                    [
                        0.0,
                        0.0,
                        0.0185064859688282
                    ],
                    [
                        0.0,
                        0.0,
                        0.016233710572123528
                    ],
                    [
                        0.0,
                        0.0,
                        0.020099785178899765
                    ],
                    [
                        0.0,
                        0.0,
                        0.0185064859688282
                    ],
                    [
                        0.0,
                        0.0,
                        0.016233710572123528
                    ]
                ]
            ]
        }
    ]
}