{
    "people": [
        {
            "person_id": [
                1
            ],
            "pose_keypoints_2d": [
                [
                    [
                        449.9580078125,
                        99.4697265625,
                        0.9921337366104126
                    ],
                    [
                        414.240234375,
                        135.1875,
                        0.8547881841659546
                    ],
                    [
                        419.8798828125,
                        137.0673828125,
                        0.8875502943992615
                    ],
                    [
                        416.1201171875,
                        193.4638671875,
                        0.6888165473937988
                    ],
                    [
                        419.8798828125,
                        242.3408203125,
                        0.8460562825202942
                    ],
                    [
                        408.6005859375,
                        133.3076171875,
                        0.8220260143280029
                    ],
                    [
                        393.5615234375,
                        182.1845703125,
                        0.7865966558456421
                    ],
                    [
                        419.8798828125,
                        238.5810546875,
                        0.6720267534255981
                    ],
                    [
                        414.240234375,
                        236.701171875,
                        0.8207915425300598
                    ],
                    [
                        416.1201171875,
                        238.5810546875,
                        0.8731111288070679
                    ],
                    [
                        419.8798828125,
                        313.7763671875,
                        0.8835946321487427
                    ],
                    [
                        412.3603515625,
                        388.9716796875,
                        0.8911494016647339
                    ],
                    [
                        412.3603515625,
                        234.8212890625,
                        0.7684719562530518
                    ],
                    [
                        416.1201171875,
                        310.0166015625,
                        0.858225405216217
                    ],
                    [
                        412.3603515625,
                        381.4521484375,
                        0.8584141135215759
                    ],
                    [
                        442.4384765625,
                        91.9501953125,
                        0.9405515789985657
                    ],
                    [
                        446.1982421875,
                        91.9501953125,
                        0.9491196870803833
                    ],
                    [
                        427.3994140625,
                        95.7099609375,
                        0.916588544845581
                    ],
                    [
                        431.1591796875,
                        95.7099609375,
                        0.6621819734573364
                    ],
                    [
                        427.3994140625,
                        404.0107421875,
                        0.7503474950790405
                    ],
                    [
                        427.3994140625,
                        400.2509765625,
                        0.7335821390151978
                    ],
                    [
                        401.0810546875,
                        385.2119140625,
                        0.7784501314163208
                    ],
                    [
                        434.9189453125,
                        407.7705078125,
                        0.876294732093811
                    ],
                    [
                        427.3994140625,
                        411.5302734375,
                        0.878636360168457
                    ],
                    [
                        408.6005859375,
                        392.7314453125,
                        0.8381786346435547
                    ]
                ]
            ]
        },
        {
            "person_id": [
                2
            ],
            "pose_keypoints_2d": [
                [
                    [
                        0.0,
                        0.0,
                        0.02053990215063095
                    ],
                    [
                        0.0,
                        0.0,
                        0.02973298355937004
                    ],
                    [
                        0.0,
                        0.0,
                        0.02973298355937004
                    ],
                    [
                        0.0,
                        0.0,
                        0.01196254137903452
                    ],
                    [
                        0.0,
                        0.0,
                        0.007421588525176048
                    ],
                    [
                        0.0,
                        0.0,
                        0.02973298355937004
                    ],
                    [
                        0.0,
                        0.0,
                        0.008996602147817612
                    ],
                    [
                        0.0,
                        0.0,
                        0.007513847202062607
                    ],
                    [
                        0.0,
                        0.0,
                        0.037304166704416275
                    ],
                    [
                        0.0,
                        0.0,
                        0.037304166704416275
                    ],
                    [
                        0.0,
                        0.0,
                        0.02520212158560753
                    ],
                    [
                        0.0,
                        0.0,
                        0.033779580146074295
                    ],
                    [
                        0.0,
                        0.0,
                        0.037304166704416275
                    ],
                    [
                        0.0,
                        0.0,
                        0.02520212158560753
                    ],
                    [
                        0.0,
                        0.0,
                        0.033779580146074295
                    ],
                    [
                        0.0,
                        0.0,
                        0.019236018881201744
                    ],
                    [
                        0.0,
                        0.0,
                        0.019236020743846893
                    ],
                    [
                        0.0,
                        0.0,
                        0.015073975548148155
                    ],
                    [
                        0.0,
                        0.0,
                        0.015073975548148155
                    ],
                    [
                        0.0,
                        0.0,
                        0.020099785178899765
                    ],
                    [
                        0.0,
                        0.0,
                        0.0185064859688282
                    ],
                    [
                        0.0,
                        0.0,
                        0.016233710572123528
                    ],
                    [
                        0.0,
                        0.0,
                        0.020099785178899765
                    ],
                    [
                        0.0,
                        0.0,
                        0.0185064859688282
                    ],
                    [
                        0.0,
                        0.0,
                        0.016233710572123528
                    ]
                ]
            ]
        }
    ]
}