{
    "people": [
        {
            "person_id": [
                1
            ],
            "pose_keypoints_2d": [
                [
                    [
                        430.6513671875,
                        84.7861328125,
                        0.9677203893661499
                    ],
                    [
                        398.9130859375,
                        114.9375,
                        0.8688535690307617
                    ],
                    [
                        402.0869140625,
                        116.5244140625,
                        0.8976447582244873
                    ],
                    [
                        392.5654296875,
                        160.9580078125,
                        0.7395293712615967
                    ],
                    [
                        402.0869140625,
                        205.3916015625,
                        0.90335613489151
                    ],
                    [
                        395.7392578125,
                        113.3505859375,
                        0.8400623798370361
                    ],
                    [
                        379.8701171875,
                        151.4365234375,
                        0.8138189315795898
                    ],
                    [
                        398.9130859375,
                        202.2177734375,
                        0.5568411350250244
                    ],
                    [
                        400.5,
                        203.8046875,
                        0.7616446614265442
                    ],
                    [
                        402.0869140625,
                        205.3916015625,
                        0.8347989320755005
                    ],
                    [
                        405.2607421875,
                        268.8681640625,
                        0.8819093704223633
                    ],
                    [
                        395.7392578125,
                        329.1708984375,
                        0.9077142477035522
                    ],
                    [
                        398.9130859375,
                        202.2177734375,
                        0.6884903907775879
                    ],
                    [
                        402.0869140625,
                        265.6943359375,
                        0.8513873815536499
                    ],
                    [
                        392.5654296875,
                        325.9970703125,
                        0.9136068820953369
                    ],
                    [
                        427.4775390625,
                        78.4384765625,
                        0.9317480325698853
                    ],
                    [
                        430.6513671875,
                        78.4384765625,
                        0.9140605926513672
                    ],
                    [
                        411.6083984375,
                        81.6123046875,
                        0.961203932762146
                    ],
                    [
                        414.7822265625,
                        81.6123046875,
                        0.7010656595230103
                    ],
                    [
                        417.9560546875,
                        345.0400390625,
                        0.7812122702598572
                    ],
                    [
                        414.7822265625,
                        341.8662109375,
                        0.7979660034179688
                    ],
                    [
                        386.2177734375,
                        329.1708984375,
                        0.8421755433082581
                    ],
                    [
                        417.9560546875,
                        345.0400390625,
                        0.9270720481872559
                    ],
                    [
                        411.6083984375,
                        348.2138671875,
                        0.8786367774009705
                    ],
                    [
                        389.3916015625,
                        335.5185546875,
                        0.8068951368331909
                    ]
                ]
            ]
        },
        {
            "person_id": [
                2
            ],
            "pose_keypoints_2d": [
                [
                    [
                        0.0,
                        0.0,
                        0.02053990215063095
                    ],
                    [
                        0.0,
                        0.0,
                        0.02973298355937004
                    ],
                    [
                        0.0,
                        0.0,
                        0.02973298355937004
                    ],
                    [
                        0.0,
                        0.0,
                        0.01196254137903452
                    ],
                    [
                        0.0,
                        0.0,
                        0.007421588525176048
                    ],
                    [
                        0.0,
                        0.0,
                        0.02973298355937004
                    ],
                    [
                        0.0,
                        0.0,
                        0.008996602147817612
                    ],
                    [
                        0.0,
                        0.0,
                        0.007513847202062607
                    ],
                    [
                        0.0,
                        0.0,
                        0.037304166704416275
                    ],
                    [
                        0.0,
                        0.0,
                        0.037304166704416275
                    ],
                    [
                        0.0,
                        0.0,
                        0.02520212158560753
                    ],
                    [
                        0.0,
                        0.0,
                        0.033779580146074295
                    ],
                    [
                        0.0,
                        0.0,
                        0.037304166704416275
                    ],
                    [
                        0.0,
                        0.0,
                        0.02520212158560753
                    ],
                    [
                        0.0,
                        0.0,
                        0.033779580146074295
                    ],
                    [
                        0.0,
                        0.0,
                        0.019236020743846893
                    ],
                    [
                        0.0,
                        0.0,
                        0.019236020743846893
                    ],
                    [
                        0.0,
                        0.0,
                        0.015073975548148155
                    ],
                    [
                        0.0,
                        0.0,
                        0.015073975548148155
                    ],
                    [
                        0.0,
                        0.0,
                        0.020099785178899765
                    ],
                    [
                        0.0,
                        0.0,
                        0.0185064859688282
                    ],
                    [
                        0.0,
                        0.0,
                        0.016233710572123528
                    ],
                    [
                        0.0,
                        0.0,
                        0.020099788904190063
                    ],
                    [
                        0.0,
                        0.0,
                        0.0185064859688282
                    ],
                    [
                        0.0,
                        0.0,
                        0.016233710572123528
                    ]
                ]
            ]
        }
    ]
}