{
    "people": [
        {
            "person_id": [
                1
            ],
            "pose_keypoints_2d": [
                [
                    [
                        417.1923828125,
                        102.7431640625,
                        0.9693944454193115
                    ],
                    [
                        393.5205078125,
                        133.8125,
                        0.8441257476806641
                    ],
                    [
                        396.4794921875,
                        135.2919921875,
                        0.914604663848877
                    ],
                    [
                        390.5615234375,
                        176.7177734375,
                        0.7767946720123291
                    ],
                    [
                        399.4384765625,
                        218.1435546875,
                        0.8952364921569824
                    ],
                    [
                        390.5615234375,
                        132.3330078125,
                        0.7736468315124512
                    ],
                    [
                        381.6845703125,
                        176.7177734375,
                        0.6627583503723145
                    ],
                    [
                        399.4384765625,
                        215.1845703125,
                        0.6755021810531616
                    ],
                    [
                        393.5205078125,
                        213.705078125,
                        0.815109133720398
                    ],
                    [
                        396.4794921875,
                        215.1845703125,
                        0.8663658499717712
                    ],
                    [
                        402.3974609375,
                        274.3642578125,
                        0.886492133140564
                    ],
                    [
                        387.6025390625,
                        333.5439453125,
                        0.9315991401672363
                    ],
                    [
                        390.5615234375,
                        212.2255859375,
                        0.7638524770736694
                    ],
                    [
                        393.5205078125,
                        271.4052734375,
                        0.8754668235778809
                    ],
                    [
                        384.6435546875,
                        324.6669921875,
                        0.9146788716316223
                    ],
                    [
                        411.2744140625,
                        99.7841796875,
                        0.9810047745704651
                    ],
                    [
                        417.1923828125,
                        99.7841796875,
                        0.97111976146698
                    ],
                    [
                        396.4794921875,
                        102.7431640625,
                        0.9417353868484497
                    ],
                    [
                        414.2333984375,
                        102.7431640625,
                        0.6477648615837097
                    ],
                    [
                        405.3564453125,
                        333.5439453125,
                        0.9355998039245605
                    ],
                    [
                        402.3974609375,
                        333.5439453125,
                        0.8688942193984985
                    ],
                    [
                        378.7255859375,
                        330.5849609375,
                        0.8010380268096924
                    ],
                    [
                        408.3154296875,
                        345.3798828125,
                        0.8754053115844727
                    ],
                    [
                        402.3974609375,
                        348.3388671875,
                        0.8166312575340271
                    ],
                    [
                        381.6845703125,
                        339.4619140625,
                        0.8829764723777771
                    ]
                ]
            ]
        },
        {
            "person_id": [
                2
            ],
            "pose_keypoints_2d": [
                [
                    [
                        0.0,
                        0.0,
                        0.020531099289655685
                    ],
                    [
                        0.0,
                        0.0,
                        0.029849819839000702
                    ],
                    [
                        0.0,
                        0.0,
                        0.029849819839000702
                    ],
                    [
                        0.0,
                        0.0,
                        0.012015359476208687
                    ],
                    [
                        0.0,
                        0.0,
                        0.007502174004912376
                    ],
                    [
                        0.0,
                        0.0,
                        0.029849819839000702
                    ],
                    [
                        0.0,
                        0.0,
                        0.009054431691765785
                    ],
                    [
                        0.0,
                        0.0,
                        0.007550043519586325
                    ],
                    [
                        0.0,
                        0.0,
                        0.037438396364450455
                    ],
                    [
                        0.0,
                        0.0,
                        0.037438396364450455
                    ],
                    [
                        0.0,
                        0.0,
                        0.025315171107649803
                    ],
                    [
                        0.0,
                        0.0,
                        0.03399762138724327
                    ],
                    [
                        0.0,
                        0.0,
                        0.037438396364450455
                    ],
                    [
                        0.0,
                        0.0,
                        0.025315171107649803
                    ],
                    [
                        0.0,
                        0.0,
                        0.03399762138724327
                    ],
                    [
                        0.0,
                        0.0,
                        0.019224032759666443
                    ],
                    [
                        0.0,
                        0.0,
                        0.019224030897021294
                    ],
                    [
                        0.0,
                        0.0,
                        0.015098605304956436
                    ],
                    [
                        0.0,
                        0.0,
                        0.015098605304956436
                    ],
                    [
                        0.0,
                        0.0,
                        0.0203581340610981
                    ],
                    [
                        0.0,
                        0.0,
                        0.018469566479325294
                    ],
                    [
                        0.0,
                        0.0,
                        0.01647251471877098
                    ],
                    [
                        0.0,
                        0.0,
                        0.020358137786388397
                    ],
                    [
                        0.0,
                        0.0,
                        0.018469566479325294
                    ],
                    [
                        0.0,
                        0.0,
                        0.01647251471877098
                    ]
                ]
            ]
        }
    ]
}