{
    "people": [
        {
            "person_id": [
                1
            ],
            "pose_keypoints_2d": [
                [
                    [
                        436.54296875,
                        95.20703125,
                        0.9729534387588501
                    ],
                    [
                        405.0,
                        125.08984375,
                        0.9021925330162048
                    ],
                    [
                        413.30078125,
                        128.41015625,
                        0.8996915817260742
                    ],
                    [
                        413.30078125,
                        178.21484375,
                        0.7947242259979248
                    ],
                    [
                        409.98046875,
                        221.37890625,
                        0.8470911979675293
                    ],
                    [
                        396.69921875,
                        121.76953125,
                        0.9046934843063354
                    ],
                    [
                        380.09765625,
                        154.97265625,
                        0.9491713643074036
                    ],
                    [
                        393.37890625,
                        194.81640625,
                        0.7267950773239136
                    ],
                    [
                        398.359375,
                        216.3984375,
                        0.8166842460632324
                    ],
                    [
                        403.33984375,
                        218.05859375,
                        0.8394181728363037
                    ],
                    [
                        409.98046875,
                        281.14453125,
                        0.8637205362319946
                    ],
                    [
                        406.66015625,
                        350.87109375,
                        0.8968068957328796
                    ],
                    [
                        393.37890625,
                        214.73828125,
                        0.7939503192901611
                    ],
                    [
                        403.33984375,
                        281.14453125,
                        0.8534253239631653
                    ],
                    [
                        400.01953125,
                        344.23046875,
                        0.8528725504875183
                    ],
                    [
                        433.22265625,
                        88.56640625,
                        0.9525912404060364
                    ],
                    [
                        436.54296875,
                        88.56640625,
                        0.9248639345169067
                    ],
                    [
                        416.62109375,
                        91.88671875,
                        0.9416857361793518
                    ],
                    [
                        419.94140625,
                        91.88671875,
                        0.6893014907836914
                    ],
                    [
                        423.26171875,
                        364.15234375,
                        0.7510392665863037
                    ],
                    [
                        423.26171875,
                        360.83203125,
                        0.7014026641845703
                    ],
                    [
                        396.69921875,
                        350.87109375,
                        0.7929891347885132
                    ],
                    [
                        426.58203125,
                        367.47265625,
                        0.88893723487854
                    ],
                    [
                        419.94140625,
                        367.47265625,
                        0.8718994855880737
                    ],
                    [
                        400.01953125,
                        354.19140625,
                        0.8195270299911499
                    ]
                ]
            ]
        },
        {
            "person_id": [
                2
            ],
            "pose_keypoints_2d": [
                [
                    [
                        0.0,
                        0.0,
                        0.02053990215063095
                    ],
                    [
                        0.0,
                        0.0,
                        0.02973298355937004
                    ],
                    [
                        0.0,
                        0.0,
                        0.02973298355937004
                    ],
                    [
                        0.0,
                        0.0,
                        0.01196254137903452
                    ],
                    [
                        0.0,
                        0.0,
                        0.007421588525176048
                    ],
                    [
                        0.0,
                        0.0,
                        0.02973298355937004
                    ],
                    [
                        0.0,
                        0.0,
                        0.008996602147817612
                    ],
                    [
                        0.0,
                        0.0,
                        0.007513847202062607
                    ],
                    [
                        0.0,
                        0.0,
                        0.037304166704416275
                    ],
                    [
                        0.0,
                        0.0,
                        0.037304166704416275
                    ],
                    [
                        0.0,
                        0.0,
                        0.02520212158560753
                    ],
                    [
                        0.0,
                        0.0,
                        0.033779580146074295
                    ],
                    [
                        0.0,
                        0.0,
                        0.037304166704416275
                    ],
                    [
                        0.0,
                        0.0,
                        0.02520212158560753
                    ],
                    [
                        0.0,
                        0.0,
                        0.033779580146074295
                    ],
                    [
                        0.0,
                        0.0,
                        0.019236018881201744
                    ],
                    [
                        0.0,
                        0.0,
                        0.019236018881201744
                    ],
                    [
                        0.0,
                        0.0,
                        0.015073975548148155
                    ],
                    [
                        0.0,
                        0.0,
                        0.015073975548148155
                    ],
                    [
                        0.0,
                        0.0,
                        0.020099785178899765
                    ],
                    [
                        0.0,
                        0.0,
                        0.0185064859688282
                    ],
                    [
                        0.0,
                        0.0,
                        0.016233710572123528
                    ],
                    [
                        0.0,
                        0.0,
                        0.020099785178899765
                    ],
                    [
                        0.0,
                        0.0,
                        0.0185064859688282
                    ],
                    [
                        0.0,
                        0.0,
                        0.016233710572123528
                    ]
                ]
            ]
        }
    ]
}