{
    "people": [
        {
            "person_id": [
                1
            ],
            "pose_keypoints_2d": [
                [
                    [
                        417.6923828125,
                        103.7431640625,
                        0.9632488489151001
                    ],
                    [
                        394.0205078125,
                        134.8125,
                        0.8453521132469177
                    ],
                    [
                        396.9794921875,
                        136.2919921875,
                        0.9129338264465332
                    ],
                    [
                        391.0615234375,
                        180.6767578125,
                        0.7974587678909302
                    ],
                    [
                        399.9384765625,
                        219.1435546875,
                        0.9034359455108643
                    ],
                    [
                        391.0615234375,
                        133.3330078125,
                        0.7777704000473022
                    ],
                    [
                        382.1845703125,
                        177.7177734375,
                        0.666379451751709
                    ],
                    [
                        399.9384765625,
                        219.1435546875,
                        0.6564033031463623
                    ],
                    [
                        394.0205078125,
                        214.705078125,
                        0.8033031821250916
                    ],
                    [
                        396.9794921875,
                        216.1845703125,
                        0.8578778505325317
                    ],
                    [
                        402.8974609375,
                        275.3642578125,
                        0.8820062875747681
                    ],
                    [
                        388.1025390625,
                        334.5439453125,
                        0.9292994141578674
                    ],
                    [
                        391.0615234375,
                        213.2255859375,
                        0.7487285137176514
                    ],
                    [
                        394.0205078125,
                        272.4052734375,
                        0.8664339780807495
                    ],
                    [
                        382.1845703125,
                        325.6669921875,
                        0.9362311363220215
                    ],
                    [
                        411.7744140625,
                        100.7841796875,
                        0.9761713743209839
                    ],
                    [
                        417.6923828125,
                        100.7841796875,
                        0.9639889597892761
                    ],
                    [
                        396.9794921875,
                        103.7431640625,
                        0.9462778568267822
                    ],
                    [
                        414.7333984375,
                        103.7431640625,
                        0.6313815116882324
                    ],
                    [
                        402.8974609375,
                        340.4619140625,
                        0.9314335584640503
                    ],
                    [
                        399.9384765625,
                        334.5439453125,
                        0.8784184455871582
                    ],
                    [
                        376.2666015625,
                        331.5849609375,
                        0.8336591720581055
                    ],
                    [
                        405.8564453125,
                        346.3798828125,
                        0.8666741847991943
                    ],
                    [
                        399.9384765625,
                        349.3388671875,
                        0.815935492515564
                    ],
                    [
                        382.1845703125,
                        340.4619140625,
                        0.8735313415527344
                    ]
                ]
            ]
        },
        {
            "person_id": [
                2
            ],
            "pose_keypoints_2d": [
                [
                    [
                        0.0,
                        0.0,
                        0.020531099289655685
                    ],
                    [
                        0.0,
                        0.0,
                        0.029849819839000702
                    ],
                    [
                        0.0,
                        0.0,
                        0.029849819839000702
                    ],
                    [
                        0.0,
                        0.0,
                        0.012015359476208687
                    ],
                    [
                        0.0,
                        0.0,
                        0.007502174004912376
                    ],
                    [
                        0.0,
                        0.0,
                        0.029849819839000702
                    ],
                    [
                        0.0,
                        0.0,
                        0.009054429829120636
                    ],
                    [
                        0.0,
                        0.0,
                        0.007550043519586325
                    ],
                    [
                        0.0,
                        0.0,
                        0.037438396364450455
                    ],
                    [
                        0.0,
                        0.0,
                        0.037438396364450455
                    ],
                    [
                        0.0,
                        0.0,
                        0.025315171107649803
                    ],
                    [
                        0.0,
                        0.0,
                        0.03399762138724327
                    ],
                    [
                        0.0,
                        0.0,
                        0.037438396364450455
                    ],
                    [
                        0.0,
                        0.0,
                        0.025315171107649803
                    ],
                    [
                        0.0,
                        0.0,
                        0.03399762138724327
                    ],
                    [
                        0.0,
                        0.0,
                        0.019224032759666443
                    ],
                    [
                        0.0,
                        0.0,
                        0.019224032759666443
                    ],
                    [
                        0.0,
                        0.0,
                        0.015098605304956436
                    ],
                    [
                        0.0,
                        0.0,
                        0.015098605304956436
                    ],
                    [
                        0.0,
                        0.0,
                        0.020358137786388397
                    ],
                    [
                        0.0,
                        0.0,
                        0.018469566479325294
                    ],
                    [
                        0.0,
                        0.0,
                        0.01647251471877098
                    ],
                    [
                        0.0,
                        0.0,
                        0.020358137786388397
                    ],
                    [
                        0.0,
                        0.0,
                        0.018469566479325294
                    ],
                    [
                        0.0,
                        0.0,
                        0.01647251471877098
                    ]
                ]
            ]
        }
    ]
}