{
    "people": [
        {
            "person_id": [
                1
            ],
            "pose_keypoints_2d": [
                [
                    [
                        420.6533203125,
                        105.2333984375,
                        0.9711106419563293
                    ],
                    [
                        397.4501953125,
                        134.2373046875,
                        0.8458882570266724
                    ],
                    [
                        397.4501953125,
                        134.2373046875,
                        0.9346506595611572
                    ],
                    [
                        388.7490234375,
                        177.7431640625,
                        0.7911331653594971
                    ],
                    [
                        400.3505859375,
                        218.3486328125,
                        0.9083961248397827
                    ],
                    [
                        397.4501953125,
                        134.2373046875,
                        0.7571258544921875
                    ],
                    [
                        380.0478515625,
                        171.9423828125,
                        0.6847152709960938
                    ],
                    [
                        400.3505859375,
                        218.3486328125,
                        0.6407496929168701
                    ],
                    [
                        390.19921875,
                        213.998046875,
                        0.7816570997238159
                    ],
                    [
                        391.6494140625,
                        215.4482421875,
                        0.8185805082321167
                    ],
                    [
                        397.4501953125,
                        276.3564453125,
                        0.8577344417572021
                    ],
                    [
                        391.6494140625,
                        334.3642578125,
                        0.9064269065856934
                    ],
                    [
                        388.7490234375,
                        212.5478515625,
                        0.7447336912155151
                    ],
                    [
                        394.5498046875,
                        273.4560546875,
                        0.8215662240982056
                    ],
                    [
                        391.6494140625,
                        325.6630859375,
                        0.8995497822761536
                    ],
                    [
                        411.9521484375,
                        102.3330078125,
                        0.9871946573257446
                    ],
                    [
                        420.6533203125,
                        102.3330078125,
                        0.9727845191955566
                    ],
                    [
                        397.4501953125,
                        105.2333984375,
                        0.9441906213760376
                    ],
                    [
                        417.7529296875,
                        105.2333984375,
                        0.6974400281906128
                    ],
                    [
                        411.9521484375,
                        334.3642578125,
                        0.8715860843658447
                    ],
                    [
                        409.0517578125,
                        328.5634765625,
                        0.8492853045463562
                    ],
                    [
                        385.8486328125,
                        331.4638671875,
                        0.7213666439056396
                    ],
                    [
                        411.9521484375,
                        345.9658203125,
                        0.8682370185852051
                    ],
                    [
                        409.0517578125,
                        348.8662109375,
                        0.7980695366859436
                    ],
                    [
                        385.8486328125,
                        340.1650390625,
                        0.8413336277008057
                    ]
                ]
            ]
        },
        {
            "person_id": [
                2
            ],
            "pose_keypoints_2d": [
                [
                    [
                        0.0,
                        0.0,
                        0.020531099289655685
                    ],
                    [
                        0.0,
                        0.0,
                        0.029849819839000702
                    ],
                    [
                        0.0,
                        0.0,
                        0.029849819839000702
                    ],
                    [
                        0.0,
                        0.0,
                        0.012015359476208687
                    ],
                    [
                        0.0,
                        0.0,
                        0.007502174004912376
                    ],
                    [
                        0.0,
                        0.0,
                        0.029849819839000702
                    ],
                    [
                        0.0,
                        0.0,
                        0.009054429829120636
                    ],
                    [
                        0.0,
                        0.0,
                        0.007550043519586325
                    ],
                    [
                        0.0,
                        0.0,
                        0.037438396364450455
                    ],
                    [
                        0.0,
                        0.0,
                        0.037438396364450455
                    ],
                    [
                        0.0,
                        0.0,
                        0.025315171107649803
                    ],
                    [
                        0.0,
                        0.0,
                        0.03399762138724327
                    ],
                    [
                        0.0,
                        0.0,
                        0.037438396364450455
                    ],
                    [
                        0.0,
                        0.0,
                        0.025315171107649803
                    ],
                    [
                        0.0,
                        0.0,
                        0.03399762138724327
                    ],
                    [
                        0.0,
                        0.0,
                        0.019224032759666443
                    ],
                    [
                        0.0,
                        0.0,
                        0.019224030897021294
                    ],
                    [
                        0.0,
                        0.0,
                        0.015098605304956436
                    ],
                    [
                        0.0,
                        0.0,
                        0.015098605304956436
                    ],
                    [
                        0.0,
                        0.0,
                        0.020358137786388397
                    ],
                    [
                        0.0,
                        0.0,
                        0.018469566479325294
                    ],
                    [
                        0.0,
                        0.0,
                        0.01647251471877098
                    ],
                    [
                        0.0,
                        0.0,
                        0.020358137786388397
                    ],
                    [
                        0.0,
                        0.0,
                        0.018469566479325294
                    ],
                    [
                        0.0,
                        0.0,
                        0.01647251471877098
                    ]
                ]
            ]
        }
    ]
}