{
    "people": [
        {
            "person_id": [
                1
            ],
            "pose_keypoints_2d": [
                [
                    [
                        424.06640625,
                        109.17578125,
                        0.9773397445678711
                    ],
                    [
                        395.4921875,
                        137.75,
                        0.8377484083175659
                    ],
                    [
                        400.00390625,
                        139.25390625,
                        0.8835511207580566
                    ],
                    [
                        393.98828125,
                        187.37890625,
                        0.8002386093139648
                    ],
                    [
                        400.00390625,
                        226.48046875,
                        0.8899034261703491
                    ],
                    [
                        390.98046875,
                        136.24609375,
                        0.7919456362724304
                    ],
                    [
                        384.96484375,
                        184.37109375,
                        0.6841785311698914
                    ],
                    [
                        400.00390625,
                        226.48046875,
                        0.74828040599823
                    ],
                    [
                        400.00390625,
                        224.9765625,
                        0.7767329216003418
                    ],
                    [
                        403.01171875,
                        226.48046875,
                        0.821562647819519
                    ],
                    [
                        406.01953125,
                        283.62890625,
                        0.8556296825408936
                    ],
                    [
                        387.97265625,
                        340.77734375,
                        0.8875235915184021
                    ],
                    [
                        396.99609375,
                        223.47265625,
                        0.7319032549858093
                    ],
                    [
                        393.98828125,
                        280.62109375,
                        0.8521590232849121
                    ],
                    [
                        384.96484375,
                        331.75390625,
                        0.9428697824478149
                    ],
                    [
                        418.05078125,
                        103.16015625,
                        0.946984052658081
                    ],
                    [
                        421.05859375,
                        103.16015625,
                        0.9566634893417358
                    ],
                    [
                        406.01953125,
                        106.16796875,
                        0.933097243309021
                    ],
                    [
                        409.02734375,
                        106.16796875,
                        0.6406989097595215
                    ],
                    [
                        403.01171875,
                        343.78515625,
                        0.8883329629898071
                    ],
                    [
                        403.01171875,
                        340.77734375,
                        0.856428325176239
                    ],
                    [
                        378.94921875,
                        337.76953125,
                        0.8446246981620789
                    ],
                    [
                        406.01953125,
                        355.81640625,
                        0.8718422651290894
                    ],
                    [
                        403.01171875,
                        358.82421875,
                        0.8292187452316284
                    ],
                    [
                        384.96484375,
                        346.79296875,
                        0.8194964528083801
                    ]
                ]
            ]
        },
        {
            "person_id": [
                2
            ],
            "pose_keypoints_2d": [
                [
                    [
                        0.0,
                        0.0,
                        0.02053990215063095
                    ],
                    [
                        0.0,
                        0.0,
                        0.02973298355937004
                    ],
                    [
                        0.0,
                        0.0,
                        0.02973298355937004
                    ],
                    [
                        0.0,
                        0.0,
                        0.01196254137903452
                    ],
                    [
                        0.0,
                        0.0,
                        0.007421588525176048
                    ],
                    [
                        0.0,
                        0.0,
                        0.02973298355937004
                    ],
                    [
                        0.0,
                        0.0,
                        0.008996602147817612
                    ],
                    [
                        0.0,
                        0.0,
                        0.007513847202062607
                    ],
                    [
                        0.0,
                        0.0,
                        0.037304166704416275
                    ],
                    [
                        0.0,
                        0.0,
                        0.037304166704416275
                    ],
                    [
                        0.0,
                        0.0,
                        0.02520212158560753
                    ],
                    [
                        0.0,
                        0.0,
                        0.033779580146074295
                    ],
                    [
                        0.0,
                        0.0,
                        0.037304166704416275
                    ],
                    [
                        0.0,
                        0.0,
                        0.02520212158560753
                    ],
                    [
                        0.0,
                        0.0,
                        0.033779580146074295
                    ],
                    [
                        0.0,
                        0.0,
                        0.019236020743846893
                    ],
                    [
                        0.0,
                        0.0,
                        0.019236018881201744
                    ],
                    [
                        0.0,
                        0.0,
                        0.015073975548148155
                    ],
                    [
                        0.0,
                        0.0,
                        0.015073975548148155
                    ],
                    [
                        0.0,
                        0.0,
                        0.020099785178899765
                    ],
                    [
                        0.0,
                        0.0,
                        0.0185064859688282
                    ],
                    [
                        0.0,
                        0.0,
                        0.016233710572123528
                    ],
                    [
                        0.0,
                        0.0,
                        0.020099785178899765
                    ],
                    [
                        0.0,
                        0.0,
                        0.0185064859688282
                    ],
                    [
                        0.0,
                        0.0,
                        0.016233710572123528
                    ]
                ]
            ]
        }
    ]
}