{
    "people": [
        {
            "person_id": [
                1
            ],
            "pose_keypoints_2d": [
                [
                    [
                        421.21875,
                        130.28125,
                        0.9608601331710815
                    ],
                    [
                        391.6875,
                        159.8125,
                        0.8387073278427124
                    ],
                    [
                        395.90625,
                        161.21875,
                        0.8928894996643066
                    ],
                    [
                        393.09375,
                        211.84375,
                        0.8029941320419312
                    ],
                    [
                        401.53125,
                        254.03125,
                        0.8731328248977661
                    ],
                    [
                        387.46875,
                        158.40625,
                        0.7845252156257629
                    ],
                    [
                        390.28125,
                        206.21875,
                        0.6120882034301758
                    ],
                    [
                        398.71875,
                        248.40625,
                        0.6435683965682983
                    ],
                    [
                        395.90625,
                        241.375,
                        0.8036881685256958
                    ],
                    [
                        398.71875,
                        242.78125,
                        0.855897068977356
                    ],
                    [
                        412.78125,
                        299.03125,
                        0.8888086080551147
                    ],
                    [
                        384.65625,
                        349.65625,
                        0.908257246017456
                    ],
                    [
                        393.09375,
                        239.96875,
                        0.7514792680740356
                    ],
                    [
                        395.90625,
                        290.59375,
                        0.8267585635185242
                    ],
                    [
                        376.21875,
                        335.59375,
                        0.9214354753494263
                    ],
                    [
                        415.59375,
                        124.65625,
                        0.9495323896408081
                    ],
                    [
                        421.21875,
                        124.65625,
                        0.9302976131439209
                    ],
                    [
                        401.53125,
                        130.28125,
                        0.9251863956451416
                    ],
                    [
                        407.15625,
                        130.28125,
                        0.6260401606559753
                    ],
                    [
                        401.53125,
                        341.21875,
                        0.7469738721847534
                    ],
                    [
                        398.71875,
                        338.40625,
                        0.7347458004951477
                    ],
                    [
                        370.59375,
                        341.21875,
                        0.8474277257919312
                    ],
                    [
                        409.96875,
                        358.09375,
                        0.8907264471054077
                    ],
                    [
                        404.34375,
                        360.90625,
                        0.8506889343261719
                    ],
                    [
                        379.03125,
                        355.28125,
                        0.9098751544952393
                    ]
                ]
            ]
        },
        {
            "person_id": [
                2
            ],
            "pose_keypoints_2d": [
                [
                    [
                        0.0,
                        0.0,
                        0.02053990215063095
                    ],
                    [
                        0.0,
                        0.0,
                        0.02973298355937004
                    ],
                    [
                        0.0,
                        0.0,
                        0.02973298355937004
                    ],
                    [
                        0.0,
                        0.0,
                        0.01196254137903452
                    ],
                    [
                        0.0,
                        0.0,
                        0.007421588525176048
                    ],
                    [
                        0.0,
                        0.0,
                        0.02973298355937004
                    ],
                    [
                        0.0,
                        0.0,
                        0.008996602147817612
                    ],
                    [
                        0.0,
                        0.0,
                        0.007513847202062607
                    ],
                    [
                        0.0,
                        0.0,
                        0.037304166704416275
                    ],
                    [
                        0.0,
                        0.0,
                        0.037304166704416275
                    ],
                    [
                        0.0,
                        0.0,
                        0.02520212158560753
                    ],
                    [
                        0.0,
                        0.0,
                        0.033779580146074295
                    ],
                    [
                        0.0,
                        0.0,
                        0.037304166704416275
                    ],
                    [
                        0.0,
                        0.0,
                        0.02520212158560753
                    ],
                    [
                        0.0,
                        0.0,
                        0.033779580146074295
                    ],
                    [
                        0.0,
                        0.0,
                        0.019236018881201744
                    ],
                    [
                        0.0,
                        0.0,
                        0.019236020743846893
                    ],
                    [
                        0.0,
                        0.0,
                        0.015073975548148155
                    ],
                    [
                        0.0,
                        0.0,
                        0.015073975548148155
                    ],
                    [
                        0.0,
                        0.0,
                        0.020099785178899765
                    ],
                    [
                        0.0,
                        0.0,
                        0.0185064859688282
                    ],
                    [
                        0.0,
                        0.0,
                        0.016233710572123528
                    ],
                    [
                        0.0,
                        0.0,
                        0.020099785178899765
                    ],
                    [
                        0.0,
                        0.0,
                        0.0185064859688282
                    ],
                    [
                        0.0,
                        0.0,
                        0.016233710572123528
                    ]
                ]
            ]
        }
    ]
}