{
    "people": [
        {
            "person_id": [
                1
            ],
            "pose_keypoints_2d": [
                [
                    [
                        421.404296875,
                        128.470703125,
                        0.9474836587905884
                    ],
                    [
                        393.083984375,
                        158.20703125,
                        0.8396677374839783
                    ],
                    [
                        395.916015625,
                        159.623046875,
                        0.9171587228775024
                    ],
                    [
                        393.083984375,
                        207.767578125,
                        0.8037283420562744
                    ],
                    [
                        398.748046875,
                        253.080078125,
                        0.8777191042900085
                    ],
                    [
                        390.251953125,
                        156.791015625,
                        0.7621767520904541
                    ],
                    [
                        393.083984375,
                        207.767578125,
                        0.6297241449356079
                    ],
                    [
                        398.748046875,
                        247.416015625,
                        0.6786450147628784
                    ],
                    [
                        395.916015625,
                        240.3359375,
                        0.8080544471740723
                    ],
                    [
                        398.748046875,
                        241.751953125,
                        0.8687838315963745
                    ],
                    [
                        410.076171875,
                        295.560546875,
                        0.8812803030014038
                    ],
                    [
                        384.587890625,
                        349.369140625,
                        0.9125937819480896
                    ],
                    [
                        393.083984375,
                        238.919921875,
                        0.74732506275177
                    ],
                    [
                        395.916015625,
                        289.896484375,
                        0.801323413848877
                    ],
                    [
                        376.091796875,
                        335.208984375,
                        0.9248073101043701
                    ],
                    [
                        415.740234375,
                        122.806640625,
                        0.9474600553512573
                    ],
                    [
                        418.572265625,
                        122.806640625,
                        0.9241814017295837
                    ],
                    [
                        398.748046875,
                        128.470703125,
                        0.9323296546936035
                    ],
                    [
                        410.076171875,
                        125.638671875,
                        0.6231859922409058
                    ],
                    [
                        401.580078125,
                        340.873046875,
                        0.7758053541183472
                    ],
                    [
                        398.748046875,
                        338.041015625,
                        0.759453535079956
                    ],
                    [
                        370.427734375,
                        340.873046875,
                        0.8463476896286011
                    ],
                    [
                        410.076171875,
                        357.865234375,
                        0.8776918649673462
                    ],
                    [
                        404.412109375,
                        360.697265625,
                        0.8351542949676514
                    ],
                    [
                        378.923828125,
                        355.033203125,
                        0.9111161828041077
                    ]
                ]
            ]
        },
        {
            "person_id": [
                2
            ],
            "pose_keypoints_2d": [
                [
                    [
                        0.0,
                        0.0,
                        0.02053990215063095
                    ],
                    [
                        0.0,
                        0.0,
                        0.02973298355937004
                    ],
                    [
                        0.0,
                        0.0,
                        0.02973298355937004
                    ],
                    [
                        0.0,
                        0.0,
                        0.01196254137903452
                    ],
                    [
                        0.0,
                        0.0,
                        0.007421588525176048
                    ],
                    [
                        0.0,
                        0.0,
                        0.02973298355937004
                    ],
                    [
                        0.0,
                        0.0,
                        0.008996602147817612
                    ],
                    [
                        0.0,
                        0.0,
                        0.007513847202062607
                    ],
                    [
                        0.0,
                        0.0,
                        0.037304166704416275
                    ],
                    [
                        0.0,
                        0.0,
                        0.037304166704416275
                    ],
                    [
                        0.0,
                        0.0,
                        0.02520212158560753
                    ],
                    [
                        0.0,
                        0.0,
                        0.033779580146074295
                    ],
                    [
                        0.0,
                        0.0,
                        0.037304166704416275
                    ],
                    [
                        0.0,
                        0.0,
                        0.02520212158560753
                    ],
                    [
                        0.0,
                        0.0,
                        0.033779580146074295
                    ],
                    [
                        0.0,
                        0.0,
                        0.019236018881201744
                    ],
                    [
                        0.0,
                        0.0,
                        0.019236018881201744
                    ],
                    [
                        0.0,
                        0.0,
                        0.015073975548148155
                    ],
                    [
                        0.0,
                        0.0,
                        0.015073975548148155
                    ],
                    [
                        0.0,
                        0.0,
                        0.020099785178899765
                    ],
                    [
                        0.0,
                        0.0,
                        0.0185064859688282
                    ],
                    [
                        0.0,
                        0.0,
                        0.016233710572123528
                    ],
                    [
                        0.0,
                        0.0,
                        0.020099785178899765
                    ],
                    [
                        0.0,
                        0.0,
                        0.0185064859688282
                    ],
                    [
                        0.0,
                        0.0,
                        0.016233710572123528
                    ]
                ]
            ]
        }
    ]
}