{
    "people": [
        {
            "person_id": [
                1
            ],
            "pose_keypoints_2d": [
                [
                    [
                        446.873046875,
                        141.646484375,
                        0.9644923210144043
                    ],
                    [
                        412.283203125,
                        173.091796875,
                        0.8296977281570435
                    ],
                    [
                        415.427734375,
                        176.236328125,
                        0.8984627723693848
                    ],
                    [
                        405.994140625,
                        229.693359375,
                        0.8229653835296631
                    ],
                    [
                        412.283203125,
                        280.005859375,
                        0.8488236665725708
                    ],
                    [
                        409.138671875,
                        169.947265625,
                        0.7609327435493469
                    ],
                    [
                        402.849609375,
                        223.404296875,
                        0.6386799812316895
                    ],
                    [
                        418.572265625,
                        261.138671875,
                        0.6741429567337036
                    ],
                    [
                        407.56640625,
                        259.56640625,
                        0.787268877029419
                    ],
                    [
                        409.138671875,
                        261.138671875,
                        0.8484537601470947
                    ],
                    [
                        434.294921875,
                        324.029296875,
                        0.900063693523407
                    ],
                    [
                        405.994140625,
                        386.919921875,
                        0.915624737739563
                    ],
                    [
                        405.994140625,
                        257.994140625,
                        0.7260839343070984
                    ],
                    [
                        428.005859375,
                        317.740234375,
                        0.8179090023040771
                    ],
                    [
                        399.705078125,
                        368.052734375,
                        0.9289611577987671
                    ],
                    [
                        443.728515625,
                        138.501953125,
                        0.9699030518531799
                    ],
                    [
                        446.873046875,
                        138.501953125,
                        0.929379940032959
                    ],
                    [
                        428.005859375,
                        141.646484375,
                        0.9129248857498169
                    ],
                    [
                        428.005859375,
                        138.501953125,
                        0.6519732475280762
                    ],
                    [
                        428.005859375,
                        371.197265625,
                        0.8554891347885132
                    ],
                    [
                        424.861328125,
                        371.197265625,
                        0.8235218524932861
                    ],
                    [
                        390.271484375,
                        371.197265625,
                        0.8286402821540833
                    ],
                    [
                        434.294921875,
                        393.208984375,
                        0.8833168148994446
                    ],
                    [
                        428.005859375,
                        399.498046875,
                        0.8017104864120483
                    ],
                    [
                        396.560546875,
                        393.208984375,
                        0.8767892718315125
                    ]
                ]
            ]
        },
        {
            "person_id": [
                2
            ],
            "pose_keypoints_2d": [
                [
                    [
                        0.0,
                        0.0,
                        0.02053990215063095
                    ],
                    [
                        0.0,
                        0.0,
                        0.02973298355937004
                    ],
                    [
                        0.0,
                        0.0,
                        0.02973298355937004
                    ],
                    [
                        0.0,
                        0.0,
                        0.01196254137903452
                    ],
                    [
                        0.0,
                        0.0,
                        0.007421588525176048
                    ],
                    [
                        0.0,
                        0.0,
                        0.02973298355937004
                    ],
                    [
                        0.0,
                        0.0,
                        0.008996602147817612
                    ],
                    [
                        0.0,
                        0.0,
                        0.007513847202062607
                    ],
                    [
                        0.0,
                        0.0,
                        0.037304166704416275
                    ],
                    [
                        0.0,
                        0.0,
                        0.037304166704416275
                    ],
                    [
                        0.0,
                        0.0,
                        0.02520212158560753
                    ],
                    [
                        0.0,
                        0.0,
                        0.033779580146074295
                    ],
                    [
                        0.0,
                        0.0,
                        0.037304166704416275
                    ],
                    [
                        0.0,
                        0.0,
                        0.02520212158560753
                    ],
                    [
                        0.0,
                        0.0,
                        0.033779580146074295
                    ],
                    [
                        0.0,
                        0.0,
                        0.019236018881201744
                    ],
                    [
                        0.0,
                        0.0,
                        0.019236017018556595
                    ],
                    [
                        0.0,
                        0.0,
                        0.015073975548148155
                    ],
                    [
                        0.0,
                        0.0,
                        0.015073975548148155
                    ],
                    [
                        0.0,
                        0.0,
                        0.020099788904190063
                    ],
                    [
                        0.0,
                        0.0,
                        0.0185064859688282
                    ],
                    [
                        0.0,
                        0.0,
                        0.016233710572123528
                    ],
                    [
                        0.0,
                        0.0,
                        0.020099785178899765
                    ],
                    [
                        0.0,
                        0.0,
                        0.0185064859688282
                    ],
                    [
                        0.0,
                        0.0,
                        0.016233710572123528
                    ]
                ]
            ]
        }
    ]
}