{
    "people": [
        {
            "person_id": [
                1
            ],
            "pose_keypoints_2d": [
                [
                    [
                        424.419921875,
                        133.279296875,
                        0.9832442998886108
                    ],
                    [
                        397.662109375,
                        161.375,
                        0.8188822269439697
                    ],
                    [
                        400.337890625,
                        162.712890625,
                        0.9004727005958557
                    ],
                    [
                        392.310546875,
                        208.201171875,
                        0.8287578225135803
                    ],
                    [
                        403.013671875,
                        251.013671875,
                        0.8305824995040894
                    ],
                    [
                        394.986328125,
                        160.037109375,
                        0.7372918128967285
                    ],
                    [
                        386.958984375,
                        205.525390625,
                        0.6561473608016968
                    ],
                    [
                        400.337890625,
                        245.662109375,
                        0.6297791004180908
                    ],
                    [
                        385.62109375,
                        236.296875,
                        0.8090690970420837
                    ],
                    [
                        389.634765625,
                        237.634765625,
                        0.8675947189331055
                    ],
                    [
                        419.068359375,
                        291.150390625,
                        0.9131608605384827
                    ],
                    [
                        394.986328125,
                        344.666015625,
                        0.8561261892318726
                    ],
                    [
                        381.607421875,
                        234.958984375,
                        0.750543475151062
                    ],
                    [
                        405.689453125,
                        283.123046875,
                        0.7491166591644287
                    ],
                    [
                        386.958984375,
                        328.611328125,
                        0.9585213661193848
                    ],
                    [
                        419.068359375,
                        130.603515625,
                        0.9797922372817993
                    ],
                    [
                        424.419921875,
                        130.603515625,
                        0.9765241146087646
                    ],
                    [
                        403.013671875,
                        133.279296875,
                        0.9421035647392273
                    ],
                    [
                        421.744140625,
                        133.279296875,
                        0.6484872102737427
                    ],
                    [
                        411.041015625,
                        333.962890625,
                        0.8650506138801575
                    ],
                    [
                        408.365234375,
                        331.287109375,
                        0.8744792938232422
                    ],
                    [
                        381.607421875,
                        333.962890625,
                        0.895779550075531
                    ],
                    [
                        419.068359375,
                        350.017578125,
                        0.8487328886985779
                    ],
                    [
                        413.716796875,
                        352.693359375,
                        0.8333568572998047
                    ],
                    [
                        386.958984375,
                        347.341796875,
                        0.8614481687545776
                    ]
                ]
            ]
        },
        {
            "person_id": [
                2
            ],
            "pose_keypoints_2d": [
                [
                    [
                        0.0,
                        0.0,
                        0.020531099289655685
                    ],
                    [
                        0.0,
                        0.0,
                        0.029849819839000702
                    ],
                    [
                        0.0,
                        0.0,
                        0.029849819839000702
                    ],
                    [
                        0.0,
                        0.0,
                        0.012015359476208687
                    ],
                    [
                        0.0,
                        0.0,
                        0.007502174004912376
                    ],
                    [
                        0.0,
                        0.0,
                        0.029849819839000702
                    ],
                    [
                        0.0,
                        0.0,
                        0.00905443076044321
                    ],
                    [
                        0.0,
                        0.0,
                        0.007550043519586325
                    ],
                    [
                        0.0,
                        0.0,
                        0.037438396364450455
                    ],
                    [
                        0.0,
                        0.0,
                        0.037438396364450455
                    ],
                    [
                        0.0,
                        0.0,
                        0.025315171107649803
                    ],
                    [
                        0.0,
                        0.0,
                        0.03399762138724327
                    ],
                    [
                        0.0,
                        0.0,
                        0.037438396364450455
                    ],
                    [
                        0.0,
                        0.0,
                        0.025315171107649803
                    ],
                    [
                        0.0,
                        0.0,
                        0.03399762138724327
                    ],
                    [
                        0.0,
                        0.0,
                        0.019224030897021294
                    ],
                    [
                        0.0,
                        0.0,
                        0.019224030897021294
                    ],
                    [
                        0.0,
                        0.0,
                        0.015098605304956436
                    ],
                    [
                        0.0,
                        0.0,
                        0.015098605304956436
                    ],
                    [
                        0.0,
                        0.0,
                        0.0203581340610981
                    ],
                    [
                        0.0,
                        0.0,
                        0.018469566479325294
                    ],
                    [
                        0.0,
                        0.0,
                        0.01647251471877098
                    ],
                    [
                        0.0,
                        0.0,
                        0.020358137786388397
                    ],
                    [
                        0.0,
                        0.0,
                        0.018469566479325294
                    ],
                    [
                        0.0,
                        0.0,
                        0.01647251471877098
                    ]
                ]
            ]
        }
    ]
}