{
    "people": [
        {
            "person_id": [
                1
            ],
            "pose_keypoints_2d": [
                [
                    [
                        418.8193359375,
                        118.3232421875,
                        0.9563736915588379
                    ],
                    [
                        392.5400390625,
                        147.5224609375,
                        0.8384953737258911
                    ],
                    [
                        395.4599609375,
                        150.4423828125,
                        0.9091140031814575
                    ],
                    [
                        392.5400390625,
                        197.1611328125,
                        0.8678843379020691
                    ],
                    [
                        401.2998046875,
                        238.0400390625,
                        0.8605995178222656
                    ],
                    [
                        389.6201171875,
                        144.6025390625,
                        0.7678767442703247
                    ],
                    [
                        392.5400390625,
                        194.2412109375,
                        0.6626986265182495
                    ],
                    [
                        401.2998046875,
                        235.1201171875,
                        0.6748297810554504
                    ],
                    [
                        395.4599609375,
                        229.2802734375,
                        0.8060958981513977
                    ],
                    [
                        398.3798828125,
                        232.2001953125,
                        0.8438915014266968
                    ],
                    [
                        404.2197265625,
                        287.6787109375,
                        0.8814274668693542
                    ],
                    [
                        383.7802734375,
                        346.0771484375,
                        0.9062033891677856
                    ],
                    [
                        392.5400390625,
                        226.3603515625,
                        0.7683002948760986
                    ],
                    [
                        392.5400390625,
                        281.8388671875,
                        0.7989909052848816
                    ],
                    [
                        377.9404296875,
                        331.4775390625,
                        0.9201205968856812
                    ],
                    [
                        412.9794921875,
                        112.4833984375,
                        0.9630078077316284
                    ],
                    [
                        418.8193359375,
                        112.4833984375,
                        0.9591777324676514
                    ],
                    [
                        398.3798828125,
                        115.4033203125,
                        0.9290536642074585
                    ],
                    [
                        412.9794921875,
                        115.4033203125,
                        0.6424877643585205
                    ],
                    [
                        401.2998046875,
                        343.1572265625,
                        0.848574161529541
                    ],
                    [
                        398.3798828125,
                        337.3173828125,
                        0.8125330209732056
                    ],
                    [
                        372.1005859375,
                        334.3974609375,
                        0.8333120346069336
                    ],
                    [
                        407.1396484375,
                        354.8369140625,
                        0.8824119567871094
                    ],
                    [
                        401.2998046875,
                        357.7568359375,
                        0.8390167951583862
                    ],
                    [
                        377.9404296875,
                        348.9970703125,
                        0.8798165917396545
                    ]
                ]
            ]
        },
        {
            "person_id": [
                2
            ],
            "pose_keypoints_2d": [
                [
                    [
                        0.0,
                        0.0,
                        0.020531099289655685
                    ],
                    [
                        0.0,
                        0.0,
                        0.029849819839000702
                    ],
                    [
                        0.0,
                        0.0,
                        0.029849819839000702
                    ],
                    [
                        0.0,
                        0.0,
                        0.012015359476208687
                    ],
                    [
                        0.0,
                        0.0,
                        0.007502174004912376
                    ],
                    [
                        0.0,
                        0.0,
                        0.029849819839000702
                    ],
                    [
                        0.0,
                        0.0,
                        0.009054431691765785
                    ],
                    [
                        0.0,
                        0.0,
                        0.007550043519586325
                    ],
                    [
                        0.0,
                        0.0,
                        0.037438396364450455
                    ],
                    [
                        0.0,
                        0.0,
                        0.037438396364450455
                    ],
                    [
                        0.0,
                        0.0,
                        0.025315171107649803
                    ],
                    [
                        0.0,
                        0.0,
                        0.03399762138724327
                    ],
                    [
                        0.0,
                        0.0,
                        0.037438396364450455
                    ],
                    [
                        0.0,
                        0.0,
                        0.025315171107649803
                    ],
                    [
                        0.0,
                        0.0,
                        0.03399762138724327
                    ],
                    [
                        0.0,
                        0.0,
                        0.019224030897021294
                    ],
                    [
                        0.0,
                        0.0,
                        0.019224030897021294
                    ],
                    [
                        0.0,
                        0.0,
                        0.015098605304956436
                    ],
                    [
                        0.0,
                        0.0,
                        0.015098605304956436
                    ],
                    [
                        0.0,
                        0.0,
                        0.0203581340610981
                    ],
                    [
                        0.0,
                        0.0,
                        0.018469566479325294
                    ],
                    [
                        0.0,
                        0.0,
                        0.01647251471877098
                    ],
                    [
                        0.0,
                        0.0,
                        0.020358137786388397
                    ],
                    [
                        0.0,
                        0.0,
                        0.018469566479325294
                    ],
                    [
                        0.0,
                        0.0,
                        0.01647251471877098
                    ]
                ]
            ]
        }
    ]
}