{
    "people": [
        {
            "person_id": [
                1
            ],
            "pose_keypoints_2d": [
                [
                    [
                        453.1064453125,
                        104.3037109375,
                        0.9641939401626587
                    ],
                    [
                        416.5,
                        133.9375,
                        0.8730372786521912
                    ],
                    [
                        414.7568359375,
                        135.6806640625,
                        0.9332022666931152
                    ],
                    [
                        404.2978515625,
                        187.9755859375,
                        0.8357210159301758
                    ],
                    [
                        411.2705078125,
                        236.7841796875,
                        0.8994725942611694
                    ],
                    [
                        418.2431640625,
                        132.1943359375,
                        0.8128722906112671
                    ],
                    [
                        414.7568359375,
                        187.9755859375,
                        0.6947152018547058
                    ],
                    [
                        414.7568359375,
                        236.7841796875,
                        0.8086687326431274
                    ],
                    [
                        411.2705078125,
                        233.2978515625,
                        0.7653964757919312
                    ],
                    [
                        411.2705078125,
                        236.7841796875,
                        0.7921600341796875
                    ],
                    [
                        418.2431640625,
                        303.0244140625,
                        0.8629421591758728
                    ],
                    [
                        411.2705078125,
                        372.7509765625,
                        0.9136230945587158
                    ],
                    [
                        411.2705078125,
                        229.8115234375,
                        0.7386329174041748
                    ],
                    [
                        418.2431640625,
                        299.5380859375,
                        0.8582580089569092
                    ],
                    [
                        411.2705078125,
                        362.2919921875,
                        0.8927625417709351
                    ],
                    [
                        449.6201171875,
                        97.3310546875,
                        0.9542397260665894
                    ],
                    [
                        453.1064453125,
                        100.8173828125,
                        0.9430944919586182
                    ],
                    [
                        432.1884765625,
                        100.8173828125,
                        0.9318543076515198
                    ],
                    [
                        432.1884765625,
                        100.8173828125,
                        0.6933987736701965
                    ],
                    [
                        432.1884765625,
                        372.7509765625,
                        0.8582156896591187
                    ],
                    [
                        428.7021484375,
                        369.2646484375,
                        0.8453959822654724
                    ],
                    [
                        404.2978515625,
                        365.7783203125,
                        0.7275848388671875
                    ],
                    [
                        432.1884765625,
                        386.6962890625,
                        0.9161279201507568
                    ],
                    [
                        425.2158203125,
                        390.1826171875,
                        0.8553339242935181
                    ],
                    [
                        404.2978515625,
                        376.2373046875,
                        0.8519725799560547
                    ]
                ]
            ]
        },
        {
            "person_id": [
                2
            ],
            "pose_keypoints_2d": [
                [
                    [
                        0.0,
                        0.0,
                        0.02053990215063095
                    ],
                    [
                        0.0,
                        0.0,
                        0.02973298355937004
                    ],
                    [
                        0.0,
                        0.0,
                        0.02973298355937004
                    ],
                    [
                        0.0,
                        0.0,
                        0.01196254137903452
                    ],
                    [
                        0.0,
                        0.0,
                        0.007421588525176048
                    ],
                    [
                        0.0,
                        0.0,
                        0.02973298355937004
                    ],
                    [
                        0.0,
                        0.0,
                        0.008996602147817612
                    ],
                    [
                        0.0,
                        0.0,
                        0.007513847202062607
                    ],
                    [
                        0.0,
                        0.0,
                        0.037304166704416275
                    ],
                    [
                        0.0,
                        0.0,
                        0.037304166704416275
                    ],
                    [
                        0.0,
                        0.0,
                        0.02520212158560753
                    ],
                    [
                        0.0,
                        0.0,
                        0.033779580146074295
                    ],
                    [
                        0.0,
                        0.0,
                        0.037304166704416275
                    ],
                    [
                        0.0,
                        0.0,
                        0.02520212158560753
                    ],
                    [
                        0.0,
                        0.0,
                        0.033779580146074295
                    ],
                    [
                        0.0,
                        0.0,
                        0.019236020743846893
                    ],
                    [
                        0.0,
                        0.0,
                        0.019236020743846893
                    ],
                    [
                        0.0,
                        0.0,
                        0.015073975548148155
                    ],
                    [
                        0.0,
                        0.0,
                        0.015073975548148155
                    ],
                    [
                        0.0,
                        0.0,
                        0.020099788904190063
                    ],
                    [
                        0.0,
                        0.0,
                        0.0185064859688282
                    ],
                    [
                        0.0,
                        0.0,
                        0.016233710572123528
                    ],
                    [
                        0.0,
                        0.0,
                        0.020099785178899765
                    ],
                    [
                        0.0,
                        0.0,
                        0.0185064859688282
                    ],
                    [
                        0.0,
                        0.0,
                        0.016233710572123528
                    ]
                ]
            ]
        }
    ]
}