{
    "people": [
        {
            "person_id": [
                1
            ],
            "pose_keypoints_2d": [
                [
                    [
                        422.3681640625,
                        123.9443359375,
                        0.9591906666755676
                    ],
                    [
                        393.5595703125,
                        157.07421875,
                        0.8428653478622437
                    ],
                    [
                        399.3212890625,
                        158.5146484375,
                        0.8912522196769714
                    ],
                    [
                        396.4404296875,
                        204.6083984375,
                        0.8221244812011719
                    ],
                    [
                        402.2021484375,
                        247.8212890625,
                        0.865243673324585
                    ],
                    [
                        387.7978515625,
                        155.6337890625,
                        0.7944784164428711
                    ],
                    [
                        390.6787109375,
                        201.7275390625,
                        0.66287761926651
                    ],
                    [
                        399.3212890625,
                        242.0595703125,
                        0.6658691763877869
                    ],
                    [
                        395.0,
                        237.73828125,
                        0.8207690715789795
                    ],
                    [
                        399.3212890625,
                        239.1787109375,
                        0.8751400113105774
                    ],
                    [
                        410.8447265625,
                        293.9150390625,
                        0.8771502375602722
                    ],
                    [
                        384.9169921875,
                        348.6513671875,
                        0.9123982191085815
                    ],
                    [
                        390.6787109375,
                        236.2978515625,
                        0.7663981914520264
                    ],
                    [
                        396.4404296875,
                        288.1533203125,
                        0.8517817854881287
                    ],
                    [
                        379.1552734375,
                        331.3662109375,
                        0.9305546879768372
                    ],
                    [
                        416.6064453125,
                        121.0634765625,
                        0.9536842107772827
                    ],
                    [
                        419.4873046875,
                        121.0634765625,
                        0.9255481958389282
                    ],
                    [
                        402.2021484375,
                        123.9443359375,
                        0.9133026599884033
                    ],
                    [
                        407.9638671875,
                        123.9443359375,
                        0.6450463533401489
                    ],
                    [
                        402.2021484375,
                        340.0087890625,
                        0.7728743553161621
                    ],
                    [
                        396.4404296875,
                        340.0087890625,
                        0.7503762245178223
                    ],
                    [
                        370.5126953125,
                        337.1279296875,
                        0.8544168472290039
                    ],
                    [
                        407.9638671875,
                        357.2939453125,
                        0.8827784657478333
                    ],
                    [
                        402.2021484375,
                        360.1748046875,
                        0.8403110504150391
                    ],
                    [
                        379.1552734375,
                        354.4130859375,
                        0.9037020206451416
                    ]
                ]
            ]
        },
        {
            "person_id": [
                2
            ],
            "pose_keypoints_2d": [
                [
                    [
                        0.0,
                        0.0,
                        0.02053990215063095
                    ],
                    [
                        0.0,
                        0.0,
                        0.02973298355937004
                    ],
                    [
                        0.0,
                        0.0,
                        0.02973298355937004
                    ],
                    [
                        0.0,
                        0.0,
                        0.01196254137903452
                    ],
                    [
                        0.0,
                        0.0,
                        0.007421588525176048
                    ],
                    [
                        0.0,
                        0.0,
                        0.02973298355937004
                    ],
                    [
                        0.0,
                        0.0,
                        0.008996602147817612
                    ],
                    [
                        0.0,
                        0.0,
                        0.007513847202062607
                    ],
                    [
                        0.0,
                        0.0,
                        0.037304166704416275
                    ],
                    [
                        0.0,
                        0.0,
                        0.037304166704416275
                    ],
                    [
                        0.0,
                        0.0,
                        0.02520212158560753
                    ],
                    [
                        0.0,
                        0.0,
                        0.033779580146074295
                    ],
                    [
                        0.0,
                        0.0,
                        0.037304166704416275
                    ],
                    [
                        0.0,
                        0.0,
                        0.02520212158560753
                    ],
                    [
                        0.0,
                        0.0,
                        0.033779580146074295
                    ],
                    [
                        0.0,
                        0.0,
                        0.019236020743846893
                    ],
                    [
                        0.0,
                        0.0,
                        0.019236020743846893
                    ],
                    [
                        0.0,
                        0.0,
                        0.015073975548148155
                    ],
                    [
                        0.0,
                        0.0,
                        0.015073975548148155
                    ],
                    [
                        0.0,
                        0.0,
                        0.020099785178899765
                    ],
                    [
                        0.0,
                        0.0,
                        0.0185064859688282
                    ],
                    [
                        0.0,
                        0.0,
                        0.016233710572123528
                    ],
                    [
                        0.0,
                        0.0,
                        0.020099788904190063
                    ],
                    [
                        0.0,
                        0.0,
                        0.0185064859688282
                    ],
                    [
                        0.0,
                        0.0,
                        0.016233710572123528
                    ]
                ]
            ]
        }
    ]
}