{
    "people": [
        {
            "person_id": [
                1
            ],
            "pose_keypoints_2d": [
                [
                    [
                        424.5126953125,
                        132.3642578125,
                        0.9751160740852356
                    ],
                    [
                        397.6572265625,
                        160.5625,
                        0.8182923197746277
                    ],
                    [
                        400.3427734375,
                        161.9052734375,
                        0.8997776508331299
                    ],
                    [
                        392.2861328125,
                        207.5595703125,
                        0.8262996673583984
                    ],
                    [
                        400.3427734375,
                        247.8427734375,
                        0.8273906707763672
                    ],
                    [
                        394.9716796875,
                        159.2197265625,
                        0.7368069887161255
                    ],
                    [
                        386.9150390625,
                        204.8740234375,
                        0.6675037145614624
                    ],
                    [
                        400.3427734375,
                        245.1572265625,
                        0.6409201622009277
                    ],
                    [
                        386.9150390625,
                        235.7578125,
                        0.7968180179595947
                    ],
                    [
                        389.6005859375,
                        237.1005859375,
                        0.8565401434898376
                    ],
                    [
                        419.1416015625,
                        290.8115234375,
                        0.9030431509017944
                    ],
                    [
                        394.9716796875,
                        344.5224609375,
                        0.8623132705688477
                    ],
                    [
                        384.2294921875,
                        234.4150390625,
                        0.7370959520339966
                    ],
                    [
                        405.7138671875,
                        282.7548828125,
                        0.7671112418174744
                    ],
                    [
                        386.9150390625,
                        328.4091796875,
                        0.957461953163147
                    ],
                    [
                        419.1416015625,
                        129.6787109375,
                        0.9666355848312378
                    ],
                    [
                        424.5126953125,
                        129.6787109375,
                        0.970503568649292
                    ],
                    [
                        403.0283203125,
                        132.3642578125,
                        0.9469393491744995
                    ],
                    [
                        421.8271484375,
                        132.3642578125,
                        0.6633697748184204
                    ],
                    [
                        411.0849609375,
                        333.7802734375,
                        0.8259490728378296
                    ],
                    [
                        408.3994140625,
                        333.7802734375,
                        0.8313254117965698
                    ],
                    [
                        381.5439453125,
                        333.7802734375,
                        0.8975738286972046
                    ],
                    [
                        419.1416015625,
                        349.8935546875,
                        0.8488861322402954
                    ],
                    [
                        413.7705078125,
                        352.5791015625,
                        0.8310779333114624
                    ],
                    [
                        389.6005859375,
                        347.2080078125,
                        0.8672008514404297
                    ]
                ]
            ]
        },
        {
            "person_id": [
                2
            ],
            "pose_keypoints_2d": [
                [
                    [
                        0.0,
                        0.0,
                        0.020531099289655685
                    ],
                    [
                        0.0,
                        0.0,
                        0.029849819839000702
                    ],
                    [
                        0.0,
                        0.0,
                        0.029849819839000702
                    ],
                    [
                        0.0,
                        0.0,
                        0.012015359476208687
                    ],
                    [
                        0.0,
                        0.0,
                        0.007502174004912376
                    ],
                    [
                        0.0,
                        0.0,
                        0.029849819839000702
                    ],
                    [
                        0.0,
                        0.0,
                        0.009054431691765785
                    ],
                    [
                        0.0,
                        0.0,
                        0.007550043519586325
                    ],
                    [
                        0.0,
                        0.0,
                        0.037438396364450455
                    ],
                    [
                        0.0,
                        0.0,
                        0.037438396364450455
                    ],
                    [
                        0.0,
                        0.0,
                        0.025315171107649803
                    ],
                    [
                        0.0,
                        0.0,
                        0.03399762138724327
                    ],
                    [
                        0.0,
                        0.0,
                        0.037438396364450455
                    ],
                    [
                        0.0,
                        0.0,
                        0.025315171107649803
                    ],
                    [
                        0.0,
                        0.0,
                        0.03399762138724327
                    ],
                    [
                        0.0,
                        0.0,
                        0.019224030897021294
                    ],
                    [
                        0.0,
                        0.0,
                        0.019224030897021294
                    ],
                    [
                        0.0,
                        0.0,
                        0.015098605304956436
                    ],
                    [
                        0.0,
                        0.0,
                        0.015098605304956436
                    ],
                    [
                        0.0,
                        0.0,
                        0.0203581340610981
                    ],
                    [
                        0.0,
                        0.0,
                        0.018469566479325294
                    ],
                    [
                        0.0,
                        0.0,
                        0.01647251471877098
                    ],
                    [
                        0.0,
                        0.0,
                        0.020358137786388397
                    ],
                    [
                        0.0,
                        0.0,
                        0.018469566479325294
                    ],
                    [
                        0.0,
                        0.0,
                        0.01647251471877098
                    ]
                ]
            ]
        }
    ]
}