{
    "people": [
        {
            "person_id": [
                1
            ],
            "pose_keypoints_2d": [
                [
                    [
                        417.5458984375,
                        104.5126953125,
                        0.9655443429946899
                    ],
                    [
                        394.0302734375,
                        132.4375,
                        0.8446593880653381
                    ],
                    [
                        396.9697265625,
                        133.9072265625,
                        0.9244614839553833
                    ],
                    [
                        391.0908203125,
                        177.9990234375,
                        0.7753309011459351
                    ],
                    [
                        399.9091796875,
                        216.2119140625,
                        0.881451427936554
                    ],
                    [
                        391.0908203125,
                        130.9677734375,
                        0.764857292175293
                    ],
                    [
                        382.2724609375,
                        175.0595703125,
                        0.6915033459663391
                    ],
                    [
                        399.9091796875,
                        213.2724609375,
                        0.6424436569213867
                    ],
                    [
                        392.560546875,
                        214.7421875,
                        0.8160624504089355
                    ],
                    [
                        394.0302734375,
                        216.2119140625,
                        0.8631719350814819
                    ],
                    [
                        399.9091796875,
                        272.0615234375,
                        0.8872666358947754
                    ],
                    [
                        388.1513671875,
                        333.7900390625,
                        0.9355494976043701
                    ],
                    [
                        391.0908203125,
                        213.2724609375,
                        0.7689529657363892
                    ],
                    [
                        394.0302734375,
                        269.1220703125,
                        0.8453866243362427
                    ],
                    [
                        388.1513671875,
                        324.9716796875,
                        0.9113523960113525
                    ],
                    [
                        411.6669921875,
                        98.6337890625,
                        0.9747669100761414
                    ],
                    [
                        417.5458984375,
                        98.6337890625,
                        0.9678959846496582
                    ],
                    [
                        396.9697265625,
                        101.5732421875,
                        0.9550912380218506
                    ],
                    [
                        414.6064453125,
                        101.5732421875,
                        0.6535789966583252
                    ],
                    [
                        408.7275390625,
                        330.8505859375,
                        0.9148995280265808
                    ],
                    [
                        405.7880859375,
                        327.9111328125,
                        0.8799226880073547
                    ],
                    [
                        382.2724609375,
                        327.9111328125,
                        0.7484745979309082
                    ],
                    [
                        411.6669921875,
                        345.5478515625,
                        0.8686115741729736
                    ],
                    [
                        405.7880859375,
                        348.4873046875,
                        0.8178532719612122
                    ],
                    [
                        385.2119140625,
                        339.6689453125,
                        0.8985038995742798
                    ]
                ]
            ]
        },
        {
            "person_id": [
                2
            ],
            "pose_keypoints_2d": [
                [
                    [
                        0.0,
                        0.0,
                        0.020531099289655685
                    ],
                    [
                        0.0,
                        0.0,
                        0.029849819839000702
                    ],
                    [
                        0.0,
                        0.0,
                        0.029849819839000702
                    ],
                    [
                        0.0,
                        0.0,
                        0.012015359476208687
                    ],
                    [
                        0.0,
                        0.0,
                        0.007502174004912376
                    ],
                    [
                        0.0,
                        0.0,
                        0.029849819839000702
                    ],
                    [
                        0.0,
                        0.0,
                        0.009054431691765785
                    ],
                    [
                        0.0,
                        0.0,
                        0.007550043519586325
                    ],
                    [
                        0.0,
                        0.0,
                        0.037438396364450455
                    ],
                    [
                        0.0,
                        0.0,
                        0.037438396364450455
                    ],
                    [
                        0.0,
                        0.0,
                        0.025315171107649803
                    ],
                    [
                        0.0,
                        0.0,
                        0.03399762138724327
                    ],
                    [
                        0.0,
                        0.0,
                        0.037438396364450455
                    ],
                    [
                        0.0,
                        0.0,
                        0.025315171107649803
                    ],
                    [
                        0.0,
                        0.0,
                        0.03399762138724327
                    ],
                    [
                        0.0,
                        0.0,
                        0.019224030897021294
                    ],
                    [
                        0.0,
                        0.0,
                        0.019224030897021294
                    ],
                    [
                        0.0,
                        0.0,
                        0.015098605304956436
                    ],
                    [
                        0.0,
                        0.0,
                        0.015098605304956436
                    ],
                    [
                        0.0,
                        0.0,
                        0.020358137786388397
                    ],
                    [
                        0.0,
                        0.0,
                        0.018469566479325294
                    ],
                    [
                        0.0,
                        0.0,
                        0.01647251471877098
                    ],
                    [
                        0.0,
                        0.0,
                        0.020358137786388397
                    ],
                    [
                        0.0,
                        0.0,
                        0.018469566479325294
                    ],
                    [
                        0.0,
                        0.0,
                        0.01647251471877098
                    ]
                ]
            ]
        }
    ]
}