{
    "people": [
        {
            "person_id": [
                1
            ],
            "pose_keypoints_2d": [
                [
                    [
                        421.572265625,
                        116.638671875,
                        0.9562907814979553
                    ],
                    [
                        397.5,
                        146.375,
                        0.8173766732215881
                    ],
                    [
                        396.083984375,
                        147.791015625,
                        0.9144363403320312
                    ],
                    [
                        390.419921875,
                        193.103515625,
                        0.8672346472740173
                    ],
                    [
                        398.916015625,
                        229.919921875,
                        0.9237955808639526
                    ],
                    [
                        398.916015625,
                        144.958984375,
                        0.720317006111145
                    ],
                    [
                        396.083984375,
                        190.271484375,
                        0.6908562183380127
                    ],
                    [
                        398.916015625,
                        229.919921875,
                        0.7465623021125793
                    ],
                    [
                        389.00390625,
                        222.83984375,
                        0.7677026987075806
                    ],
                    [
                        390.419921875,
                        224.255859375,
                        0.8230541944503784
                    ],
                    [
                        407.412109375,
                        280.896484375,
                        0.9080384969711304
                    ],
                    [
                        393.251953125,
                        340.369140625,
                        0.8682607412338257
                    ],
                    [
                        387.587890625,
                        221.423828125,
                        0.7123512029647827
                    ],
                    [
                        396.083984375,
                        278.064453125,
                        0.8516656160354614
                    ],
                    [
                        390.419921875,
                        326.208984375,
                        0.9414666891098022
                    ],
                    [
                        415.908203125,
                        110.974609375,
                        0.9929525852203369
                    ],
                    [
                        421.572265625,
                        110.974609375,
                        0.9712910652160645
                    ],
                    [
                        398.916015625,
                        116.638671875,
                        0.9377539157867432
                    ],
                    [
                        418.740234375,
                        116.638671875,
                        0.6731566190719604
                    ],
                    [
                        410.244140625,
                        331.873046875,
                        0.9278419017791748
                    ],
                    [
                        407.412109375,
                        329.041015625,
                        0.9116131067276001
                    ],
                    [
                        381.923828125,
                        331.873046875,
                        0.8575646877288818
                    ],
                    [
                        415.908203125,
                        348.865234375,
                        0.8857097625732422
                    ],
                    [
                        413.076171875,
                        351.697265625,
                        0.8039495944976807
                    ],
                    [
                        387.587890625,
                        346.033203125,
                        0.8780537843704224
                    ]
                ]
            ]
        },
        {
            "person_id": [
                2
            ],
            "pose_keypoints_2d": [
                [
                    [
                        0.0,
                        0.0,
                        0.020531099289655685
                    ],
                    [
                        0.0,
                        0.0,
                        0.029849819839000702
                    ],
                    [
                        0.0,
                        0.0,
                        0.029849819839000702
                    ],
                    [
                        0.0,
                        0.0,
                        0.012015359476208687
                    ],
                    [
                        0.0,
                        0.0,
                        0.007502174004912376
                    ],
                    [
                        0.0,
                        0.0,
                        0.029849819839000702
                    ],
                    [
                        0.0,
                        0.0,
                        0.009054431691765785
                    ],
                    [
                        0.0,
                        0.0,
                        0.007550043519586325
                    ],
                    [
                        0.0,
                        0.0,
                        0.037438396364450455
                    ],
                    [
                        0.0,
                        0.0,
                        0.037438396364450455
                    ],
                    [
                        0.0,
                        0.0,
                        0.025315171107649803
                    ],
                    [
                        0.0,
                        0.0,
                        0.03399762138724327
                    ],
                    [
                        0.0,
                        0.0,
                        0.037438396364450455
                    ],
                    [
                        0.0,
                        0.0,
                        0.025315171107649803
                    ],
                    [
                        0.0,
                        0.0,
                        0.03399762138724327
                    ],
                    [
                        0.0,
                        0.0,
                        0.019224032759666443
                    ],
                    [
                        0.0,
                        0.0,
                        0.019224030897021294
                    ],
                    [
                        0.0,
                        0.0,
                        0.015098605304956436
                    ],
                    [
                        0.0,
                        0.0,
                        0.015098605304956436
                    ],
                    [
                        0.0,
                        0.0,
                        0.0203581340610981
                    ],
                    [
                        0.0,
                        0.0,
                        0.018469566479325294
                    ],
                    [
                        0.0,
                        0.0,
                        0.01647251471877098
                    ],
                    [
                        0.0,
                        0.0,
                        0.0203581340610981
                    ],
                    [
                        0.0,
                        0.0,
                        0.018469566479325294
                    ],
                    [
                        0.0,
                        0.0,
                        0.01647251471877098
                    ]
                ]
            ]
        }
    ]
}