{
    "people": [
        {
            "person_id": [
                1
            ],
            "pose_keypoints_2d": [
                [
                    [
                        417.3994140625,
                        91.9423828125,
                        0.9535201787948608
                    ],
                    [
                        395.5,
                        129.0029296875,
                        0.8517792224884033
                    ],
                    [
                        393.8154296875,
                        129.0029296875,
                        0.9329079389572144
                    ],
                    [
                        383.7080078125,
                        179.5400390625,
                        0.8062725067138672
                    ],
                    [
                        397.1845703125,
                        223.3388671875,
                        0.8880141377449036
                    ],
                    [
                        397.1845703125,
                        129.0029296875,
                        0.7706505060195923
                    ],
                    [
                        397.1845703125,
                        179.5400390625,
                        0.6429027318954468
                    ],
                    [
                        400.5537109375,
                        223.3388671875,
                        0.7391477227210999
                    ],
                    [
                        395.5,
                        219.9697265625,
                        0.7836304306983948
                    ],
                    [
                        393.8154296875,
                        219.9697265625,
                        0.8142613172531128
                    ],
                    [
                        397.1845703125,
                        287.3525390625,
                        0.9425591230392456
                    ],
                    [
                        383.7080078125,
                        351.3662109375,
                        0.8361743688583374
                    ],
                    [
                        397.1845703125,
                        219.9697265625,
                        0.7529995441436768
                    ],
                    [
                        393.8154296875,
                        283.9833984375,
                        0.8317449688911438
                    ],
                    [
                        383.7080078125,
                        337.8896484375,
                        0.9463335275650024
                    ],
                    [
                        410.6611328125,
                        85.2041015625,
                        0.9378741979598999
                    ],
                    [
                        417.3994140625,
                        85.2041015625,
                        0.9517546892166138
                    ],
                    [
                        397.1845703125,
                        95.3115234375,
                        0.9416202306747437
                    ],
                    [
                        407.2919921875,
                        91.9423828125,
                        0.6816357374191284
                    ],
                    [
                        407.2919921875,
                        347.9970703125,
                        0.8838047981262207
                    ],
                    [
                        403.9228515625,
                        344.6279296875,
                        0.9116849303245544
                    ],
                    [
                        373.6005859375,
                        341.2587890625,
                        0.8597387075424194
                    ],
                    [
                        403.9228515625,
                        374.9501953125,
                        0.8761255741119385
                    ],
                    [
                        397.1845703125,
                        374.9501953125,
                        0.830159604549408
                    ],
                    [
                        380.3388671875,
                        358.1044921875,
                        0.7944608926773071
                    ]
                ]
            ]
        },
        {
            "person_id": [
                2
            ],
            "pose_keypoints_2d": [
                [
                    [
                        0.0,
                        0.0,
                        0.02053990215063095
                    ],
                    [
                        0.0,
                        0.0,
                        0.02973298355937004
                    ],
                    [
                        0.0,
                        0.0,
                        0.02973298355937004
                    ],
                    [
                        0.0,
                        0.0,
                        0.01196254137903452
                    ],
                    [
                        0.0,
                        0.0,
                        0.007421588525176048
                    ],
                    [
                        0.0,
                        0.0,
                        0.02973298355937004
                    ],
                    [
                        0.0,
                        0.0,
                        0.008996602147817612
                    ],
                    [
                        0.0,
                        0.0,
                        0.007513847202062607
                    ],
                    [
                        0.0,
                        0.0,
                        0.037304166704416275
                    ],
                    [
                        0.0,
                        0.0,
                        0.037304166704416275
                    ],
                    [
                        0.0,
                        0.0,
                        0.02520212158560753
                    ],
                    [
                        0.0,
                        0.0,
                        0.033779580146074295
                    ],
                    [
                        0.0,
                        0.0,
                        0.037304166704416275
                    ],
                    [
                        0.0,
                        0.0,
                        0.02520212158560753
                    ],
                    [
                        0.0,
                        0.0,
                        0.033779580146074295
                    ],
                    [
                        0.0,
                        0.0,
                        0.019236017018556595
                    ],
                    [
                        0.0,
                        0.0,
                        0.019236020743846893
                    ],
                    [
                        0.0,
                        0.0,
                        0.015073975548148155
                    ],
                    [
                        0.0,
                        0.0,
                        0.015073975548148155
                    ],
                    [
                        0.0,
                        0.0,
                        0.020099788904190063
                    ],
                    [
                        0.0,
                        0.0,
                        0.0185064859688282
                    ],
                    [
                        0.0,
                        0.0,
                        0.016233710572123528
                    ],
                    [
                        0.0,
                        0.0,
                        0.020099785178899765
                    ],
                    [
                        0.0,
                        0.0,
                        0.0185064859688282
                    ],
                    [
                        0.0,
                        0.0,
                        0.016233710572123528
                    ]
                ]
            ]
        }
    ]
}