{
    "people": [
        {
            "person_id": [
                1
            ],
            "pose_keypoints_2d": [
                [
                    [
                        447.509765625,
                        132.62693786621094,
                        0.9480440616607666
                    ],
                    [
                        416.728515625,
                        180.72264099121094,
                        0.821258544921875
                    ],
                    [
                        416.728515625,
                        182.64646911621094,
                        0.8936142921447754
                    ],
                    [
                        412.880859375,
                        248.05662536621094,
                        0.8089951872825623
                    ],
                    [
                        428.271484375,
                        305.771484375,
                        0.8403446078300476
                    ],
                    [
                        416.728515625,
                        178.79881286621094,
                        0.7489027976989746
                    ],
                    [
                        420.576171875,
                        244.20896911621094,
                        0.6380103230476379
                    ],
                    [
                        428.271484375,
                        298.076171875,
                        0.6243555545806885
                    ],
                    [
                        420.576171875,
                        284.609375,
                        0.8262973427772522
                    ],
                    [
                        420.576171875,
                        286.533203125,
                        0.9104430675506592
                    ],
                    [
                        439.814453125,
                        363.486328125,
                        0.8983975648880005
                    ],
                    [
                        409.033203125,
                        448.134765625,
                        0.897560715675354
                    ],
                    [
                        420.576171875,
                        282.685546875,
                        0.7421516180038452
                    ],
                    [
                        432.119140625,
                        348.095703125,
                        0.6730742454528809
                    ],
                    [
                        409.033203125,
                        405.810546875,
                        0.8953064680099487
                    ],
                    [
                        439.814453125,
                        128.77928161621094,
                        0.9451560378074646
                    ],
                    [
                        443.662109375,
                        128.77928161621094,
                        0.9328511953353882
                    ],
                    [
                        424.423828125,
                        136.47459411621094,
                        0.9558010101318359
                    ],
                    [
                        428.271484375,
                        136.47459411621094,
                        0.6745889186859131
                    ],
                    [
                        439.814453125,
                        417.353515625,
                        0.6556183099746704
                    ],
                    [
                        435.966796875,
                        417.353515625,
                        0.679682731628418
                    ],
                    [
                        397.490234375,
                        409.658203125,
                        0.8653216361999512
                    ],
                    [
                        443.662109375,
                        459.677734375,
                        0.8429640531539917
                    ],
                    [
                        432.119140625,
                        467.373046875,
                        0.856657862663269
                    ],
                    [
                        401.337890625,
                        451.982421875,
                        0.8939934372901917
                    ]
                ]
            ]
        },
        {
            "person_id": [
                2
            ],
            "pose_keypoints_2d": [
                [
                    [
                        0.0,
                        0.0,
                        0.02054770663380623
                    ],
                    [
                        0.0,
                        0.0,
                        0.029505658894777298
                    ],
                    [
                        0.0,
                        0.0,
                        0.029505658894777298
                    ],
                    [
                        0.0,
                        0.0,
                        0.011846141889691353
                    ],
                    [
                        0.0,
                        0.0,
                        0.007285086438059807
                    ],
                    [
                        0.0,
                        0.0,
                        0.029505658894777298
                    ],
                    [
                        0.0,
                        0.0,
                        0.008914992213249207
                    ],
                    [
                        0.0,
                        0.0,
                        0.007436390966176987
                    ],
                    [
                        0.0,
                        0.0,
                        0.03699507564306259
                    ],
                    [
                        0.0,
                        0.0,
                        0.03699507564306259
                    ],
                    [
                        0.0,
                        0.0,
                        0.024959975853562355
                    ],
                    [
                        0.0,
                        0.0,
                        0.0333336777985096
                    ],
                    [
                        0.0,
                        0.0,
                        0.03699507564306259
                    ],
                    [
                        0.0,
                        0.0,
                        0.024959975853562355
                    ],
                    [
                        0.0,
                        0.0,
                        0.0333336777985096
                    ],
                    [
                        0.0,
                        0.0,
                        0.019244998693466187
                    ],
                    [
                        0.0,
                        0.0,
                        0.019244998693466187
                    ],
                    [
                        0.0,
                        0.0,
                        0.014994420111179352
                    ],
                    [
                        0.0,
                        0.0,
                        0.014994420111179352
                    ],
                    [
                        0.0,
                        0.0,
                        0.019587840884923935
                    ],
                    [
                        0.0,
                        0.0,
                        0.01856718212366104
                    ],
                    [
                        0.0,
                        0.0,
                        0.015759753063321114
                    ],
                    [
                        0.0,
                        0.0,
                        0.019587840884923935
                    ],
                    [
                        0.0,
                        0.0,
                        0.01856718212366104
                    ],
                    [
                        0.0,
                        0.0,
                        0.015759753063321114
                    ]
                ]
            ]
        }
    ]
}