{
    "people": [
        {
            "person_id": [
                1
            ],
            "pose_keypoints_2d": [
                [
                    [
                        463.5068359375,
                        132.86038208007812,
                        0.9379088282585144
                    ],
                    [
                        425.0986328125,
                        186.20510864257812,
                        0.8304779529571533
                    ],
                    [
                        429.3662109375,
                        188.33889770507812,
                        0.8882129788398743
                    ],
                    [
                        425.0986328125,
                        265.1553039550781,
                        0.7438499927520752
                    ],
                    [
                        446.4365234375,
                        329.1689758300781,
                        0.8787919282913208
                    ],
                    [
                        420.8310546875,
                        184.07131958007812,
                        0.7727429866790771
                    ],
                    [
                        425.0986328125,
                        256.6201477050781,
                        0.6478558778762817
                    ],
                    [
                        442.1689453125,
                        316.3662414550781,
                        0.6433645486831665
                    ],
                    [
                        422.96484375,
                        301.4297180175781,
                        0.8073692321777344
                    ],
                    [
                        425.0986328125,
                        303.5635070800781,
                        0.8710508942604065
                    ],
                    [
                        446.4365234375,
                        388.9150695800781,
                        0.8753916025161743
                    ],
                    [
                        425.0986328125,
                        487.0693054199219,
                        0.9283703565597534
                    ],
                    [
                        420.8310546875,
                        299.2959289550781,
                        0.7436875104904175
                    ],
                    [
                        437.9013671875,
                        376.1123352050781,
                        0.729648232460022
                    ],
                    [
                        416.5634765625,
                        435.8584289550781,
                        0.8922170400619507
                    ],
                    [
                        454.9716796875,
                        128.59280395507812,
                        0.9467297792434692
                    ],
                    [
                        459.2392578125,
                        128.59280395507812,
                        0.9452522993087769
                    ],
                    [
                        433.6337890625,
                        137.12796020507812,
                        0.9526550769805908
                    ],
                    [
                        437.9013671875,
                        137.12796020507812,
                        0.6873987913131714
                    ],
                    [
                        454.9716796875,
                        452.9287414550781,
                        0.8314068913459778
                    ],
                    [
                        450.7041015625,
                        448.6611633300781,
                        0.848177433013916
                    ],
                    [
                        408.0283203125,
                        444.3935852050781,
                        0.8375089168548584
                    ],
                    [
                        463.5068359375,
                        495.6044616699219,
                        0.8138433694839478
                    ],
                    [
                        454.9716796875,
                        504.1396179199219,
                        0.8699173331260681
                    ],
                    [
                        416.5634765625,
                        491.3368835449219,
                        0.8968856334686279
                    ]
                ]
            ]
        },
        {
            "person_id": [
                2
            ],
            "pose_keypoints_2d": [
                [
                    [
                        0.0,
                        0.0,
                        0.02053990215063095
                    ],
                    [
                        0.0,
                        0.0,
                        0.02973298355937004
                    ],
                    [
                        0.0,
                        0.0,
                        0.02973298355937004
                    ],
                    [
                        0.0,
                        0.0,
                        0.01196254137903452
                    ],
                    [
                        0.0,
                        0.0,
                        0.007421588525176048
                    ],
                    [
                        0.0,
                        0.0,
                        0.02973298355937004
                    ],
                    [
                        0.0,
                        0.0,
                        0.008996602147817612
                    ],
                    [
                        0.0,
                        0.0,
                        0.007513847202062607
                    ],
                    [
                        0.0,
                        0.0,
                        0.037304166704416275
                    ],
                    [
                        0.0,
                        0.0,
                        0.037304166704416275
                    ],
                    [
                        0.0,
                        0.0,
                        0.02520212158560753
                    ],
                    [
                        0.0,
                        0.0,
                        0.033779580146074295
                    ],
                    [
                        0.0,
                        0.0,
                        0.037304166704416275
                    ],
                    [
                        0.0,
                        0.0,
                        0.02520212158560753
                    ],
                    [
                        0.0,
                        0.0,
                        0.033779580146074295
                    ],
                    [
                        0.0,
                        0.0,
                        0.019236018881201744
                    ],
                    [
                        0.0,
                        0.0,
                        0.019236020743846893
                    ],
                    [
                        0.0,
                        0.0,
                        0.015073975548148155
                    ],
                    [
                        0.0,
                        0.0,
                        0.015073975548148155
                    ],
                    [
                        0.0,
                        0.0,
                        0.020099788904190063
                    ],
                    [
                        0.0,
                        0.0,
                        0.0185064859688282
                    ],
                    [
                        0.0,
                        0.0,
                        0.016233710572123528
                    ],
                    [
                        0.0,
                        0.0,
                        0.020099785178899765
                    ],
                    [
                        0.0,
                        0.0,
                        0.0185064859688282
                    ],
                    [
                        0.0,
                        0.0,
                        0.016233710572123528
                    ]
                ]
            ]
        }
    ]
}