{
    "people": [
        {
            "person_id": [
                1
            ],
            "pose_keypoints_2d": [
                [
                    [
                        456.4384765625,
                        101.2138671875,
                        0.9621412754058838
                    ],
                    [
                        425.3349609375,
                        150.0908203125,
                        0.8589015603065491
                    ],
                    [
                        420.8916015625,
                        150.0908203125,
                        0.9206348657608032
                    ],
                    [
                        416.4482421875,
                        221.1845703125,
                        0.8734370470046997
                    ],
                    [
                        434.2216796875,
                        278.9482421875,
                        0.9183306097984314
                    ],
                    [
                        429.7783203125,
                        150.0908203125,
                        0.7971682548522949
                    ],
                    [
                        429.7783203125,
                        216.7412109375,
                        0.7319552898406982
                    ],
                    [
                        438.6650390625,
                        278.9482421875,
                        0.7540485858917236
                    ],
                    [
                        423.11328125,
                        270.0615234375,
                        0.8138659596443176
                    ],
                    [
                        420.8916015625,
                        270.0615234375,
                        0.8570797443389893
                    ],
                    [
                        434.2216796875,
                        358.9287109375,
                        0.9337424039840698
                    ],
                    [
                        429.7783203125,
                        456.6826171875,
                        0.9009016156196594
                    ],
                    [
                        425.3349609375,
                        270.0615234375,
                        0.770652174949646
                    ],
                    [
                        429.7783203125,
                        354.4853515625,
                        0.8362869024276733
                    ],
                    [
                        420.8916015625,
                        430.0224609375,
                        0.9358081817626953
                    ],
                    [
                        447.5517578125,
                        96.7705078125,
                        0.93824303150177
                    ],
                    [
                        451.9951171875,
                        92.3271484375,
                        0.9242163896560669
                    ],
                    [
                        429.7783203125,
                        101.2138671875,
                        0.9514987468719482
                    ],
                    [
                        438.6650390625,
                        101.2138671875,
                        0.7301561236381531
                    ],
                    [
                        447.5517578125,
                        443.3525390625,
                        0.9227454662322998
                    ],
                    [
                        447.5517578125,
                        438.9091796875,
                        0.9248437881469727
                    ],
                    [
                        412.0048828125,
                        430.0224609375,
                        0.7439222931861877
                    ],
                    [
                        456.4384765625,
                        478.8994140625,
                        0.8204067945480347
                    ],
                    [
                        443.1083984375,
                        483.3427734375,
                        0.8180434703826904
                    ],
                    [
                        420.8916015625,
                        461.1259765625,
                        0.8603470921516418
                    ]
                ]
            ]
        },
        {
            "person_id": [
                2
            ],
            "pose_keypoints_2d": [
                [
                    [
                        0.0,
                        0.0,
                        0.02053990215063095
                    ],
                    [
                        0.0,
                        0.0,
                        0.02973298355937004
                    ],
                    [
                        0.0,
                        0.0,
                        0.02973298355937004
                    ],
                    [
                        0.0,
                        0.0,
                        0.01196254137903452
                    ],
                    [
                        0.0,
                        0.0,
                        0.007421588525176048
                    ],
                    [
                        0.0,
                        0.0,
                        0.02973298355937004
                    ],
                    [
                        0.0,
                        0.0,
                        0.008996602147817612
                    ],
                    [
                        0.0,
                        0.0,
                        0.007513847202062607
                    ],
                    [
                        0.0,
                        0.0,
                        0.037304166704416275
                    ],
                    [
                        0.0,
                        0.0,
                        0.037304166704416275
                    ],
                    [
                        0.0,
                        0.0,
                        0.02520212158560753
                    ],
                    [
                        0.0,
                        0.0,
                        0.033779580146074295
                    ],
                    [
                        0.0,
                        0.0,
                        0.037304166704416275
                    ],
                    [
                        0.0,
                        0.0,
                        0.02520212158560753
                    ],
                    [
                        0.0,
                        0.0,
                        0.033779580146074295
                    ],
                    [
                        0.0,
                        0.0,
                        0.019236020743846893
                    ],
                    [
                        0.0,
                        0.0,
                        0.019236020743846893
                    ],
                    [
                        0.0,
                        0.0,
                        0.015073975548148155
                    ],
                    [
                        0.0,
                        0.0,
                        0.015073975548148155
                    ],
                    [
                        0.0,
                        0.0,
                        0.020099785178899765
                    ],
                    [
                        0.0,
                        0.0,
                        0.0185064859688282
                    ],
                    [
                        0.0,
                        0.0,
                        0.016233710572123528
                    ],
                    [
                        0.0,
                        0.0,
                        0.020099785178899765
                    ],
                    [
                        0.0,
                        0.0,
                        0.0185064859688282
                    ],
                    [
                        0.0,
                        0.0,
                        0.016233710572123528
                    ]
                ]
            ]
        }
    ]
}