{
    "people": [
        {
            "person_id": [
                1
            ],
            "pose_keypoints_2d": [
                [
                    [
                        418.4453125,
                        124.5078125,
                        0.949560284614563
                    ],
                    [
                        394.0703125,
                        158.0234375,
                        0.8285250067710876
                    ],
                    [
                        394.0703125,
                        161.0703125,
                        0.9129478931427002
                    ],
                    [
                        387.9765625,
                        209.8203125,
                        0.8148593902587891
                    ],
                    [
                        400.1640625,
                        252.4765625,
                        0.8770461082458496
                    ],
                    [
                        394.0703125,
                        154.9765625,
                        0.7441021203994751
                    ],
                    [
                        387.9765625,
                        206.7734375,
                        0.6925334930419922
                    ],
                    [
                        397.1171875,
                        249.4296875,
                        0.622209370136261
                    ],
                    [
                        387.9765625,
                        241.8125,
                        0.8319376111030579
                    ],
                    [
                        387.9765625,
                        243.3359375,
                        0.8855510950088501
                    ],
                    [
                        409.3046875,
                        301.2265625,
                        0.9111179709434509
                    ],
                    [
                        378.8359375,
                        362.1640625,
                        0.904212236404419
                    ],
                    [
                        387.9765625,
                        240.2890625,
                        0.7783241271972656
                    ],
                    [
                        394.0703125,
                        295.1328125,
                        0.8207167387008667
                    ],
                    [
                        372.7421875,
                        343.8828125,
                        0.9703024625778198
                    ],
                    [
                        412.3515625,
                        118.4140625,
                        0.9657515287399292
                    ],
                    [
                        418.4453125,
                        118.4140625,
                        0.9398999214172363
                    ],
                    [
                        397.1171875,
                        127.5546875,
                        0.9376505613327026
                    ],
                    [
                        412.3515625,
                        124.5078125,
                        0.6683027744293213
                    ],
                    [
                        400.1640625,
                        353.0234375,
                        0.8683786392211914
                    ],
                    [
                        397.1171875,
                        349.9765625,
                        0.8426613807678223
                    ],
                    [
                        366.6484375,
                        349.9765625,
                        0.8832451105117798
                    ],
                    [
                        400.1640625,
                        374.3515625,
                        0.870640754699707
                    ],
                    [
                        394.0703125,
                        377.3984375,
                        0.8190905451774597
                    ],
                    [
                        369.6953125,
                        368.2578125,
                        0.876905083656311
                    ]
                ]
            ]
        },
        {
            "person_id": [
                2
            ],
            "pose_keypoints_2d": [
                [
                    [
                        0.0,
                        0.0,
                        0.02053990215063095
                    ],
                    [
                        0.0,
                        0.0,
                        0.02973298355937004
                    ],
                    [
                        0.0,
                        0.0,
                        0.02973298355937004
                    ],
                    [
                        0.0,
                        0.0,
                        0.01196254137903452
                    ],
                    [
                        0.0,
                        0.0,
                        0.007421588525176048
                    ],
                    [
                        0.0,
                        0.0,
                        0.02973298355937004
                    ],
                    [
                        0.0,
                        0.0,
                        0.008996602147817612
                    ],
                    [
                        0.0,
                        0.0,
                        0.007513847202062607
                    ],
                    [
                        0.0,
                        0.0,
                        0.037304166704416275
                    ],
                    [
                        0.0,
                        0.0,
                        0.037304166704416275
                    ],
                    [
                        0.0,
                        0.0,
                        0.02520212158560753
                    ],
                    [
                        0.0,
                        0.0,
                        0.033779580146074295
                    ],
                    [
                        0.0,
                        0.0,
                        0.037304166704416275
                    ],
                    [
                        0.0,
                        0.0,
                        0.02520212158560753
                    ],
                    [
                        0.0,
                        0.0,
                        0.033779580146074295
                    ],
                    [
                        0.0,
                        0.0,
                        0.019236018881201744
                    ],
                    [
                        0.0,
                        0.0,
                        0.019236018881201744
                    ],
                    [
                        0.0,
                        0.0,
                        0.015073975548148155
                    ],
                    [
                        0.0,
                        0.0,
                        0.015073975548148155
                    ],
                    [
                        0.0,
                        0.0,
                        0.020099785178899765
                    ],
                    [
                        0.0,
                        0.0,
                        0.0185064859688282
                    ],
                    [
                        0.0,
                        0.0,
                        0.016233710572123528
                    ],
                    [
                        0.0,
                        0.0,
                        0.020099788904190063
                    ],
                    [
                        0.0,
                        0.0,
                        0.0185064859688282
                    ],
                    [
                        0.0,
                        0.0,
                        0.016233710572123528
                    ]
                ]
            ]
        }
    ]
}