{
    "people": [
        {
            "person_id": [
                1
            ],
            "pose_keypoints_2d": [
                [
                    [
                        447.1826171875,
                        115.05563354492188,
                        0.969084620475769
                    ],
                    [
                        418.9501953125,
                        161.43746948242188,
                        0.846811056137085
                    ],
                    [
                        414.9169921875,
                        163.45407104492188,
                        0.9216598272323608
                    ],
                    [
                        414.9169921875,
                        227.9853515625,
                        0.8619920015335083
                    ],
                    [
                        431.0498046875,
                        288.4833679199219,
                        0.8513027429580688
                    ],
                    [
                        422.9833984375,
                        159.42086791992188,
                        0.7719622850418091
                    ],
                    [
                        427.0166015625,
                        227.9853515625,
                        0.7248989939689636
                    ],
                    [
                        435.0830078125,
                        284.4501647949219,
                        0.7268078327178955
                    ],
                    [
                        425.0,
                        274.3671569824219,
                        0.8084759712219238
                    ],
                    [
                        422.9833984375,
                        276.3837585449219,
                        0.8680186867713928
                    ],
                    [
                        431.0498046875,
                        353.0146179199219,
                        0.9268776178359985
                    ],
                    [
                        414.9169921875,
                        441.7451477050781,
                        0.8758437037467957
                    ],
                    [
                        427.0166015625,
                        272.3505554199219,
                        0.7489333152770996
                    ],
                    [
                        427.0166015625,
                        344.9482116699219,
                        0.7707683444023132
                    ],
                    [
                        410.8837890625,
                        401.4130554199219,
                        0.8729135990142822
                    ],
                    [
                        439.1162109375,
                        111.02243041992188,
                        0.9400801658630371
                    ],
                    [
                        443.1494140625,
                        106.98922729492188,
                        0.9183574914932251
                    ],
                    [
                        422.9833984375,
                        119.08883666992188,
                        0.932555079460144
                    ],
                    [
                        431.0498046875,
                        115.05563354492188,
                        0.7014159560203552
                    ],
                    [
                        443.1494140625,
                        417.5458679199219,
                        0.9248981475830078
                    ],
                    [
                        439.1162109375,
                        413.5126647949219,
                        0.9232124090194702
                    ],
                    [
                        402.8173828125,
                        405.4462585449219,
                        0.7848297357559204
                    ],
                    [
                        443.1494140625,
                        461.9111633300781,
                        0.8222497701644897
                    ],
                    [
                        431.0498046875,
                        465.9443664550781,
                        0.8474117517471313
                    ],
                    [
                        402.8173828125,
                        445.7783508300781,
                        0.9097285270690918
                    ]
                ]
            ]
        },
        {
            "person_id": [
                2
            ],
            "pose_keypoints_2d": [
                [
                    [
                        0.0,
                        0.0,
                        0.02054770663380623
                    ],
                    [
                        0.0,
                        0.0,
                        0.029505658894777298
                    ],
                    [
                        0.0,
                        0.0,
                        0.029505658894777298
                    ],
                    [
                        0.0,
                        0.0,
                        0.011846141889691353
                    ],
                    [
                        0.0,
                        0.0,
                        0.007285086438059807
                    ],
                    [
                        0.0,
                        0.0,
                        0.029505658894777298
                    ],
                    [
                        0.0,
                        0.0,
                        0.008914992213249207
                    ],
                    [
                        0.0,
                        0.0,
                        0.007436390966176987
                    ],
                    [
                        0.0,
                        0.0,
                        0.03699507564306259
                    ],
                    [
                        0.0,
                        0.0,
                        0.03699507564306259
                    ],
                    [
                        0.0,
                        0.0,
                        0.024959975853562355
                    ],
                    [
                        0.0,
                        0.0,
                        0.0333336777985096
                    ],
                    [
                        0.0,
                        0.0,
                        0.03699507564306259
                    ],
                    [
                        0.0,
                        0.0,
                        0.024959975853562355
                    ],
                    [
                        0.0,
                        0.0,
                        0.0333336777985096
                    ],
                    [
                        0.0,
                        0.0,
                        0.019244998693466187
                    ],
                    [
                        0.0,
                        0.0,
                        0.019245000556111336
                    ],
                    [
                        0.0,
                        0.0,
                        0.014994421973824501
                    ],
                    [
                        0.0,
                        0.0,
                        0.014994421973824501
                    ],
                    [
                        0.0,
                        0.0,
                        0.019587844610214233
                    ],
                    [
                        0.0,
                        0.0,
                        0.01856718212366104
                    ],
                    [
                        0.0,
                        0.0,
                        0.015759753063321114
                    ],
                    [
                        0.0,
                        0.0,
                        0.019587840884923935
                    ],
                    [
                        0.0,
                        0.0,
                        0.01856718212366104
                    ],
                    [
                        0.0,
                        0.0,
                        0.015759753063321114
                    ]
                ]
            ]
        }
    ]
}