{
    "people": [
        {
            "person_id": [
                1
            ],
            "pose_keypoints_2d": [
                [
                    [
                        439.1982421875,
                        83.9501953125,
                        0.9624269008636475
                    ],
                    [
                        411.0,
                        125.3076171875,
                        0.8606159090995789
                    ],
                    [
                        409.1201171875,
                        125.3076171875,
                        0.9328151941299438
                    ],
                    [
                        394.0810546875,
                        177.9443359375,
                        0.8897292613983154
                    ],
                    [
                        409.1201171875,
                        230.5810546875,
                        0.9097455143928528
                    ],
                    [
                        412.8798828125,
                        125.3076171875,
                        0.7884166240692139
                    ],
                    [
                        409.1201171875,
                        177.9443359375,
                        0.5995981693267822
                    ],
                    [
                        416.6396484375,
                        226.8212890625,
                        0.7351230382919312
                    ],
                    [
                        411.0,
                        230.5810546875,
                        0.7606306076049805
                    ],
                    [
                        409.1201171875,
                        230.5810546875,
                        0.7951086759567261
                    ],
                    [
                        416.6396484375,
                        302.0166015625,
                        0.8676052093505859
                    ],
                    [
                        405.3603515625,
                        380.9716796875,
                        0.868360161781311
                    ],
                    [
                        412.8798828125,
                        230.5810546875,
                        0.7261525988578796
                    ],
                    [
                        416.6396484375,
                        302.0166015625,
                        0.8675656318664551
                    ],
                    [
                        409.1201171875,
                        365.9326171875,
                        0.9085699319839478
                    ],
                    [
                        431.6787109375,
                        80.1904296875,
                        0.9312496185302734
                    ],
                    [
                        435.4384765625,
                        76.4306640625,
                        0.933588981628418
                    ],
                    [
                        416.6396484375,
                        87.7099609375,
                        0.9118762016296387
                    ],
                    [
                        420.3994140625,
                        83.9501953125,
                        0.6748939752578735
                    ],
                    [
                        431.6787109375,
                        377.2119140625,
                        0.8675510883331299
                    ],
                    [
                        427.9189453125,
                        373.4521484375,
                        0.8754098415374756
                    ],
                    [
                        401.6005859375,
                        373.4521484375,
                        0.7715091109275818
                    ],
                    [
                        427.9189453125,
                        407.2900390625,
                        0.8557724952697754
                    ],
                    [
                        420.3994140625,
                        407.2900390625,
                        0.87267005443573
                    ],
                    [
                        397.8408203125,
                        388.4912109375,
                        0.8295201063156128
                    ]
                ]
            ]
        },
        {
            "person_id": [
                2
            ],
            "pose_keypoints_2d": [
                [
                    [
                        0.0,
                        0.0,
                        0.02054770663380623
                    ],
                    [
                        0.0,
                        0.0,
                        0.029505658894777298
                    ],
                    [
                        0.0,
                        0.0,
                        0.029505658894777298
                    ],
                    [
                        0.0,
                        0.0,
                        0.011846141889691353
                    ],
                    [
                        0.0,
                        0.0,
                        0.007285086438059807
                    ],
                    [
                        0.0,
                        0.0,
                        0.029505658894777298
                    ],
                    [
                        0.0,
                        0.0,
                        0.008914992213249207
                    ],
                    [
                        0.0,
                        0.0,
                        0.007436390966176987
                    ],
                    [
                        0.0,
                        0.0,
                        0.03699507564306259
                    ],
                    [
                        0.0,
                        0.0,
                        0.03699507564306259
                    ],
                    [
                        0.0,
                        0.0,
                        0.024959975853562355
                    ],
                    [
                        0.0,
                        0.0,
                        0.0333336777985096
                    ],
                    [
                        0.0,
                        0.0,
                        0.03699507564306259
                    ],
                    [
                        0.0,
                        0.0,
                        0.024959975853562355
                    ],
                    [
                        0.0,
                        0.0,
                        0.0333336777985096
                    ],
                    [
                        0.0,
                        0.0,
                        0.019245000556111336
                    ],
                    [
                        0.0,
                        0.0,
                        0.019245002418756485
                    ],
                    [
                        0.0,
                        0.0,
                        0.014994421973824501
                    ],
                    [
                        0.0,
                        0.0,
                        0.014994420111179352
                    ],
                    [
                        0.0,
                        0.0,
                        0.019587840884923935
                    ],
                    [
                        0.0,
                        0.0,
                        0.01856718212366104
                    ],
                    [
                        0.0,
                        0.0,
                        0.015759753063321114
                    ],
                    [
                        0.0,
                        0.0,
                        0.019587840884923935
                    ],
                    [
                        0.0,
                        0.0,
                        0.01856718212366104
                    ],
                    [
                        0.0,
                        0.0,
                        0.015759753063321114
                    ]
                ]
            ]
        }
    ]
}