{
    "people": [
        {
            "person_id": [
                1
            ],
            "pose_keypoints_2d": [
                [
                    [
                        427.6953125,
                        98.86717224121094,
                        0.9697668552398682
                    ],
                    [
                        402.5,
                        137.49998474121094,
                        0.8505759239196777
                    ],
                    [
                        400.8203125,
                        139.17967224121094,
                        0.9296610355377197
                    ],
                    [
                        397.4609375,
                        192.92967224121094,
                        0.8510154485702515
                    ],
                    [
                        404.1796875,
                        239.96092224121094,
                        0.8758538961410522
                    ],
                    [
                        404.1796875,
                        135.82029724121094,
                        0.771490752696991
                    ],
                    [
                        404.1796875,
                        189.57029724121094,
                        0.6937677264213562
                    ],
                    [
                        407.5390625,
                        236.60154724121094,
                        0.8120107650756836
                    ],
                    [
                        399.140625,
                        233.24217224121094,
                        0.7938624620437622
                    ],
                    [
                        397.4609375,
                        236.60154724121094,
                        0.8328830599784851
                    ],
                    [
                        404.1796875,
                        300.4296875,
                        0.9078006744384766
                    ],
                    [
                        400.8203125,
                        370.9765625,
                        0.8598235845565796
                    ],
                    [
                        400.8203125,
                        229.88279724121094,
                        0.7548419237136841
                    ],
                    [
                        404.1796875,
                        300.4296875,
                        0.8561192154884338
                    ],
                    [
                        397.4609375,
                        364.2578125,
                        0.9011127948760986
                    ],
                    [
                        420.9765625,
                        95.50779724121094,
                        0.9440336227416992
                    ],
                    [
                        424.3359375,
                        92.14842224121094,
                        0.924373984336853
                    ],
                    [
                        404.1796875,
                        102.22654724121094,
                        0.9106066226959229
                    ],
                    [
                        417.6171875,
                        98.86717224121094,
                        0.630940318107605
                    ],
                    [
                        420.9765625,
                        377.6953125,
                        0.7912610769271851
                    ],
                    [
                        420.9765625,
                        374.3359375,
                        0.7881799340248108
                    ],
                    [
                        390.7421875,
                        370.9765625,
                        0.763637900352478
                    ],
                    [
                        420.9765625,
                        381.0546875,
                        0.860600471496582
                    ],
                    [
                        414.2578125,
                        384.4140625,
                        0.8458045721054077
                    ],
                    [
                        394.1015625,
                        377.6953125,
                        0.8297494649887085
                    ]
                ]
            ]
        },
        {
            "person_id": [
                2
            ],
            "pose_keypoints_2d": [
                [
                    [
                        0.0,
                        0.0,
                        0.02054770663380623
                    ],
                    [
                        0.0,
                        0.0,
                        0.029505658894777298
                    ],
                    [
                        0.0,
                        0.0,
                        0.029505658894777298
                    ],
                    [
                        0.0,
                        0.0,
                        0.011846141889691353
                    ],
                    [
                        0.0,
                        0.0,
                        0.007285086438059807
                    ],
                    [
                        0.0,
                        0.0,
                        0.029505658894777298
                    ],
                    [
                        0.0,
                        0.0,
                        0.008914992213249207
                    ],
                    [
                        0.0,
                        0.0,
                        0.007436390966176987
                    ],
                    [
                        0.0,
                        0.0,
                        0.03699507564306259
                    ],
                    [
                        0.0,
                        0.0,
                        0.03699507564306259
                    ],
                    [
                        0.0,
                        0.0,
                        0.024959975853562355
                    ],
                    [
                        0.0,
                        0.0,
                        0.0333336777985096
                    ],
                    [
                        0.0,
                        0.0,
                        0.03699507564306259
                    ],
                    [
                        0.0,
                        0.0,
                        0.024959975853562355
                    ],
                    [
                        0.0,
                        0.0,
                        0.0333336777985096
                    ],
                    [
                        0.0,
                        0.0,
                        0.019244998693466187
                    ],
                    [
                        0.0,
                        0.0,
                        0.019245000556111336
                    ],
                    [
                        0.0,
                        0.0,
                        0.014994421973824501
                    ],
                    [
                        0.0,
                        0.0,
                        0.014994421973824501
                    ],
                    [
                        0.0,
                        0.0,
                        0.019587840884923935
                    ],
                    [
                        0.0,
                        0.0,
                        0.01856718212366104
                    ],
                    [
                        0.0,
                        0.0,
                        0.015759753063321114
                    ],
                    [
                        0.0,
                        0.0,
                        0.019587840884923935
                    ],
                    [
                        0.0,
                        0.0,
                        0.01856718212366104
                    ],
                    [
                        0.0,
                        0.0,
                        0.015759753063321114
                    ]
                ]
            ]
        }
    ]
}