{
    "people": [
        {
            "person_id": [
                1
            ],
            "pose_keypoints_2d": [
                [
                    [
                        454.5625,
                        128.0625,
                        0.9854587316513062
                    ],
                    [
                        415.1875,
                        178.375,
                        0.8232429623603821
                    ],
                    [
                        415.1875,
                        180.5625,
                        0.8758480548858643
                    ],
                    [
                        397.6875,
                        250.5625,
                        0.8249414563179016
                    ],
                    [
                        450.1875,
                        289.9375,
                        0.8976529836654663
                    ],
                    [
                        415.1875,
                        176.1875,
                        0.7706378698348999
                    ],
                    [
                        415.1875,
                        237.4375,
                        0.759784460067749
                    ],
                    [
                        441.4375,
                        259.3125,
                        0.8936655521392822
                    ],
                    [
                        413.0,
                        296.5,
                        0.7827918529510498
                    ],
                    [
                        415.1875,
                        298.6875,
                        0.813238263130188
                    ],
                    [
                        423.9375,
                        390.5625,
                        0.8709136843681335
                    ],
                    [
                        419.5625,
                        486.8125,
                        0.9296677112579346
                    ],
                    [
                        410.8125,
                        294.3125,
                        0.7523454427719116
                    ],
                    [
                        410.8125,
                        368.6875,
                        0.8329376578330994
                    ],
                    [
                        402.0625,
                        434.3125,
                        0.8877280950546265
                    ],
                    [
                        445.8125,
                        123.6875,
                        0.9673648476600647
                    ],
                    [
                        454.5625,
                        123.6875,
                        0.9457401633262634
                    ],
                    [
                        428.3125,
                        132.4375,
                        0.9698812365531921
                    ],
                    [
                        432.6875,
                        128.0625,
                        0.7008408308029175
                    ],
                    [
                        441.4375,
                        434.3125,
                        0.9415826797485352
                    ],
                    [
                        432.6875,
                        429.9375,
                        0.8661168813705444
                    ],
                    [
                        393.3125,
                        443.0625,
                        0.8408029079437256
                    ],
                    [
                        458.9375,
                        495.5625,
                        0.866817831993103
                    ],
                    [
                        450.1875,
                        504.3125,
                        0.8729249835014343
                    ],
                    [
                        415.1875,
                        495.5625,
                        0.9147449135780334
                    ]
                ]
            ]
        },
        {
            "person_id": [
                2
            ],
            "pose_keypoints_2d": [
                [
                    [
                        0.0,
                        0.0,
                        0.02053990215063095
                    ],
                    [
                        0.0,
                        0.0,
                        0.02973298355937004
                    ],
                    [
                        0.0,
                        0.0,
                        0.02973298355937004
                    ],
                    [
                        0.0,
                        0.0,
                        0.01196254137903452
                    ],
                    [
                        0.0,
                        0.0,
                        0.007421588525176048
                    ],
                    [
                        0.0,
                        0.0,
                        0.02973298355937004
                    ],
                    [
                        0.0,
                        0.0,
                        0.008996602147817612
                    ],
                    [
                        0.0,
                        0.0,
                        0.007513847202062607
                    ],
                    [
                        0.0,
                        0.0,
                        0.037304166704416275
                    ],
                    [
                        0.0,
                        0.0,
                        0.037304166704416275
                    ],
                    [
                        0.0,
                        0.0,
                        0.02520212158560753
                    ],
                    [
                        0.0,
                        0.0,
                        0.033779580146074295
                    ],
                    [
                        0.0,
                        0.0,
                        0.037304166704416275
                    ],
                    [
                        0.0,
                        0.0,
                        0.02520212158560753
                    ],
                    [
                        0.0,
                        0.0,
                        0.033779580146074295
                    ],
                    [
                        0.0,
                        0.0,
                        0.019236020743846893
                    ],
                    [
                        0.0,
                        0.0,
                        0.019236020743846893
                    ],
                    [
                        0.0,
                        0.0,
                        0.015073975548148155
                    ],
                    [
                        0.0,
                        0.0,
                        0.015073975548148155
                    ],
                    [
                        0.0,
                        0.0,
                        0.020099785178899765
                    ],
                    [
                        0.0,
                        0.0,
                        0.0185064859688282
                    ],
                    [
                        0.0,
                        0.0,
                        0.016233710572123528
                    ],
                    [
                        0.0,
                        0.0,
                        0.020099785178899765
                    ],
                    [
                        0.0,
                        0.0,
                        0.0185064859688282
                    ],
                    [
                        0.0,
                        0.0,
                        0.016233710572123528
                    ]
                ]
            ]
        }
    ]
}