{
    "people": [
        {
            "person_id": [
                1
            ],
            "pose_keypoints_2d": [
                [
                    [
                        466.6044921875,
                        128.97756958007812,
                        0.9560137987136841
                    ],
                    [
                        425.134765625,
                        179.17776489257812,
                        0.8311342000961304
                    ],
                    [
                        427.3173828125,
                        181.36038208007812,
                        0.8954509496688843
                    ],
                    [
                        422.9521484375,
                        255.56936645507812,
                        0.8033078908920288
                    ],
                    [
                        436.0478515625,
                        316.6826477050781,
                        0.8830080032348633
                    ],
                    [
                        422.9521484375,
                        176.99514770507812,
                        0.7668175101280212
                    ],
                    [
                        422.9521484375,
                        251.20413208007812,
                        0.6725234985351562
                    ],
                    [
                        436.0478515625,
                        312.3174133300781,
                        0.7329907417297363
                    ],
                    [
                        418.5869140625,
                        301.4043273925781,
                        0.8060725331306458
                    ],
                    [
                        418.5869140625,
                        303.5869445800781,
                        0.8908588886260986
                    ],
                    [
                        422.9521484375,
                        386.5263977050781,
                        0.8108818531036377
                    ],
                    [
                        418.5869140625,
                        486.9267272949219,
                        0.9528670907020569
                    ],
                    [
                        418.5869140625,
                        299.2217102050781,
                        0.7212861776351929
                    ],
                    [
                        422.9521484375,
                        382.1611633300781,
                        0.7525695562362671
                    ],
                    [
                        418.5869140625,
                        443.2744445800781,
                        0.8706678748130798
                    ],
                    [
                        453.5087890625,
                        120.24710083007812,
                        0.9615519046783447
                    ],
                    [
                        457.8740234375,
                        120.24710083007812,
                        0.9210662245750427
                    ],
                    [
                        436.0478515625,
                        133.34280395507812,
                        0.9541275501251221
                    ],
                    [
                        444.7783203125,
                        128.97756958007812,
                        0.6703038215637207
                    ],
                    [
                        453.5087890625,
                        452.0049133300781,
                        0.9378268718719482
                    ],
                    [
                        449.1435546875,
                        447.6396789550781,
                        0.9106558561325073
                    ],
                    [
                        409.8564453125,
                        447.6396789550781,
                        0.7605745792388916
                    ],
                    [
                        457.8740234375,
                        495.6571960449219,
                        0.8089375495910645
                    ],
                    [
                        453.5087890625,
                        504.3876647949219,
                        0.8600404262542725
                    ],
                    [
                        414.2216796875,
                        495.6571960449219,
                        0.9145428538322449
                    ]
                ]
            ]
        },
        {
            "person_id": [
                2
            ],
            "pose_keypoints_2d": [
                [
                    [
                        0.0,
                        0.0,
                        0.02053990215063095
                    ],
                    [
                        0.0,
                        0.0,
                        0.02973298355937004
                    ],
                    [
                        0.0,
                        0.0,
                        0.02973298355937004
                    ],
                    [
                        0.0,
                        0.0,
                        0.01196254137903452
                    ],
                    [
                        0.0,
                        0.0,
                        0.007421588525176048
                    ],
                    [
                        0.0,
                        0.0,
                        0.02973298355937004
                    ],
                    [
                        0.0,
                        0.0,
                        0.008996602147817612
                    ],
                    [
                        0.0,
                        0.0,
                        0.007513847202062607
                    ],
                    [
                        0.0,
                        0.0,
                        0.037304166704416275
                    ],
                    [
                        0.0,
                        0.0,
                        0.037304166704416275
                    ],
                    [
                        0.0,
                        0.0,
                        0.02520212158560753
                    ],
                    [
                        0.0,
                        0.0,
                        0.033779580146074295
                    ],
                    [
                        0.0,
                        0.0,
                        0.037304166704416275
                    ],
                    [
                        0.0,
                        0.0,
                        0.02520212158560753
                    ],
                    [
                        0.0,
                        0.0,
                        0.033779580146074295
                    ],
                    [
                        0.0,
                        0.0,
                        0.019236020743846893
                    ],
                    [
                        0.0,
                        0.0,
                        0.019236018881201744
                    ],
                    [
                        0.0,
                        0.0,
                        0.015073975548148155
                    ],
                    [
                        0.0,
                        0.0,
                        0.015073975548148155
                    ],
                    [
                        0.0,
                        0.0,
                        0.020099785178899765
                    ],
                    [
                        0.0,
                        0.0,
                        0.0185064859688282
                    ],
                    [
                        0.0,
                        0.0,
                        0.016233710572123528
                    ],
                    [
                        0.0,
                        0.0,
                        0.020099785178899765
                    ],
                    [
                        0.0,
                        0.0,
                        0.0185064859688282
                    ],
                    [
                        0.0,
                        0.0,
                        0.016233710572123528
                    ]
                ]
            ]
        }
    ]
}