{
    "people": [
        {
            "person_id": [
                1
            ],
            "pose_keypoints_2d": [
                [
                    [
                        458.1162109375,
                        128.1474609375,
                        0.9750403761863708
                    ],
                    [
                        414.2685546875,
                        176.3798828125,
                        0.8501917719841003
                    ],
                    [
                        423.0380859375,
                        180.7646484375,
                        0.8631165027618408
                    ],
                    [
                        414.2685546875,
                        250.9208984375,
                        0.8060067892074585
                    ],
                    [
                        453.7314453125,
                        299.1533203125,
                        0.8995764255523682
                    ],
                    [
                        405.4990234375,
                        171.9951171875,
                        0.8372670412063599
                    ],
                    [
                        392.3447265625,
                        228.9970703125,
                        0.8262686729431152
                    ],
                    [
                        427.4228515625,
                        264.0751953125,
                        0.4759320020675659
                    ],
                    [
                        412.076171875,
                        296.9609375,
                        0.8035461902618408
                    ],
                    [
                        418.6533203125,
                        299.1533203125,
                        0.8627323508262634
                    ],
                    [
                        423.0380859375,
                        391.2333984375,
                        0.869093656539917
                    ],
                    [
                        418.6533203125,
                        487.6982421875,
                        0.895197868347168
                    ],
                    [
                        405.4990234375,
                        294.7685546875,
                        0.744360089302063
                    ],
                    [
                        409.8837890625,
                        369.3095703125,
                        0.8419333696365356
                    ],
                    [
                        405.4990234375,
                        430.6962890625,
                        0.8531724810600281
                    ],
                    [
                        449.3466796875,
                        123.7626953125,
                        0.9636837840080261
                    ],
                    [
                        453.7314453125,
                        123.7626953125,
                        0.9479958415031433
                    ],
                    [
                        427.4228515625,
                        128.1474609375,
                        0.967902660369873
                    ],
                    [
                        431.8076171875,
                        128.1474609375,
                        0.7086523175239563
                    ],
                    [
                        440.5771484375,
                        435.0810546875,
                        0.8853343725204468
                    ],
                    [
                        436.1923828125,
                        430.6962890625,
                        0.8488622903823853
                    ],
                    [
                        392.3447265625,
                        443.8505859375,
                        0.8219376802444458
                    ],
                    [
                        462.5009765625,
                        496.4677734375,
                        0.886164665222168
                    ],
                    [
                        449.3466796875,
                        505.2373046875,
                        0.876764714717865
                    ],
                    [
                        414.2685546875,
                        496.4677734375,
                        0.8957617282867432
                    ]
                ]
            ]
        },
        {
            "person_id": [
                2
            ],
            "pose_keypoints_2d": [
                [
                    [
                        0.0,
                        0.0,
                        0.02053990215063095
                    ],
                    [
                        0.0,
                        0.0,
                        0.02973298355937004
                    ],
                    [
                        0.0,
                        0.0,
                        0.02973298355937004
                    ],
                    [
                        0.0,
                        0.0,
                        0.01196254137903452
                    ],
                    [
                        0.0,
                        0.0,
                        0.007421588525176048
                    ],
                    [
                        0.0,
                        0.0,
                        0.02973298355937004
                    ],
                    [
                        0.0,
                        0.0,
                        0.008996602147817612
                    ],
                    [
                        0.0,
                        0.0,
                        0.007513847202062607
                    ],
                    [
                        0.0,
                        0.0,
                        0.037304166704416275
                    ],
                    [
                        0.0,
                        0.0,
                        0.037304166704416275
                    ],
                    [
                        0.0,
                        0.0,
                        0.02520212158560753
                    ],
                    [
                        0.0,
                        0.0,
                        0.033779580146074295
                    ],
                    [
                        0.0,
                        0.0,
                        0.037304166704416275
                    ],
                    [
                        0.0,
                        0.0,
                        0.02520212158560753
                    ],
                    [
                        0.0,
                        0.0,
                        0.033779580146074295
                    ],
                    [
                        0.0,
                        0.0,
                        0.019236020743846893
                    ],
                    [
                        0.0,
                        0.0,
                        0.019236020743846893
                    ],
                    [
                        0.0,
                        0.0,
                        0.015073975548148155
                    ],
                    [
                        0.0,
                        0.0,
                        0.015073975548148155
                    ],
                    [
                        0.0,
                        0.0,
                        0.020099785178899765
                    ],
                    [
                        0.0,
                        0.0,
                        0.0185064859688282
                    ],
                    [
                        0.0,
                        0.0,
                        0.016233710572123528
                    ],
                    [
                        0.0,
                        0.0,
                        0.020099785178899765
                    ],
                    [
                        0.0,
                        0.0,
                        0.0185064859688282
                    ],
                    [
                        0.0,
                        0.0,
                        0.016233710572123528
                    ]
                ]
            ]
        }
    ]
}