{
    "people": [
        {
            "person_id": [
                1
            ],
            "pose_keypoints_2d": [
                [
                    [
                        463.3125,
                        128.0625,
                        0.9557743668556213
                    ],
                    [
                        426.125,
                        174.0,
                        0.8351595997810364
                    ],
                    [
                        423.9375,
                        176.1875,
                        0.8850497007369995
                    ],
                    [
                        419.5625,
                        250.5625,
                        0.8429176807403564
                    ],
                    [
                        432.6875,
                        316.1875,
                        0.8356809616088867
                    ],
                    [
                        428.3125,
                        171.8125,
                        0.7852694988250732
                    ],
                    [
                        432.6875,
                        250.5625,
                        0.7223190665245056
                    ],
                    [
                        441.4375,
                        307.4375,
                        0.7795706987380981
                    ],
                    [
                        426.125,
                        300.875,
                        0.808981716632843
                    ],
                    [
                        423.9375,
                        303.0625,
                        0.8887733221054077
                    ],
                    [
                        423.9375,
                        390.5625,
                        0.8628372550010681
                    ],
                    [
                        419.5625,
                        486.8125,
                        0.9418579339981079
                    ],
                    [
                        428.3125,
                        298.6875,
                        0.7291901111602783
                    ],
                    [
                        428.3125,
                        386.1875,
                        0.7566649913787842
                    ],
                    [
                        419.5625,
                        443.0625,
                        0.8817111253738403
                    ],
                    [
                        454.5625,
                        119.3125,
                        0.9538034200668335
                    ],
                    [
                        458.9375,
                        119.3125,
                        0.9299351572990417
                    ],
                    [
                        432.6875,
                        128.0625,
                        0.9412052631378174
                    ],
                    [
                        437.0625,
                        128.0625,
                        0.6721826791763306
                    ],
                    [
                        450.1875,
                        451.8125,
                        0.9287381768226624
                    ],
                    [
                        445.8125,
                        447.4375,
                        0.9122611284255981
                    ],
                    [
                        410.8125,
                        447.4375,
                        0.7786672115325928
                    ],
                    [
                        458.9375,
                        495.5625,
                        0.8137218952178955
                    ],
                    [
                        450.1875,
                        504.3125,
                        0.861388623714447
                    ],
                    [
                        415.1875,
                        495.5625,
                        0.9185625314712524
                    ]
                ]
            ]
        },
        {
            "person_id": [
                2
            ],
            "pose_keypoints_2d": [
                [
                    [
                        0.0,
                        0.0,
                        0.02053990215063095
                    ],
                    [
                        0.0,
                        0.0,
                        0.02973298355937004
                    ],
                    [
                        0.0,
                        0.0,
                        0.02973298355937004
                    ],
                    [
                        0.0,
                        0.0,
                        0.01196254137903452
                    ],
                    [
                        0.0,
                        0.0,
                        0.007421588525176048
                    ],
                    [
                        0.0,
                        0.0,
                        0.02973298355937004
                    ],
                    [
                        0.0,
                        0.0,
                        0.008996602147817612
                    ],
                    [
                        0.0,
                        0.0,
                        0.007513847202062607
                    ],
                    [
                        0.0,
                        0.0,
                        0.037304166704416275
                    ],
                    [
                        0.0,
                        0.0,
                        0.037304166704416275
                    ],
                    [
                        0.0,
                        0.0,
                        0.02520212158560753
                    ],
                    [
                        0.0,
                        0.0,
                        0.033779580146074295
                    ],
                    [
                        0.0,
                        0.0,
                        0.037304166704416275
                    ],
                    [
                        0.0,
                        0.0,
                        0.02520212158560753
                    ],
                    [
                        0.0,
                        0.0,
                        0.033779580146074295
                    ],
                    [
                        0.0,
                        0.0,
                        0.019236020743846893
                    ],
                    [
                        0.0,
                        0.0,
                        0.019236018881201744
                    ],
                    [
                        0.0,
                        0.0,
                        0.015073975548148155
                    ],
                    [
                        0.0,
                        0.0,
                        0.015073975548148155
                    ],
                    [
                        0.0,
                        0.0,
                        0.020099781453609467
                    ],
                    [
                        0.0,
                        0.0,
                        0.0185064859688282
                    ],
                    [
                        0.0,
                        0.0,
                        0.016233710572123528
                    ],
                    [
                        0.0,
                        0.0,
                        0.020099785178899765
                    ],
                    [
                        0.0,
                        0.0,
                        0.0185064859688282
                    ],
                    [
                        0.0,
                        0.0,
                        0.016233710572123528
                    ]
                ]
            ]
        }
    ]
}