{
    "people": [
        {
            "person_id": [
                1
            ],
            "pose_keypoints_2d": [
                [
                    [
                        434.21875,
                        129.53125,
                        0.9837551116943359
                    ],
                    [
                        407.8125,
                        170.15625,
                        0.9190273880958557
                    ],
                    [
                        385.46875,
                        170.15625,
                        0.9364275932312012
                    ],
                    [
                        344.84375,
                        214.84375,
                        0.9870856404304504
                    ],
                    [
                        397.65625,
                        235.15625,
                        0.8854314088821411
                    ],
                    [
                        430.15625,
                        170.15625,
                        0.9016271829605103
                    ],
                    [
                        446.40625,
                        210.78125,
                        0.9173961281776428
                    ],
                    [
                        478.90625,
                        202.65625,
                        0.8996108770370483
                    ],
                    [
                        411.875,
                        283.90625,
                        0.8536766767501831
                    ],
                    [
                        401.71875,
                        283.90625,
                        0.8555204272270203
                    ],
                    [
                        434.21875,
                        365.15625,
                        0.8895285129547119
                    ],
                    [
                        422.03125,
                        458.59375,
                        0.847949743270874
                    ],
                    [
                        422.03125,
                        283.90625,
                        0.8518328666687012
                    ],
                    [
                        409.84375,
                        361.09375,
                        0.8758003115653992
                    ],
                    [
                        401.71875,
                        430.15625,
                        0.9228869676589966
                    ],
                    [
                        426.09375,
                        121.40625,
                        0.9790966510772705
                    ],
                    [
                        438.28125,
                        121.40625,
                        0.9340062141418457
                    ],
                    [
                        405.78125,
                        125.46875,
                        0.9149149656295776
                    ],
                    [
                        438.28125,
                        125.46875,
                        0.7762221097946167
                    ],
                    [
                        434.21875,
                        434.21875,
                        0.7861628532409668
                    ],
                    [
                        430.15625,
                        430.15625,
                        0.7635782957077026
                    ],
                    [
                        393.59375,
                        438.28125,
                        0.8568721413612366
                    ],
                    [
                        458.59375,
                        466.71875,
                        0.8301811218261719
                    ],
                    [
                        446.40625,
                        474.84375,
                        0.8459028005599976
                    ],
                    [
                        417.96875,
                        466.71875,
                        0.86149001121521
                    ]
                ]
            ]
        },
        {
            "person_id": [
                2
            ],
            "pose_keypoints_2d": [
                [
                    [
                        0.0,
                        0.0,
                        0.02053990215063095
                    ],
                    [
                        0.0,
                        0.0,
                        0.02973298355937004
                    ],
                    [
                        0.0,
                        0.0,
                        0.02973298355937004
                    ],
                    [
                        0.0,
                        0.0,
                        0.01196254137903452
                    ],
                    [
                        0.0,
                        0.0,
                        0.007421588525176048
                    ],
                    [
                        0.0,
                        0.0,
                        0.02973298355937004
                    ],
                    [
                        0.0,
                        0.0,
                        0.008996602147817612
                    ],
                    [
                        0.0,
                        0.0,
                        0.007513847202062607
                    ],
                    [
                        0.0,
                        0.0,
                        0.037304166704416275
                    ],
                    [
                        0.0,
                        0.0,
                        0.037304166704416275
                    ],
                    [
                        0.0,
                        0.0,
                        0.02520212158560753
                    ],
                    [
                        0.0,
                        0.0,
                        0.033779580146074295
                    ],
                    [
                        0.0,
                        0.0,
                        0.037304166704416275
                    ],
                    [
                        0.0,
                        0.0,
                        0.02520212158560753
                    ],
                    [
                        0.0,
                        0.0,
                        0.033779580146074295
                    ],
                    [
                        0.0,
                        0.0,
                        0.019236018881201744
                    ],
                    [
                        0.0,
                        0.0,
                        0.019236018881201744
                    ],
                    [
                        0.0,
                        0.0,
                        0.015073975548148155
                    ],
                    [
                        0.0,
                        0.0,
                        0.015073975548148155
                    ],
                    [
                        0.0,
                        0.0,
                        0.020099785178899765
                    ],
                    [
                        0.0,
                        0.0,
                        0.0185064859688282
                    ],
                    [
                        0.0,
                        0.0,
                        0.016233710572123528
                    ],
                    [
                        0.0,
                        0.0,
                        0.020099785178899765
                    ],
                    [
                        0.0,
                        0.0,
                        0.0185064859688282
                    ],
                    [
                        0.0,
                        0.0,
                        0.016233710572123528
                    ]
                ]
            ]
        }
    ]
}