{
    "people": [
        {
            "person_id": [
                1
            ],
            "pose_keypoints_2d": [
                [
                    [
                        464.9365234375,
                        126.3173828125,
                        0.9602126479148865
                    ],
                    [
                        418.69140625,
                        179.1689453125,
                        0.8432513475418091
                    ],
                    [
                        429.7021484375,
                        183.5732421875,
                        0.851703405380249
                    ],
                    [
                        434.1064453125,
                        267.2548828125,
                        0.8822662830352783
                    ],
                    [
                        451.7236328125,
                        333.3193359375,
                        0.8791753053665161
                    ],
                    [
                        407.6806640625,
                        174.7646484375,
                        0.8347992897033691
                    ],
                    [
                        425.2978515625,
                        262.8505859375,
                        0.5598543882369995
                    ],
                    [
                        447.3193359375,
                        328.9150390625,
                        0.48943614959716797
                    ],
                    [
                        414.287109375,
                        302.4892578125,
                        0.7896668910980225
                    ],
                    [
                        420.8935546875,
                        306.8935546875,
                        0.8607910871505737
                    ],
                    [
                        420.8935546875,
                        386.1708984375,
                        0.7679711580276489
                    ],
                    [
                        420.8935546875,
                        487.4697265625,
                        0.9423754215240479
                    ],
                    [
                        407.6806640625,
                        298.0849609375,
                        0.7185426950454712
                    ],
                    [
                        420.8935546875,
                        377.3623046875,
                        0.8131868839263916
                    ],
                    [
                        416.4892578125,
                        443.4267578125,
                        0.9067641496658325
                    ],
                    [
                        456.1279296875,
                        121.9130859375,
                        0.9341089725494385
                    ],
                    [
                        460.5322265625,
                        121.9130859375,
                        0.9622108340263367
                    ],
                    [
                        438.5107421875,
                        130.7216796875,
                        0.9461302757263184
                    ],
                    [
                        442.9150390625,
                        126.3173828125,
                        0.659997820854187
                    ],
                    [
                        451.7236328125,
                        447.8310546875,
                        0.9876579642295837
                    ],
                    [
                        442.9150390625,
                        443.4267578125,
                        0.9194490313529968
                    ],
                    [
                        407.6806640625,
                        447.8310546875,
                        0.7744110822677612
                    ],
                    [
                        456.1279296875,
                        496.2783203125,
                        0.8181589841842651
                    ],
                    [
                        451.7236328125,
                        505.0869140625,
                        0.8721839189529419
                    ],
                    [
                        412.0849609375,
                        496.2783203125,
                        0.8880312442779541
                    ]
                ]
            ]
        },
        {
            "person_id": [
                2
            ],
            "pose_keypoints_2d": [
                [
                    [
                        0.0,
                        0.0,
                        0.02053990215063095
                    ],
                    [
                        0.0,
                        0.0,
                        0.02973298355937004
                    ],
                    [
                        0.0,
                        0.0,
                        0.02973298355937004
                    ],
                    [
                        0.0,
                        0.0,
                        0.01196254137903452
                    ],
                    [
                        0.0,
                        0.0,
                        0.007421588525176048
                    ],
                    [
                        0.0,
                        0.0,
                        0.02973298355937004
                    ],
                    [
                        0.0,
                        0.0,
                        0.008996602147817612
                    ],
                    [
                        0.0,
                        0.0,
                        0.007513847202062607
                    ],
                    [
                        0.0,
                        0.0,
                        0.037304166704416275
                    ],
                    [
                        0.0,
                        0.0,
                        0.037304166704416275
                    ],
                    [
                        0.0,
                        0.0,
                        0.02520212158560753
                    ],
                    [
                        0.0,
                        0.0,
                        0.033779580146074295
                    ],
                    [
                        0.0,
                        0.0,
                        0.037304166704416275
                    ],
                    [
                        0.0,
                        0.0,
                        0.02520212158560753
                    ],
                    [
                        0.0,
                        0.0,
                        0.033779580146074295
                    ],
                    [
                        0.0,
                        0.0,
                        0.019236020743846893
                    ],
                    [
                        0.0,
                        0.0,
                        0.019236020743846893
                    ],
                    [
                        0.0,
                        0.0,
                        0.015073975548148155
                    ],
                    [
                        0.0,
                        0.0,
                        0.015073975548148155
                    ],
                    [
                        0.0,
                        0.0,
                        0.020099788904190063
                    ],
                    [
                        0.0,
                        0.0,
                        0.0185064859688282
                    ],
                    [
                        0.0,
                        0.0,
                        0.016233710572123528
                    ],
                    [
                        0.0,
                        0.0,
                        0.020099785178899765
                    ],
                    [
                        0.0,
                        0.0,
                        0.0185064859688282
                    ],
                    [
                        0.0,
                        0.0,
                        0.016233710572123528
                    ]
                ]
            ]
        }
    ]
}