{
    "people": [
        {
            "person_id": [
                1
            ],
            "pose_keypoints_2d": [
                [
                    [
                        462.958984375,
                        126.232421875,
                        0.9744289517402649
                    ],
                    [
                        423.408203125,
                        176.76953125,
                        0.8138556480407715
                    ],
                    [
                        423.408203125,
                        178.966796875,
                        0.8669374585151672
                    ],
                    [
                        419.013671875,
                        249.279296875,
                        0.8418337106704712
                    ],
                    [
                        436.591796875,
                        310.802734375,
                        0.8309409618377686
                    ],
                    [
                        423.408203125,
                        174.572265625,
                        0.7607738971710205
                    ],
                    [
                        427.802734375,
                        249.279296875,
                        0.6787735223770142
                    ],
                    [
                        436.591796875,
                        306.408203125,
                        0.8003281354904175
                    ],
                    [
                        423.408203125,
                        299.81640625,
                        0.8058253526687622
                    ],
                    [
                        423.408203125,
                        302.013671875,
                        0.8998619318008423
                    ],
                    [
                        423.408203125,
                        389.904296875,
                        0.8638491630554199
                    ],
                    [
                        419.013671875,
                        486.583984375,
                        0.9500225782394409
                    ],
                    [
                        423.408203125,
                        297.619140625,
                        0.7117887735366821
                    ],
                    [
                        423.408203125,
                        381.115234375,
                        0.7843339443206787
                    ],
                    [
                        419.013671875,
                        442.638671875,
                        0.8844094276428223
                    ],
                    [
                        454.169921875,
                        117.443359375,
                        0.957209587097168
                    ],
                    [
                        458.564453125,
                        117.443359375,
                        0.9415505528450012
                    ],
                    [
                        432.197265625,
                        126.232421875,
                        0.9517545700073242
                    ],
                    [
                        436.591796875,
                        126.232421875,
                        0.695549726486206
                    ],
                    [
                        449.775390625,
                        451.427734375,
                        0.9360379576683044
                    ],
                    [
                        445.380859375,
                        447.033203125,
                        0.8995782136917114
                    ],
                    [
                        410.224609375,
                        451.427734375,
                        0.7559970617294312
                    ],
                    [
                        458.564453125,
                        499.767578125,
                        0.8137186765670776
                    ],
                    [
                        449.775390625,
                        504.162109375,
                        0.8652846813201904
                    ],
                    [
                        414.619140625,
                        495.373046875,
                        0.9182554483413696
                    ]
                ]
            ]
        },
        {
            "person_id": [
                2
            ],
            "pose_keypoints_2d": [
                [
                    [
                        0.0,
                        0.0,
                        0.02053990215063095
                    ],
                    [
                        0.0,
                        0.0,
                        0.02973298355937004
                    ],
                    [
                        0.0,
                        0.0,
                        0.02973298355937004
                    ],
                    [
                        0.0,
                        0.0,
                        0.01196254137903452
                    ],
                    [
                        0.0,
                        0.0,
                        0.007421588525176048
                    ],
                    [
                        0.0,
                        0.0,
                        0.02973298355937004
                    ],
                    [
                        0.0,
                        0.0,
                        0.008996602147817612
                    ],
                    [
                        0.0,
                        0.0,
                        0.007513847202062607
                    ],
                    [
                        0.0,
                        0.0,
                        0.037304166704416275
                    ],
                    [
                        0.0,
                        0.0,
                        0.037304166704416275
                    ],
                    [
                        0.0,
                        0.0,
                        0.02520212158560753
                    ],
                    [
                        0.0,
                        0.0,
                        0.033779580146074295
                    ],
                    [
                        0.0,
                        0.0,
                        0.037304166704416275
                    ],
                    [
                        0.0,
                        0.0,
                        0.02520212158560753
                    ],
                    [
                        0.0,
                        0.0,
                        0.033779580146074295
                    ],
                    [
                        0.0,
                        0.0,
                        0.019236017018556595
                    ],
                    [
                        0.0,
                        0.0,
                        0.019236017018556595
                    ],
                    [
                        0.0,
                        0.0,
                        0.015073975548148155
                    ],
                    [
                        0.0,
                        0.0,
                        0.015073975548148155
                    ],
                    [
                        0.0,
                        0.0,
                        0.020099785178899765
                    ],
                    [
                        0.0,
                        0.0,
                        0.0185064859688282
                    ],
                    [
                        0.0,
                        0.0,
                        0.016233710572123528
                    ],
                    [
                        0.0,
                        0.0,
                        0.020099788904190063
                    ],
                    [
                        0.0,
                        0.0,
                        0.0185064859688282
                    ],
                    [
                        0.0,
                        0.0,
                        0.016233710572123528
                    ]
                ]
            ]
        }
    ]
}