{
    "people": [
        {
            "person_id": [
                1
            ],
            "pose_keypoints_2d": [
                [
                    [
                        434.6845703125,
                        128.4169921875,
                        0.9862534403800964
                    ],
                    [
                        408.341796875,
                        168.9443359375,
                        0.9093236327171326
                    ],
                    [
                        386.0517578125,
                        168.9443359375,
                        0.9275417923927307
                    ],
                    [
                        345.5244140625,
                        213.5244140625,
                        0.9879334568977356
                    ],
                    [
                        398.2099609375,
                        229.7353515625,
                        0.8868677616119385
                    ],
                    [
                        430.6318359375,
                        168.9443359375,
                        0.8911054730415344
                    ],
                    [
                        446.8427734375,
                        213.5244140625,
                        0.9119733572006226
                    ],
                    [
                        479.2646484375,
                        205.4189453125,
                        0.9041393995285034
                    ],
                    [
                        412.39453125,
                        282.4208984375,
                        0.8560189008712769
                    ],
                    [
                        402.2626953125,
                        282.4208984375,
                        0.8584975600242615
                    ],
                    [
                        434.6845703125,
                        367.5283203125,
                        0.9196469783782959
                    ],
                    [
                        422.5263671875,
                        452.6357421875,
                        0.8416640758514404
                    ],
                    [
                        422.5263671875,
                        282.4208984375,
                        0.853540301322937
                    ],
                    [
                        406.3154296875,
                        359.4228515625,
                        0.8846423625946045
                    ],
                    [
                        402.2626953125,
                        432.3720703125,
                        0.9101852178573608
                    ],
                    [
                        426.5791015625,
                        120.3115234375,
                        0.9791715145111084
                    ],
                    [
                        438.7373046875,
                        120.3115234375,
                        0.9380413293838501
                    ],
                    [
                        406.3154296875,
                        124.3642578125,
                        0.9175714254379272
                    ],
                    [
                        438.7373046875,
                        124.3642578125,
                        0.7772883772850037
                    ],
                    [
                        426.5791015625,
                        440.4775390625,
                        0.7334078550338745
                    ],
                    [
                        422.5263671875,
                        428.3193359375,
                        0.7228134870529175
                    ],
                    [
                        394.1572265625,
                        440.4775390625,
                        0.8781718015670776
                    ],
                    [
                        459.0009765625,
                        460.7412109375,
                        0.8734843730926514
                    ],
                    [
                        450.8955078125,
                        468.8466796875,
                        0.8810439109802246
                    ],
                    [
                        418.4736328125,
                        460.7412109375,
                        0.880687952041626
                    ]
                ]
            ]
        },
        {
            "person_id": [
                2
            ],
            "pose_keypoints_2d": [
                [
                    [
                        0.0,
                        0.0,
                        0.02053990215063095
                    ],
                    [
                        0.0,
                        0.0,
                        0.02973298355937004
                    ],
                    [
                        0.0,
                        0.0,
                        0.02973298355937004
                    ],
                    [
                        0.0,
                        0.0,
                        0.01196254137903452
                    ],
                    [
                        0.0,
                        0.0,
                        0.007421588525176048
                    ],
                    [
                        0.0,
                        0.0,
                        0.02973298355937004
                    ],
                    [
                        0.0,
                        0.0,
                        0.008996602147817612
                    ],
                    [
                        0.0,
                        0.0,
                        0.007513847202062607
                    ],
                    [
                        0.0,
                        0.0,
                        0.037304166704416275
                    ],
                    [
                        0.0,
                        0.0,
                        0.037304166704416275
                    ],
                    [
                        0.0,
                        0.0,
                        0.02520212158560753
                    ],
                    [
                        0.0,
                        0.0,
                        0.033779580146074295
                    ],
                    [
                        0.0,
                        0.0,
                        0.037304166704416275
                    ],
                    [
                        0.0,
                        0.0,
                        0.02520212158560753
                    ],
                    [
                        0.0,
                        0.0,
                        0.033779580146074295
                    ],
                    [
                        0.0,
                        0.0,
                        0.019236020743846893
                    ],
                    [
                        0.0,
                        0.0,
                        0.019236018881201744
                    ],
                    [
                        0.0,
                        0.0,
                        0.015073975548148155
                    ],
                    [
                        0.0,
                        0.0,
                        0.015073975548148155
                    ],
                    [
                        0.0,
                        0.0,
                        0.020099785178899765
                    ],
                    [
                        0.0,
                        0.0,
                        0.0185064859688282
                    ],
                    [
                        0.0,
                        0.0,
                        0.016233710572123528
                    ],
                    [
                        0.0,
                        0.0,
                        0.020099785178899765
                    ],
                    [
                        0.0,
                        0.0,
                        0.0185064859688282
                    ],
                    [
                        0.0,
                        0.0,
                        0.016233710572123528
                    ]
                ]
            ]
        }
    ]
}