{
    "people": [
        {
            "person_id": [
                1
            ],
            "pose_keypoints_2d": [
                [
                    [
                        465.2705078125,
                        127.1474609375,
                        0.9612641334533691
                    ],
                    [
                        421.4228515625,
                        179.7646484375,
                        0.846685528755188
                    ],
                    [
                        434.5771484375,
                        184.1494140625,
                        0.8431390523910522
                    ],
                    [
                        434.5771484375,
                        271.8447265625,
                        0.8763386011123657
                    ],
                    [
                        452.1162109375,
                        333.2314453125,
                        0.8721898794174194
                    ],
                    [
                        408.2685546875,
                        175.3798828125,
                        0.8502320051193237
                    ],
                    [
                        408.2685546875,
                        249.9208984375,
                        0.5732978582382202
                    ],
                    [
                        438.9619140625,
                        320.0771484375,
                        0.40211543440818787
                    ],
                    [
                        414.845703125,
                        302.5380859375,
                        0.7825964689254761
                    ],
                    [
                        421.4228515625,
                        306.9228515625,
                        0.8551182150840759
                    ],
                    [
                        421.4228515625,
                        390.2333984375,
                        0.7846711874008179
                    ],
                    [
                        421.4228515625,
                        486.6982421875,
                        0.9413119554519653
                    ],
                    [
                        408.2685546875,
                        298.1533203125,
                        0.710074782371521
                    ],
                    [
                        421.4228515625,
                        381.4638671875,
                        0.8066215515136719
                    ],
                    [
                        417.0380859375,
                        442.8505859375,
                        0.8770343065261841
                    ],
                    [
                        456.5009765625,
                        122.7626953125,
                        0.9393452405929565
                    ],
                    [
                        460.8857421875,
                        122.7626953125,
                        0.9575932025909424
                    ],
                    [
                        438.9619140625,
                        131.5322265625,
                        0.9482827186584473
                    ],
                    [
                        443.3466796875,
                        127.1474609375,
                        0.6652913093566895
                    ],
                    [
                        447.7314453125,
                        447.2353515625,
                        0.9703099727630615
                    ],
                    [
                        443.3466796875,
                        442.8505859375,
                        0.9021714925765991
                    ],
                    [
                        408.2685546875,
                        451.6201171875,
                        0.7383023500442505
                    ],
                    [
                        456.5009765625,
                        495.4677734375,
                        0.8226755261421204
                    ],
                    [
                        452.1162109375,
                        504.2373046875,
                        0.8848433494567871
                    ],
                    [
                        412.6533203125,
                        495.4677734375,
                        0.8902726173400879
                    ]
                ]
            ]
        },
        {
            "person_id": [
                2
            ],
            "pose_keypoints_2d": [
                [
                    [
                        0.0,
                        0.0,
                        0.02053990215063095
                    ],
                    [
                        0.0,
                        0.0,
                        0.02973298355937004
                    ],
                    [
                        0.0,
                        0.0,
                        0.02973298355937004
                    ],
                    [
                        0.0,
                        0.0,
                        0.01196254137903452
                    ],
                    [
                        0.0,
                        0.0,
                        0.007421588525176048
                    ],
                    [
                        0.0,
                        0.0,
                        0.02973298355937004
                    ],
                    [
                        0.0,
                        0.0,
                        0.008996602147817612
                    ],
                    [
                        0.0,
                        0.0,
                        0.007513847202062607
                    ],
                    [
                        0.0,
                        0.0,
                        0.037304166704416275
                    ],
                    [
                        0.0,
                        0.0,
                        0.037304166704416275
                    ],
                    [
                        0.0,
                        0.0,
                        0.02520212158560753
                    ],
                    [
                        0.0,
                        0.0,
                        0.033779580146074295
                    ],
                    [
                        0.0,
                        0.0,
                        0.037304166704416275
                    ],
                    [
                        0.0,
                        0.0,
                        0.02520212158560753
                    ],
                    [
                        0.0,
                        0.0,
                        0.033779580146074295
                    ],
                    [
                        0.0,
                        0.0,
                        0.019236018881201744
                    ],
                    [
                        0.0,
                        0.0,
                        0.019236020743846893
                    ],
                    [
                        0.0,
                        0.0,
                        0.015073975548148155
                    ],
                    [
                        0.0,
                        0.0,
                        0.015073975548148155
                    ],
                    [
                        0.0,
                        0.0,
                        0.020099785178899765
                    ],
                    [
                        0.0,
                        0.0,
                        0.0185064859688282
                    ],
                    [
                        0.0,
                        0.0,
                        0.016233710572123528
                    ],
                    [
                        0.0,
                        0.0,
                        0.020099785178899765
                    ],
                    [
                        0.0,
                        0.0,
                        0.0185064859688282
                    ],
                    [
                        0.0,
                        0.0,
                        0.016233710572123528
                    ]
                ]
            ]
        }
    ]
}