{
    "people": [
        {
            "person_id": [
                1
            ],
            "pose_keypoints_2d": [
                [
                    [
                        442.89453125,
                        127.02737426757812,
                        0.9523700475692749
                    ],
                    [
                        406.68359375,
                        165.25003051757812,
                        0.8527965545654297
                    ],
                    [
                        422.77734375,
                        163.23831176757812,
                        0.8267229795455933
                    ],
                    [
                        467.03515625,
                        183.35549926757812,
                        0.9541221857070923
                    ],
                    [
                        531.41015625,
                        171.28518676757812,
                        0.8975929021835327
                    ],
                    [
                        390.58984375,
                        167.26174926757812,
                        0.8788701891899109
                    ],
                    [
                        370.47265625,
                        215.54299926757812,
                        0.9861118793487549
                    ],
                    [
                        406.68359375,
                        219.56643676757812,
                        0.8213547468185425
                    ],
                    [
                        410.70703125,
                        281.9297180175781,
                        0.8627762198448181
                    ],
                    [
                        422.77734375,
                        283.9414367675781,
                        0.8772293925285339
                    ],
                    [
                        426.80078125,
                        368.4336242675781,
                        0.9029337167739868
                    ],
                    [
                        426.80078125,
                        456.9491882324219,
                        0.8472181558609009
                    ],
                    [
                        398.63671875,
                        279.9179992675781,
                        0.8483230471611023
                    ],
                    [
                        406.68359375,
                        356.3633117675781,
                        0.921954870223999
                    ],
                    [
                        402.66015625,
                        432.8085632324219,
                        0.9140774607658386
                    ],
                    [
                        434.84765625,
                        118.98049926757812,
                        0.9650654196739197
                    ],
                    [
                        442.89453125,
                        118.98049926757812,
                        0.948611855506897
                    ],
                    [
                        410.70703125,
                        127.02737426757812,
                        0.9346797466278076
                    ],
                    [
                        438.87109375,
                        127.02737426757812,
                        0.636288046836853
                    ],
                    [
                        434.84765625,
                        436.8320007324219,
                        0.8112922310829163
                    ],
                    [
                        430.82421875,
                        428.7851257324219,
                        0.8163541555404663
                    ],
                    [
                        394.61328125,
                        440.8554382324219,
                        0.886802077293396
                    ],
                    [
                        467.03515625,
                        460.9726257324219,
                        0.8468257784843445
                    ],
                    [
                        458.98828125,
                        469.0195007324219,
                        0.8801957964897156
                    ],
                    [
                        422.77734375,
                        464.9960632324219,
                        0.8384616374969482
                    ]
                ]
            ]
        },
        {
            "person_id": [
                2
            ],
            "pose_keypoints_2d": [
                [
                    [
                        0.0,
                        0.0,
                        0.02054770663380623
                    ],
                    [
                        0.0,
                        0.0,
                        0.029505658894777298
                    ],
                    [
                        0.0,
                        0.0,
                        0.029505658894777298
                    ],
                    [
                        0.0,
                        0.0,
                        0.011846141889691353
                    ],
                    [
                        0.0,
                        0.0,
                        0.007285086438059807
                    ],
                    [
                        0.0,
                        0.0,
                        0.029505658894777298
                    ],
                    [
                        0.0,
                        0.0,
                        0.008914992213249207
                    ],
                    [
                        0.0,
                        0.0,
                        0.007436390966176987
                    ],
                    [
                        0.0,
                        0.0,
                        0.03699507564306259
                    ],
                    [
                        0.0,
                        0.0,
                        0.03699507564306259
                    ],
                    [
                        0.0,
                        0.0,
                        0.024959975853562355
                    ],
                    [
                        0.0,
                        0.0,
                        0.0333336777985096
                    ],
                    [
                        0.0,
                        0.0,
                        0.03699507564306259
                    ],
                    [
                        0.0,
                        0.0,
                        0.024959975853562355
                    ],
                    [
                        0.0,
                        0.0,
                        0.0333336777985096
                    ],
                    [
                        0.0,
                        0.0,
                        0.019245002418756485
                    ],
                    [
                        0.0,
                        0.0,
                        0.019244998693466187
                    ],
                    [
                        0.0,
                        0.0,
                        0.014994420111179352
                    ],
                    [
                        0.0,
                        0.0,
                        0.014994420111179352
                    ],
                    [
                        0.0,
                        0.0,
                        0.019587840884923935
                    ],
                    [
                        0.0,
                        0.0,
                        0.01856718212366104
                    ],
                    [
                        0.0,
                        0.0,
                        0.015759753063321114
                    ],
                    [
                        0.0,
                        0.0,
                        0.019587840884923935
                    ],
                    [
                        0.0,
                        0.0,
                        0.01856718212366104
                    ],
                    [
                        0.0,
                        0.0,
                        0.015759753063321114
                    ]
                ]
            ]
        }
    ]
}