{
    "people": [
        {
            "person_id": [
                1
            ],
            "pose_keypoints_2d": [
                [
                    [
                        437.607421875,
                        129.259765625,
                        0.9447304606437683
                    ],
                    [
                        403.2421875,
                        169.689453125,
                        0.8358538150787354
                    ],
                    [
                        409.306640625,
                        173.732421875,
                        0.8344720602035522
                    ],
                    [
                        397.177734375,
                        234.376953125,
                        0.7359607219696045
                    ],
                    [
                        441.650390625,
                        266.720703125,
                        0.9136905670166016
                    ],
                    [
                        397.177734375,
                        165.646484375,
                        0.8372356295585632
                    ],
                    [
                        405.263671875,
                        202.033203125,
                        0.7062448263168335
                    ],
                    [
                        429.521484375,
                        185.861328125,
                        0.9946573972702026
                    ],
                    [
                        411.328125,
                        280.87109375,
                        0.7893927097320557
                    ],
                    [
                        417.392578125,
                        282.892578125,
                        0.8300293684005737
                    ],
                    [
                        429.521484375,
                        363.751953125,
                        0.8971352577209473
                    ],
                    [
                        429.521484375,
                        452.697265625,
                        0.8547980785369873
                    ],
                    [
                        405.263671875,
                        278.849609375,
                        0.7487561106681824
                    ],
                    [
                        409.306640625,
                        355.666015625,
                        0.9055285453796387
                    ],
                    [
                        401.220703125,
                        432.482421875,
                        0.9198176860809326
                    ],
                    [
                        437.607421875,
                        121.173828125,
                        0.9533785581588745
                    ],
                    [
                        437.607421875,
                        125.216796875,
                        0.924373984336853
                    ],
                    [
                        425.478515625,
                        129.259765625,
                        0.9688773155212402
                    ],
                    [
                        413.349609375,
                        129.259765625,
                        0.7281707525253296
                    ],
                    [
                        433.564453125,
                        436.525390625,
                        0.781815230846405
                    ],
                    [
                        429.521484375,
                        432.482421875,
                        0.7611356973648071
                    ],
                    [
                        393.134765625,
                        440.568359375,
                        0.8913518786430359
                    ],
                    [
                        465.908203125,
                        460.783203125,
                        0.8686338067054749
                    ],
                    [
                        457.822265625,
                        464.826171875,
                        0.8849375247955322
                    ],
                    [
                        421.435546875,
                        460.783203125,
                        0.8441849946975708
                    ]
                ]
            ]
        },
        {
            "person_id": [
                2
            ],
            "pose_keypoints_2d": [
                [
                    [
                        0.0,
                        0.0,
                        0.02054770663380623
                    ],
                    [
                        0.0,
                        0.0,
                        0.029505658894777298
                    ],
                    [
                        0.0,
                        0.0,
                        0.029505658894777298
                    ],
                    [
                        0.0,
                        0.0,
                        0.011846141889691353
                    ],
                    [
                        0.0,
                        0.0,
                        0.007285086438059807
                    ],
                    [
                        0.0,
                        0.0,
                        0.029505658894777298
                    ],
                    [
                        0.0,
                        0.0,
                        0.008914992213249207
                    ],
                    [
                        0.0,
                        0.0,
                        0.007436390966176987
                    ],
                    [
                        0.0,
                        0.0,
                        0.03699507564306259
                    ],
                    [
                        0.0,
                        0.0,
                        0.03699507564306259
                    ],
                    [
                        0.0,
                        0.0,
                        0.024959975853562355
                    ],
                    [
                        0.0,
                        0.0,
                        0.0333336777985096
                    ],
                    [
                        0.0,
                        0.0,
                        0.03699507564306259
                    ],
                    [
                        0.0,
                        0.0,
                        0.024959975853562355
                    ],
                    [
                        0.0,
                        0.0,
                        0.0333336777985096
                    ],
                    [
                        0.0,
                        0.0,
                        0.019245000556111336
                    ],
                    [
                        0.0,
                        0.0,
                        0.019244998693466187
                    ],
                    [
                        0.0,
                        0.0,
                        0.014994421973824501
                    ],
                    [
                        0.0,
                        0.0,
                        0.014994421973824501
                    ],
                    [
                        0.0,
                        0.0,
                        0.019587840884923935
                    ],
                    [
                        0.0,
                        0.0,
                        0.01856718212366104
                    ],
                    [
                        0.0,
                        0.0,
                        0.015759753063321114
                    ],
                    [
                        0.0,
                        0.0,
                        0.019587840884923935
                    ],
                    [
                        0.0,
                        0.0,
                        0.01856718212366104
                    ],
                    [
                        0.0,
                        0.0,
                        0.015759753063321114
                    ]
                ]
            ]
        }
    ]
}