{
    "people": [
        {
            "person_id": [
                1
            ],
            "pose_keypoints_2d": [
                [
                    [
                        446.7822265625,
                        131.15524291992188,
                        0.9365221261978149
                    ],
                    [
                        402.4169921875,
                        165.43746948242188,
                        0.8484365940093994
                    ],
                    [
                        414.5166015625,
                        167.45407104492188,
                        0.8161901235580444
                    ],
                    [
                        402.4169921875,
                        223.91891479492188,
                        0.7521812915802002
                    ],
                    [
                        438.7158203125,
                        264.2509460449219,
                        0.9044305086135864
                    ],
                    [
                        390.3173828125,
                        163.42086791992188,
                        0.8806830644607544
                    ],
                    [
                        362.0849609375,
                        207.78610229492188,
                        0.9368112683296204
                    ],
                    [
                        406.4501953125,
                        219.88571166992188,
                        0.5918768048286438
                    ],
                    [
                        406.4501953125,
                        280.3837585449219,
                        0.8312883377075195
                    ],
                    [
                        414.5166015625,
                        280.3837585449219,
                        0.8437991142272949
                    ],
                    [
                        430.6494140625,
                        365.0810241699219,
                        0.8761340975761414
                    ],
                    [
                        426.6162109375,
                        453.8115539550781,
                        0.868196964263916
                    ],
                    [
                        398.3837890625,
                        280.3837585449219,
                        0.8187775611877441
                    ],
                    [
                        406.4501953125,
                        357.0146179199219,
                        0.9106259346008301
                    ],
                    [
                        402.4169921875,
                        433.6455383300781,
                        0.9417689442634583
                    ],
                    [
                        442.7490234375,
                        123.08883666992188,
                        0.9446860551834106
                    ],
                    [
                        446.7822265625,
                        123.08883666992188,
                        0.9492493867874146
                    ],
                    [
                        422.5830078125,
                        127.12203979492188,
                        0.9332032203674316
                    ],
                    [
                        426.6162109375,
                        127.12203979492188,
                        0.6807905435562134
                    ],
                    [
                        426.6162109375,
                        441.7119445800781,
                        0.7622568607330322
                    ],
                    [
                        418.5498046875,
                        433.6455383300781,
                        0.6917224526405334
                    ],
                    [
                        394.3505859375,
                        441.7119445800781,
                        0.8842169642448425
                    ],
                    [
                        462.9150390625,
                        457.8447570800781,
                        0.8660061359405518
                    ],
                    [
                        454.8486328125,
                        465.9111633300781,
                        0.9168219566345215
                    ],
                    [
                        422.5830078125,
                        461.8779602050781,
                        0.8703561425209045
                    ]
                ]
            ]
        },
        {
            "person_id": [
                2
            ],
            "pose_keypoints_2d": [
                [
                    [
                        0.0,
                        0.0,
                        0.02054770663380623
                    ],
                    [
                        0.0,
                        0.0,
                        0.029505658894777298
                    ],
                    [
                        0.0,
                        0.0,
                        0.029505658894777298
                    ],
                    [
                        0.0,
                        0.0,
                        0.011846141889691353
                    ],
                    [
                        0.0,
                        0.0,
                        0.007285086438059807
                    ],
                    [
                        0.0,
                        0.0,
                        0.029505658894777298
                    ],
                    [
                        0.0,
                        0.0,
                        0.008914992213249207
                    ],
                    [
                        0.0,
                        0.0,
                        0.007436390966176987
                    ],
                    [
                        0.0,
                        0.0,
                        0.03699507564306259
                    ],
                    [
                        0.0,
                        0.0,
                        0.03699507564306259
                    ],
                    [
                        0.0,
                        0.0,
                        0.024959975853562355
                    ],
                    [
                        0.0,
                        0.0,
                        0.0333336777985096
                    ],
                    [
                        0.0,
                        0.0,
                        0.03699507564306259
                    ],
                    [
                        0.0,
                        0.0,
                        0.024959975853562355
                    ],
                    [
                        0.0,
                        0.0,
                        0.0333336777985096
                    ],
                    [
                        0.0,
                        0.0,
                        0.019244998693466187
                    ],
                    [
                        0.0,
                        0.0,
                        0.019245000556111336
                    ],
                    [
                        0.0,
                        0.0,
                        0.014994421042501926
                    ],
                    [
                        0.0,
                        0.0,
                        0.01499442383646965
                    ],
                    [
                        0.0,
                        0.0,
                        0.019587840884923935
                    ],
                    [
                        0.0,
                        0.0,
                        0.01856718212366104
                    ],
                    [
                        0.0,
                        0.0,
                        0.015759753063321114
                    ],
                    [
                        0.0,
                        0.0,
                        0.019587840884923935
                    ],
                    [
                        0.0,
                        0.0,
                        0.01856718212366104
                    ],
                    [
                        0.0,
                        0.0,
                        0.015759753063321114
                    ]
                ]
            ]
        }
    ]
}