{
    "people": [
        {
            "person_id": [
                1
            ],
            "pose_keypoints_2d": [
                [
                    [
                        446.1162109375,
                        131.9462890625,
                        0.9603278636932373
                    ],
                    [
                        403.97265625,
                        166.0625,
                        0.8483202457427979
                    ],
                    [
                        414.0068359375,
                        168.0693359375,
                        0.8645855784416199
                    ],
                    [
                        389.9248046875,
                        220.2470703125,
                        0.7917987108230591
                    ],
                    [
                        414.0068359375,
                        268.4111328125,
                        0.8698106408119202
                    ],
                    [
                        393.9384765625,
                        164.0556640625,
                        0.832054853439331
                    ],
                    [
                        361.8291015625,
                        208.2060546875,
                        0.5799201726913452
                    ],
                    [
                        418.0205078125,
                        260.3837890625,
                        0.4191075563430786
                    ],
                    [
                        407.986328125,
                        278.4453125,
                        0.7387712001800537
                    ],
                    [
                        414.0068359375,
                        280.4521484375,
                        0.7703956365585327
                    ],
                    [
                        434.0751953125,
                        360.7255859375,
                        0.8841485977172852
                    ],
                    [
                        430.0615234375,
                        453.0400390625,
                        0.8679450750350952
                    ],
                    [
                        401.9658203125,
                        276.4384765625,
                        0.7071467638015747
                    ],
                    [
                        405.9794921875,
                        356.7119140625,
                        0.8981878757476807
                    ],
                    [
                        401.9658203125,
                        432.9716796875,
                        0.9381181001663208
                    ],
                    [
                        442.1025390625,
                        123.9189453125,
                        0.9612027406692505
                    ],
                    [
                        446.1162109375,
                        123.9189453125,
                        0.9310199022293091
                    ],
                    [
                        430.0615234375,
                        127.9326171875,
                        0.9706395864486694
                    ],
                    [
                        414.0068359375,
                        127.9326171875,
                        0.6907933950424194
                    ],
                    [
                        430.0615234375,
                        445.0126953125,
                        0.7186498641967773
                    ],
                    [
                        422.0341796875,
                        436.9853515625,
                        0.6623073816299438
                    ],
                    [
                        393.9384765625,
                        440.9990234375,
                        0.8808056116104126
                    ],
                    [
                        462.1708984375,
                        457.0537109375,
                        0.854865312576294
                    ],
                    [
                        454.1435546875,
                        465.0810546875,
                        0.9159805774688721
                    ],
                    [
                        422.0341796875,
                        457.0537109375,
                        0.8686869144439697
                    ]
                ]
            ]
        },
        {
            "person_id": [
                2
            ],
            "pose_keypoints_2d": [
                [
                    [
                        0.0,
                        0.0,
                        0.02054770663380623
                    ],
                    [
                        0.0,
                        0.0,
                        0.029505658894777298
                    ],
                    [
                        0.0,
                        0.0,
                        0.029505658894777298
                    ],
                    [
                        0.0,
                        0.0,
                        0.011846141889691353
                    ],
                    [
                        0.0,
                        0.0,
                        0.007285086438059807
                    ],
                    [
                        0.0,
                        0.0,
                        0.029505658894777298
                    ],
                    [
                        0.0,
                        0.0,
                        0.008914992213249207
                    ],
                    [
                        0.0,
                        0.0,
                        0.007436390966176987
                    ],
                    [
                        0.0,
                        0.0,
                        0.03699507564306259
                    ],
                    [
                        0.0,
                        0.0,
                        0.03699507564306259
                    ],
                    [
                        0.0,
                        0.0,
                        0.024959975853562355
                    ],
                    [
                        0.0,
                        0.0,
                        0.0333336777985096
                    ],
                    [
                        0.0,
                        0.0,
                        0.03699507564306259
                    ],
                    [
                        0.0,
                        0.0,
                        0.024959975853562355
                    ],
                    [
                        0.0,
                        0.0,
                        0.0333336777985096
                    ],
                    [
                        0.0,
                        0.0,
                        0.019244998693466187
                    ],
                    [
                        0.0,
                        0.0,
                        0.019244998693466187
                    ],
                    [
                        0.0,
                        0.0,
                        0.014994421973824501
                    ],
                    [
                        0.0,
                        0.0,
                        0.014994420111179352
                    ],
                    [
                        0.0,
                        0.0,
                        0.019587840884923935
                    ],
                    [
                        0.0,
                        0.0,
                        0.01856718212366104
                    ],
                    [
                        0.0,
                        0.0,
                        0.015759753063321114
                    ],
                    [
                        0.0,
                        0.0,
                        0.019587844610214233
                    ],
                    [
                        0.0,
                        0.0,
                        0.01856718212366104
                    ],
                    [
                        0.0,
                        0.0,
                        0.015759753063321114
                    ]
                ]
            ]
        }
    ]
}