{
    "people": [
        {
            "person_id": [
                1
            ],
            "pose_keypoints_2d": [
                [
                    [
                        432.5791015625,
                        129.3642578125,
                        0.9483787417411804
                    ],
                    [
                        398.130859375,
                        169.8916015625,
                        0.8294057250022888
                    ],
                    [
                        404.2099609375,
                        173.9443359375,
                        0.8340557813644409
                    ],
                    [
                        408.2626953125,
                        238.7880859375,
                        0.8276254534721375
                    ],
                    [
                        452.8427734375,
                        263.1044921875,
                        0.9389324188232422
                    ],
                    [
                        392.0517578125,
                        165.8388671875,
                        0.8247556686401367
                    ],
                    [
                        424.4736328125,
                        182.0498046875,
                        0.8810197114944458
                    ],
                    [
                        456.8955078125,
                        169.8916015625,
                        0.8705748319625854
                    ],
                    [
                        412.3154296875,
                        281.341796875,
                        0.8019152879714966
                    ],
                    [
                        420.4208984375,
                        283.3681640625,
                        0.8375746011734009
                    ],
                    [
                        428.5263671875,
                        364.4228515625,
                        0.8764358758926392
                    ],
                    [
                        428.5263671875,
                        453.5830078125,
                        0.8655893802642822
                    ],
                    [
                        404.2099609375,
                        279.3154296875,
                        0.7662559747695923
                    ],
                    [
                        408.2626953125,
                        352.2646484375,
                        0.902004063129425
                    ],
                    [
                        400.1572265625,
                        429.2666015625,
                        0.9295628070831299
                    ],
                    [
                        432.5791015625,
                        121.2587890625,
                        0.935968279838562
                    ],
                    [
                        432.5791015625,
                        121.2587890625,
                        0.9158368110656738
                    ],
                    [
                        420.4208984375,
                        125.3115234375,
                        0.9846329689025879
                    ],
                    [
                        408.2626953125,
                        129.3642578125,
                        0.7084959745407104
                    ],
                    [
                        428.5263671875,
                        433.3193359375,
                        0.7964911460876465
                    ],
                    [
                        424.4736328125,
                        429.2666015625,
                        0.7420326471328735
                    ],
                    [
                        396.1044921875,
                        437.3720703125,
                        0.8950414657592773
                    ],
                    [
                        465.0009765625,
                        461.6884765625,
                        0.8739169239997864
                    ],
                    [
                        456.8955078125,
                        465.7412109375,
                        0.913288950920105
                    ],
                    [
                        424.4736328125,
                        461.6884765625,
                        0.8317292332649231
                    ]
                ]
            ]
        },
        {
            "person_id": [
                2
            ],
            "pose_keypoints_2d": [
                [
                    [
                        0.0,
                        0.0,
                        0.02054770663380623
                    ],
                    [
                        0.0,
                        0.0,
                        0.029505658894777298
                    ],
                    [
                        0.0,
                        0.0,
                        0.029505658894777298
                    ],
                    [
                        0.0,
                        0.0,
                        0.011846141889691353
                    ],
                    [
                        0.0,
                        0.0,
                        0.007285086438059807
                    ],
                    [
                        0.0,
                        0.0,
                        0.029505658894777298
                    ],
                    [
                        0.0,
                        0.0,
                        0.008914992213249207
                    ],
                    [
                        0.0,
                        0.0,
                        0.007436390966176987
                    ],
                    [
                        0.0,
                        0.0,
                        0.03699507564306259
                    ],
                    [
                        0.0,
                        0.0,
                        0.03699507564306259
                    ],
                    [
                        0.0,
                        0.0,
                        0.024959975853562355
                    ],
                    [
                        0.0,
                        0.0,
                        0.033333681523799896
                    ],
                    [
                        0.0,
                        0.0,
                        0.03699507564306259
                    ],
                    [
                        0.0,
                        0.0,
                        0.024959975853562355
                    ],
                    [
                        0.0,
                        0.0,
                        0.033333681523799896
                    ],
                    [
                        0.0,
                        0.0,
                        0.019244998693466187
                    ],
                    [
                        0.0,
                        0.0,
                        0.019244998693466187
                    ],
                    [
                        0.0,
                        0.0,
                        0.014994420111179352
                    ],
                    [
                        0.0,
                        0.0,
                        0.014994420111179352
                    ],
                    [
                        0.0,
                        0.0,
                        0.019587840884923935
                    ],
                    [
                        0.0,
                        0.0,
                        0.01856718212366104
                    ],
                    [
                        0.0,
                        0.0,
                        0.015759753063321114
                    ],
                    [
                        0.0,
                        0.0,
                        0.019587840884923935
                    ],
                    [
                        0.0,
                        0.0,
                        0.01856718212366104
                    ],
                    [
                        0.0,
                        0.0,
                        0.015759753063321114
                    ]
                ]
            ]
        }
    ]
}