{
    "people": [
        {
            "person_id": [
                1
            ],
            "pose_keypoints_2d": [
                [
                    [
                        433.4931640625,
                        126.9326171875,
                        0.9596366286277771
                    ],
                    [
                        399.376953125,
                        171.0830078125,
                        0.844480037689209
                    ],
                    [
                        401.3837890625,
                        175.0966796875,
                        0.8866124153137207
                    ],
                    [
                        401.3837890625,
                        235.3017578125,
                        0.8762618899345398
                    ],
                    [
                        449.5478515625,
                        243.3291015625,
                        0.9153765439987183
                    ],
                    [
                        397.3701171875,
                        167.0693359375,
                        0.802347719669342
                    ],
                    [
                        429.4794921875,
                        183.1240234375,
                        0.881942868232727
                    ],
                    [
                        469.6162109375,
                        171.0830078125,
                        0.8900401592254639
                    ],
                    [
                        411.41796875,
                        277.4453125,
                        0.8126707673072815
                    ],
                    [
                        417.4384765625,
                        279.4521484375,
                        0.8730689287185669
                    ],
                    [
                        437.5068359375,
                        359.7255859375,
                        0.929024338722229
                    ],
                    [
                        429.4794921875,
                        448.0263671875,
                        0.8470035791397095
                    ],
                    [
                        405.3974609375,
                        275.4384765625,
                        0.7522726058959961
                    ],
                    [
                        409.4111328125,
                        355.7119140625,
                        0.9098303318023682
                    ],
                    [
                        401.3837890625,
                        431.9716796875,
                        0.907953143119812
                    ],
                    [
                        429.4794921875,
                        122.9189453125,
                        0.9386278390884399
                    ],
                    [
                        433.4931640625,
                        122.9189453125,
                        0.9046489000320435
                    ],
                    [
                        417.4384765625,
                        126.9326171875,
                        0.9724699258804321
                    ],
                    [
                        409.4111328125,
                        126.9326171875,
                        0.6631308794021606
                    ],
                    [
                        425.4658203125,
                        439.9990234375,
                        0.7769914865493774
                    ],
                    [
                        421.4521484375,
                        431.9716796875,
                        0.7382965683937073
                    ],
                    [
                        393.3564453125,
                        439.9990234375,
                        0.8561996221542358
                    ],
                    [
                        461.5888671875,
                        460.0673828125,
                        0.8631420135498047
                    ],
                    [
                        453.5615234375,
                        464.0810546875,
                        0.8647280931472778
                    ],
                    [
                        421.4521484375,
                        456.0537109375,
                        0.9112453460693359
                    ]
                ]
            ]
        },
        {
            "person_id": [
                2
            ],
            "pose_keypoints_2d": [
                [
                    [
                        0.0,
                        0.0,
                        0.02054770663380623
                    ],
                    [
                        0.0,
                        0.0,
                        0.029505658894777298
                    ],
                    [
                        0.0,
                        0.0,
                        0.029505658894777298
                    ],
                    [
                        0.0,
                        0.0,
                        0.011846141889691353
                    ],
                    [
                        0.0,
                        0.0,
                        0.007285086438059807
                    ],
                    [
                        0.0,
                        0.0,
                        0.029505658894777298
                    ],
                    [
                        0.0,
                        0.0,
                        0.008914992213249207
                    ],
                    [
                        0.0,
                        0.0,
                        0.007436390966176987
                    ],
                    [
                        0.0,
                        0.0,
                        0.03699507564306259
                    ],
                    [
                        0.0,
                        0.0,
                        0.03699507564306259
                    ],
                    [
                        0.0,
                        0.0,
                        0.024959975853562355
                    ],
                    [
                        0.0,
                        0.0,
                        0.0333336777985096
                    ],
                    [
                        0.0,
                        0.0,
                        0.03699507564306259
                    ],
                    [
                        0.0,
                        0.0,
                        0.024959975853562355
                    ],
                    [
                        0.0,
                        0.0,
                        0.0333336777985096
                    ],
                    [
                        0.0,
                        0.0,
                        0.019244998693466187
                    ],
                    [
                        0.0,
                        0.0,
                        0.019245000556111336
                    ],
                    [
                        0.0,
                        0.0,
                        0.014994421973824501
                    ],
                    [
                        0.0,
                        0.0,
                        0.014994421973824501
                    ],
                    [
                        0.0,
                        0.0,
                        0.019587840884923935
                    ],
                    [
                        0.0,
                        0.0,
                        0.01856718212366104
                    ],
                    [
                        0.0,
                        0.0,
                        0.015759753063321114
                    ],
                    [
                        0.0,
                        0.0,
                        0.019587840884923935
                    ],
                    [
                        0.0,
                        0.0,
                        0.01856718212366104
                    ],
                    [
                        0.0,
                        0.0,
                        0.015759753063321114
                    ]
                ]
            ]
        }
    ]
}