{
    "people": [
        {
            "person_id": [
                1
            ],
            "pose_keypoints_2d": [
                [
                    [
                        443.84765625,
                        127.02737426757812,
                        0.9384922981262207
                    ],
                    [
                        407.63671875,
                        167.26174926757812,
                        0.8679568767547607
                    ],
                    [
                        423.73046875,
                        167.26174926757812,
                        0.8614848852157593
                    ],
                    [
                        484.08203125,
                        171.28518676757812,
                        0.9282028675079346
                    ],
                    [
                        544.43359375,
                        155.19143676757812,
                        0.8850756883621216
                    ],
                    [
                        391.54296875,
                        167.26174926757812,
                        0.8744288682937622
                    ],
                    [
                        375.44921875,
                        215.54299926757812,
                        1.0324441194534302
                    ],
                    [
                        419.70703125,
                        215.54299926757812,
                        0.8555526733398438
                    ],
                    [
                        409.6484375,
                        281.9297180175781,
                        0.8381417393684387
                    ],
                    [
                        419.70703125,
                        283.9414367675781,
                        0.8706810474395752
                    ],
                    [
                        427.75390625,
                        368.4336242675781,
                        0.8658735752105713
                    ],
                    [
                        427.75390625,
                        452.9257507324219,
                        0.8924217820167542
                    ],
                    [
                        399.58984375,
                        279.9179992675781,
                        0.8056024312973022
                    ],
                    [
                        403.61328125,
                        360.3867492675781,
                        0.8960793018341064
                    ],
                    [
                        399.58984375,
                        432.8085632324219,
                        0.9297546148300171
                    ],
                    [
                        431.77734375,
                        118.98049926757812,
                        0.9375793933868408
                    ],
                    [
                        443.84765625,
                        118.98049926757812,
                        0.9403331279754639
                    ],
                    [
                        411.66015625,
                        127.02737426757812,
                        0.9126152396202087
                    ],
                    [
                        439.82421875,
                        123.00393676757812,
                        0.6692215204238892
                    ],
                    [
                        435.80078125,
                        436.8320007324219,
                        0.7210144400596619
                    ],
                    [
                        427.75390625,
                        432.8085632324219,
                        0.6619648933410645
                    ],
                    [
                        395.56640625,
                        444.8788757324219,
                        0.888441264629364
                    ],
                    [
                        463.96484375,
                        460.9726257324219,
                        0.8714916110038757
                    ],
                    [
                        455.91796875,
                        464.9960632324219,
                        0.8714807629585266
                    ],
                    [
                        419.70703125,
                        460.9726257324219,
                        0.8936220407485962
                    ]
                ]
            ]
        },
        {
            "person_id": [
                2
            ],
            "pose_keypoints_2d": [
                [
                    [
                        0.0,
                        0.0,
                        0.02054770663380623
                    ],
                    [
                        0.0,
                        0.0,
                        0.029505658894777298
                    ],
                    [
                        0.0,
                        0.0,
                        0.029505658894777298
                    ],
                    [
                        0.0,
                        0.0,
                        0.011846141889691353
                    ],
                    [
                        0.0,
                        0.0,
                        0.007285086438059807
                    ],
                    [
                        0.0,
                        0.0,
                        0.029505658894777298
                    ],
                    [
                        0.0,
                        0.0,
                        0.008914992213249207
                    ],
                    [
                        0.0,
                        0.0,
                        0.007436390966176987
                    ],
                    [
                        0.0,
                        0.0,
                        0.03699507564306259
                    ],
                    [
                        0.0,
                        0.0,
                        0.03699507564306259
                    ],
                    [
                        0.0,
                        0.0,
                        0.024959975853562355
                    ],
                    [
                        0.0,
                        0.0,
                        0.033333681523799896
                    ],
                    [
                        0.0,
                        0.0,
                        0.03699507564306259
                    ],
                    [
                        0.0,
                        0.0,
                        0.024959975853562355
                    ],
                    [
                        0.0,
                        0.0,
                        0.0333336777985096
                    ],
                    [
                        0.0,
                        0.0,
                        0.019244998693466187
                    ],
                    [
                        0.0,
                        0.0,
                        0.019244998693466187
                    ],
                    [
                        0.0,
                        0.0,
                        0.014994421973824501
                    ],
                    [
                        0.0,
                        0.0,
                        0.014994421973824501
                    ],
                    [
                        0.0,
                        0.0,
                        0.019587844610214233
                    ],
                    [
                        0.0,
                        0.0,
                        0.01856718212366104
                    ],
                    [
                        0.0,
                        0.0,
                        0.015759753063321114
                    ],
                    [
                        0.0,
                        0.0,
                        0.019587840884923935
                    ],
                    [
                        0.0,
                        0.0,
                        0.01856718212366104
                    ],
                    [
                        0.0,
                        0.0,
                        0.015759753063321114
                    ]
                ]
            ]
        }
    ]
}