{
    "people": [
        {
            "person_id": [
                1
            ],
            "pose_keypoints_2d": [
                [
                    [
                        429.490234375,
                        128.837890625,
                        0.9512622952461243
                    ],
                    [
                        401.462890625,
                        166.875,
                        0.8203442692756653
                    ],
                    [
                        397.458984375,
                        172.880859375,
                        0.8661688566207886
                    ],
                    [
                        405.466796875,
                        236.943359375,
                        0.9220517873764038
                    ],
                    [
                        457.517578125,
                        244.951171875,
                        0.9097935557365417
                    ],
                    [
                        405.466796875,
                        160.869140625,
                        0.774519681930542
                    ],
                    [
                        441.501953125,
                        156.865234375,
                        0.8946318626403809
                    ],
                    [
                        485.544921875,
                        140.849609375,
                        0.945401668548584
                    ],
                    [
                        411.47265625,
                        274.98046875,
                        0.8186797499656677
                    ],
                    [
                        417.478515625,
                        276.982421875,
                        0.8669167757034302
                    ],
                    [
                        437.498046875,
                        361.064453125,
                        0.9320703148841858
                    ],
                    [
                        429.490234375,
                        449.150390625,
                        0.889075517654419
                    ],
                    [
                        405.466796875,
                        272.978515625,
                        0.7704427242279053
                    ],
                    [
                        409.470703125,
                        353.056640625,
                        0.9129129648208618
                    ],
                    [
                        401.462890625,
                        429.130859375,
                        0.9501780271530151
                    ],
                    [
                        425.486328125,
                        120.830078125,
                        0.9339748620986938
                    ],
                    [
                        429.490234375,
                        120.830078125,
                        0.9096241593360901
                    ],
                    [
                        413.474609375,
                        124.833984375,
                        1.0195640325546265
                    ],
                    [
                        405.466796875,
                        128.837890625,
                        0.7209591865539551
                    ],
                    [
                        421.482421875,
                        441.142578125,
                        0.7580728530883789
                    ],
                    [
                        417.478515625,
                        433.134765625,
                        0.7123165130615234
                    ],
                    [
                        393.455078125,
                        441.142578125,
                        0.8900769948959351
                    ],
                    [
                        461.521484375,
                        461.162109375,
                        0.8616453409194946
                    ],
                    [
                        453.513671875,
                        465.166015625,
                        0.8482787609100342
                    ],
                    [
                        421.482421875,
                        457.158203125,
                        0.9505174160003662
                    ]
                ]
            ]
        },
        {
            "person_id": [
                2
            ],
            "pose_keypoints_2d": [
                [
                    [
                        0.0,
                        0.0,
                        0.02054770663380623
                    ],
                    [
                        0.0,
                        0.0,
                        0.029505658894777298
                    ],
                    [
                        0.0,
                        0.0,
                        0.029505658894777298
                    ],
                    [
                        0.0,
                        0.0,
                        0.011846141889691353
                    ],
                    [
                        0.0,
                        0.0,
                        0.007285086438059807
                    ],
                    [
                        0.0,
                        0.0,
                        0.029505658894777298
                    ],
                    [
                        0.0,
                        0.0,
                        0.008914992213249207
                    ],
                    [
                        0.0,
                        0.0,
                        0.007436390966176987
                    ],
                    [
                        0.0,
                        0.0,
                        0.03699507564306259
                    ],
                    [
                        0.0,
                        0.0,
                        0.03699507564306259
                    ],
                    [
                        0.0,
                        0.0,
                        0.024959975853562355
                    ],
                    [
                        0.0,
                        0.0,
                        0.033333681523799896
                    ],
                    [
                        0.0,
                        0.0,
                        0.03699507564306259
                    ],
                    [
                        0.0,
                        0.0,
                        0.024959975853562355
                    ],
                    [
                        0.0,
                        0.0,
                        0.0333336777985096
                    ],
                    [
                        0.0,
                        0.0,
                        0.019244998693466187
                    ],
                    [
                        0.0,
                        0.0,
                        0.019245000556111336
                    ],
                    [
                        0.0,
                        0.0,
                        0.014994420111179352
                    ],
                    [
                        0.0,
                        0.0,
                        0.014994420111179352
                    ],
                    [
                        0.0,
                        0.0,
                        0.019587844610214233
                    ],
                    [
                        0.0,
                        0.0,
                        0.01856718212366104
                    ],
                    [
                        0.0,
                        0.0,
                        0.015759753063321114
                    ],
                    [
                        0.0,
                        0.0,
                        0.019587840884923935
                    ],
                    [
                        0.0,
                        0.0,
                        0.01856718212366104
                    ],
                    [
                        0.0,
                        0.0,
                        0.015759753063321114
                    ]
                ]
            ]
        }
    ]
}