{
    "people": [
        {
            "person_id": [
                1
            ],
            "pose_keypoints_2d": [
                [
                    [
                        445.6162109375,
                        131.9462890625,
                        0.9573639035224915
                    ],
                    [
                        403.47265625,
                        166.0625,
                        0.8440684676170349
                    ],
                    [
                        413.5068359375,
                        168.0693359375,
                        0.863937497138977
                    ],
                    [
                        393.4384765625,
                        220.2470703125,
                        0.7731478214263916
                    ],
                    [
                        413.5068359375,
                        268.4111328125,
                        0.8515686988830566
                    ],
                    [
                        393.4384765625,
                        164.0556640625,
                        0.8241994380950928
                    ],
                    [
                        361.3291015625,
                        208.2060546875,
                        0.6171729564666748
                    ],
                    [
                        417.5205078125,
                        260.3837890625,
                        0.3989194631576538
                    ],
                    [
                        407.486328125,
                        280.4521484375,
                        0.7345888018608093
                    ],
                    [
                        417.5205078125,
                        280.4521484375,
                        0.7685146331787109
                    ],
                    [
                        433.5751953125,
                        360.7255859375,
                        0.8947672843933105
                    ],
                    [
                        429.5615234375,
                        453.0400390625,
                        0.8677364587783813
                    ],
                    [
                        397.4521484375,
                        280.4521484375,
                        0.7006629705429077
                    ],
                    [
                        405.4794921875,
                        356.7119140625,
                        0.9005073308944702
                    ],
                    [
                        401.4658203125,
                        432.9716796875,
                        0.9373837113380432
                    ],
                    [
                        441.6025390625,
                        123.9189453125,
                        0.9655625820159912
                    ],
                    [
                        445.6162109375,
                        123.9189453125,
                        0.9345972537994385
                    ],
                    [
                        429.5615234375,
                        127.9326171875,
                        0.9691723585128784
                    ],
                    [
                        417.5205078125,
                        127.9326171875,
                        0.691394031047821
                    ],
                    [
                        429.5615234375,
                        440.9990234375,
                        0.7541530132293701
                    ],
                    [
                        421.5341796875,
                        432.9716796875,
                        0.7009066343307495
                    ],
                    [
                        393.4384765625,
                        440.9990234375,
                        0.8903481960296631
                    ],
                    [
                        461.6708984375,
                        457.0537109375,
                        0.8453354835510254
                    ],
                    [
                        453.6435546875,
                        465.0810546875,
                        0.8979237079620361
                    ],
                    [
                        421.5341796875,
                        457.0537109375,
                        0.8690441846847534
                    ]
                ]
            ]
        },
        {
            "person_id": [
                2
            ],
            "pose_keypoints_2d": [
                [
                    [
                        0.0,
                        0.0,
                        0.02054770663380623
                    ],
                    [
                        0.0,
                        0.0,
                        0.029505658894777298
                    ],
                    [
                        0.0,
                        0.0,
                        0.029505658894777298
                    ],
                    [
                        0.0,
                        0.0,
                        0.011846141889691353
                    ],
                    [
                        0.0,
                        0.0,
                        0.007285086438059807
                    ],
                    [
                        0.0,
                        0.0,
                        0.029505658894777298
                    ],
                    [
                        0.0,
                        0.0,
                        0.008914992213249207
                    ],
                    [
                        0.0,
                        0.0,
                        0.007436390966176987
                    ],
                    [
                        0.0,
                        0.0,
                        0.03699507564306259
                    ],
                    [
                        0.0,
                        0.0,
                        0.03699507564306259
                    ],
                    [
                        0.0,
                        0.0,
                        0.024959975853562355
                    ],
                    [
                        0.0,
                        0.0,
                        0.0333336777985096
                    ],
                    [
                        0.0,
                        0.0,
                        0.03699507564306259
                    ],
                    [
                        0.0,
                        0.0,
                        0.024959975853562355
                    ],
                    [
                        0.0,
                        0.0,
                        0.0333336777985096
                    ],
                    [
                        0.0,
                        0.0,
                        0.019245002418756485
                    ],
                    [
                        0.0,
                        0.0,
                        0.019244998693466187
                    ],
                    [
                        0.0,
                        0.0,
                        0.014994421973824501
                    ],
                    [
                        0.0,
                        0.0,
                        0.014994420111179352
                    ],
                    [
                        0.0,
                        0.0,
                        0.019587840884923935
                    ],
                    [
                        0.0,
                        0.0,
                        0.01856718212366104
                    ],
                    [
                        0.0,
                        0.0,
                        0.015759753063321114
                    ],
                    [
                        0.0,
                        0.0,
                        0.019587840884923935
                    ],
                    [
                        0.0,
                        0.0,
                        0.01856718212366104
                    ],
                    [
                        0.0,
                        0.0,
                        0.015759753063321114
                    ]
                ]
            ]
        }
    ]
}