{
    "people": [
        {
            "person_id": [
                1
            ],
            "pose_keypoints_2d": [
                [
                    [
                        429.9794921875,
                        131.9462890625,
                        0.9473500847816467
                    ],
                    [
                        397.8701171875,
                        170.076171875,
                        0.8167171478271484
                    ],
                    [
                        401.8837890625,
                        176.0966796875,
                        0.8568482398986816
                    ],
                    [
                        409.9111328125,
                        236.3017578125,
                        0.9125036001205444
                    ],
                    [
                        458.0751953125,
                        252.3564453125,
                        0.8867279291152954
                    ],
                    [
                        393.8564453125,
                        164.0556640625,
                        0.77658611536026
                    ],
                    [
                        438.0068359375,
                        156.0283203125,
                        0.8499081134796143
                    ],
                    [
                        486.1708984375,
                        143.9873046875,
                        0.9400970935821533
                    ],
                    [
                        409.9111328125,
                        278.4453125,
                        0.8334628939628601
                    ],
                    [
                        417.9384765625,
                        280.4521484375,
                        0.8701456785202026
                    ],
                    [
                        433.9931640625,
                        360.7255859375,
                        0.8964505195617676
                    ],
                    [
                        429.9794921875,
                        453.0400390625,
                        0.8748693466186523
                    ],
                    [
                        401.8837890625,
                        276.4384765625,
                        0.7967801094055176
                    ],
                    [
                        405.8974609375,
                        352.6982421875,
                        0.879727303981781
                    ],
                    [
                        401.8837890625,
                        432.9716796875,
                        0.9174859523773193
                    ],
                    [
                        425.9658203125,
                        123.9189453125,
                        0.9530088305473328
                    ],
                    [
                        425.9658203125,
                        123.9189453125,
                        0.9261252880096436
                    ],
                    [
                        413.9248046875,
                        127.9326171875,
                        0.9993027448654175
                    ],
                    [
                        401.8837890625,
                        127.9326171875,
                        0.7105783820152283
                    ],
                    [
                        421.9521484375,
                        440.9990234375,
                        0.725551962852478
                    ],
                    [
                        417.9384765625,
                        432.9716796875,
                        0.6929284334182739
                    ],
                    [
                        393.8564453125,
                        440.9990234375,
                        0.8709161877632141
                    ],
                    [
                        462.0888671875,
                        461.0673828125,
                        0.867039680480957
                    ],
                    [
                        458.0751953125,
                        465.0810546875,
                        0.8718717098236084
                    ],
                    [
                        421.9521484375,
                        457.0537109375,
                        0.9105527400970459
                    ]
                ]
            ]
        },
        {
            "person_id": [
                2
            ],
            "pose_keypoints_2d": [
                [
                    [
                        0.0,
                        0.0,
                        0.02054770663380623
                    ],
                    [
                        0.0,
                        0.0,
                        0.029505658894777298
                    ],
                    [
                        0.0,
                        0.0,
                        0.029505658894777298
                    ],
                    [
                        0.0,
                        0.0,
                        0.011846141889691353
                    ],
                    [
                        0.0,
                        0.0,
                        0.007285086438059807
                    ],
                    [
                        0.0,
                        0.0,
                        0.029505658894777298
                    ],
                    [
                        0.0,
                        0.0,
                        0.008914992213249207
                    ],
                    [
                        0.0,
                        0.0,
                        0.007436390966176987
                    ],
                    [
                        0.0,
                        0.0,
                        0.03699507564306259
                    ],
                    [
                        0.0,
                        0.0,
                        0.03699507564306259
                    ],
                    [
                        0.0,
                        0.0,
                        0.024959975853562355
                    ],
                    [
                        0.0,
                        0.0,
                        0.0333336777985096
                    ],
                    [
                        0.0,
                        0.0,
                        0.03699507564306259
                    ],
                    [
                        0.0,
                        0.0,
                        0.024959975853562355
                    ],
                    [
                        0.0,
                        0.0,
                        0.033333681523799896
                    ],
                    [
                        0.0,
                        0.0,
                        0.019244998693466187
                    ],
                    [
                        0.0,
                        0.0,
                        0.019244998693466187
                    ],
                    [
                        0.0,
                        0.0,
                        0.01499442383646965
                    ],
                    [
                        0.0,
                        0.0,
                        0.014994420111179352
                    ],
                    [
                        0.0,
                        0.0,
                        0.019587840884923935
                    ],
                    [
                        0.0,
                        0.0,
                        0.01856718212366104
                    ],
                    [
                        0.0,
                        0.0,
                        0.015759753063321114
                    ],
                    [
                        0.0,
                        0.0,
                        0.019587840884923935
                    ],
                    [
                        0.0,
                        0.0,
                        0.01856718212366104
                    ],
                    [
                        0.0,
                        0.0,
                        0.015759753063321114
                    ]
                ]
            ]
        }
    ]
}