{
    "people": [
        {
            "person_id": [
                1
            ],
            "pose_keypoints_2d": [
                [
                    [
                        443.15234375,
                        132.05081176757812,
                        0.9442769289016724
                    ],
                    [
                        400.90625,
                        166.25003051757812,
                        0.8731482028961182
                    ],
                    [
                        410.96484375,
                        168.26174926757812,
                        0.843635082244873
                    ],
                    [
                        390.84765625,
                        228.61331176757812,
                        0.715827226638794
                    ],
                    [
                        427.05859375,
                        264.8242492675781,
                        0.8421182036399841
                    ],
                    [
                        390.84765625,
                        164.23831176757812,
                        0.9026613235473633
                    ],
                    [
                        366.70703125,
                        204.47268676757812,
                        0.9440202116966248
                    ],
                    [
                        410.96484375,
                        212.51956176757812,
                        0.45186537504196167
                    ],
                    [
                        408.953125,
                        278.9062805175781,
                        0.8370469808578491
                    ],
                    [
                        414.98828125,
                        280.9179992675781,
                        0.8914141654968262
                    ],
                    [
                        431.08203125,
                        361.3867492675781,
                        0.8698471784591675
                    ],
                    [
                        427.05859375,
                        449.9023132324219,
                        0.8598880767822266
                    ],
                    [
                        402.91796875,
                        276.8945617675781,
                        0.7826798558235168
                    ],
                    [
                        406.94140625,
                        353.3398742675781,
                        0.8809707164764404
                    ],
                    [
                        402.91796875,
                        433.8085632324219,
                        0.933953046798706
                    ],
                    [
                        439.12890625,
                        124.00393676757812,
                        0.9518002271652222
                    ],
                    [
                        443.15234375,
                        124.00393676757812,
                        0.9272822141647339
                    ],
                    [
                        427.05859375,
                        128.02737426757812,
                        0.9701868295669556
                    ],
                    [
                        414.98828125,
                        128.02737426757812,
                        0.7080260515213013
                    ],
                    [
                        431.08203125,
                        441.8554382324219,
                        0.7593653202056885
                    ],
                    [
                        423.03515625,
                        433.8085632324219,
                        0.712213397026062
                    ],
                    [
                        394.87109375,
                        441.8554382324219,
                        0.8697391748428345
                    ],
                    [
                        463.26953125,
                        461.9726257324219,
                        0.8555518388748169
                    ],
                    [
                        455.22265625,
                        465.9960632324219,
                        0.9077842235565186
                    ],
                    [
                        423.03515625,
                        457.9491882324219,
                        0.8402532339096069
                    ]
                ]
            ]
        },
        {
            "person_id": [
                2
            ],
            "pose_keypoints_2d": [
                [
                    [
                        0.0,
                        0.0,
                        0.02054770663380623
                    ],
                    [
                        0.0,
                        0.0,
                        0.029505658894777298
                    ],
                    [
                        0.0,
                        0.0,
                        0.029505658894777298
                    ],
                    [
                        0.0,
                        0.0,
                        0.011846141889691353
                    ],
                    [
                        0.0,
                        0.0,
                        0.007285086438059807
                    ],
                    [
                        0.0,
                        0.0,
                        0.029505658894777298
                    ],
                    [
                        0.0,
                        0.0,
                        0.008914992213249207
                    ],
                    [
                        0.0,
                        0.0,
                        0.007436390966176987
                    ],
                    [
                        0.0,
                        0.0,
                        0.03699507564306259
                    ],
                    [
                        0.0,
                        0.0,
                        0.03699507564306259
                    ],
                    [
                        0.0,
                        0.0,
                        0.024959975853562355
                    ],
                    [
                        0.0,
                        0.0,
                        0.033333681523799896
                    ],
                    [
                        0.0,
                        0.0,
                        0.03699507564306259
                    ],
                    [
                        0.0,
                        0.0,
                        0.024959975853562355
                    ],
                    [
                        0.0,
                        0.0,
                        0.0333336777985096
                    ],
                    [
                        0.0,
                        0.0,
                        0.019244998693466187
                    ],
                    [
                        0.0,
                        0.0,
                        0.019245000556111336
                    ],
                    [
                        0.0,
                        0.0,
                        0.014994420111179352
                    ],
                    [
                        0.0,
                        0.0,
                        0.014994421973824501
                    ],
                    [
                        0.0,
                        0.0,
                        0.019587840884923935
                    ],
                    [
                        0.0,
                        0.0,
                        0.01856718212366104
                    ],
                    [
                        0.0,
                        0.0,
                        0.015759753063321114
                    ],
                    [
                        0.0,
                        0.0,
                        0.019587840884923935
                    ],
                    [
                        0.0,
                        0.0,
                        0.01856718212366104
                    ],
                    [
                        0.0,
                        0.0,
                        0.015759753063321114
                    ]
                ]
            ]
        }
    ]
}