{
    "people": [
        {
            "person_id": [
                1
            ],
            "pose_keypoints_2d": [
                [
                    [
                        438.6103515625,
                        126.2802734375,
                        0.9592698812484741
                    ],
                    [
                        410.55859375,
                        167.4228515625,
                        0.9189224243164062
                    ],
                    [
                        434.8701171875,
                        163.6826171875,
                        0.8829624652862549
                    ],
                    [
                        438.6103515625,
                        208.5654296875,
                        0.8459270000457764
                    ],
                    [
                        461.0517578125,
                        204.8251953125,
                        0.8893319368362427
                    ],
                    [
                        386.2470703125,
                        171.1630859375,
                        0.9548823237419128
                    ],
                    [
                        375.0263671875,
                        219.7861328125,
                        0.9902139902114868
                    ],
                    [
                        412.4287109375,
                        216.0458984375,
                        0.7439690828323364
                    ],
                    [
                        421.779296875,
                        272.1494140625,
                        0.8684049248695374
                    ],
                    [
                        438.6103515625,
                        272.1494140625,
                        0.8607015609741211
                    ],
                    [
                        457.3115234375,
                        339.4736328125,
                        0.936089277267456
                    ],
                    [
                        472.2724609375,
                        406.7978515625,
                        0.8830496668815613
                    ],
                    [
                        404.9482421875,
                        272.1494140625,
                        0.8761082887649536
                    ],
                    [
                        404.9482421875,
                        350.6943359375,
                        0.8879140019416809
                    ],
                    [
                        397.4677734375,
                        429.2392578125,
                        0.8878813982009888
                    ],
                    [
                        434.8701171875,
                        122.5400390625,
                        0.9547038674354553
                    ],
                    [
                        434.8701171875,
                        122.5400390625,
                        0.8645129203796387
                    ],
                    [
                        427.3896484375,
                        126.2802734375,
                        1.0156631469726562
                    ],
                    [
                        404.9482421875,
                        126.2802734375,
                        0.7521747350692749
                    ],
                    [
                        431.1298828125,
                        432.9794921875,
                        0.9825632572174072
                    ],
                    [
                        427.3896484375,
                        432.9794921875,
                        0.9052050113677979
                    ],
                    [
                        393.7275390625,
                        440.4599609375,
                        0.8633432388305664
                    ],
                    [
                        483.4931640625,
                        399.3173828125,
                        0.7791905999183655
                    ],
                    [
                        487.2333984375,
                        403.0576171875,
                        0.8725485801696777
                    ],
                    [
                        472.2724609375,
                        414.2783203125,
                        0.8927128314971924
                    ]
                ]
            ]
        },
        {
            "person_id": [
                2
            ],
            "pose_keypoints_2d": [
                [
                    [
                        0.0,
                        0.0,
                        0.020545179024338722
                    ],
                    [
                        0.0,
                        0.0,
                        0.02961822971701622
                    ],
                    [
                        0.0,
                        0.0,
                        0.02961822971701622
                    ],
                    [
                        0.0,
                        0.0,
                        0.011905848048627377
                    ],
                    [
                        0.0,
                        0.0,
                        0.007338991388678551
                    ],
                    [
                        0.0,
                        0.0,
                        0.02961822971701622
                    ],
                    [
                        0.0,
                        0.0,
                        0.00895625725388527
                    ],
                    [
                        0.0,
                        0.0,
                        0.007475945632904768
                    ],
                    [
                        0.0,
                        0.0,
                        0.037155795842409134
                    ],
                    [
                        0.0,
                        0.0,
                        0.037155795842409134
                    ],
                    [
                        0.0,
                        0.0,
                        0.02508368343114853
                    ],
                    [
                        0.0,
                        0.0,
                        0.033558908849954605
                    ],
                    [
                        0.0,
                        0.0,
                        0.037155795842409134
                    ],
                    [
                        0.0,
                        0.0,
                        0.02508368343114853
                    ],
                    [
                        0.0,
                        0.0,
                        0.033558908849954605
                    ],
                    [
                        0.0,
                        0.0,
                        0.01924316957592964
                    ],
                    [
                        0.0,
                        0.0,
                        0.01924316957592964
                    ],
                    [
                        0.0,
                        0.0,
                        0.015040154568850994
                    ],
                    [
                        0.0,
                        0.0,
                        0.015040154568850994
                    ],
                    [
                        0.0,
                        0.0,
                        0.01983771286904812
                    ],
                    [
                        0.0,
                        0.0,
                        0.018537156283855438
                    ],
                    [
                        0.0,
                        0.0,
                        0.015998275950551033
                    ],
                    [
                        0.0,
                        0.0,
                        0.01983771286904812
                    ],
                    [
                        0.0,
                        0.0,
                        0.018537156283855438
                    ],
                    [
                        0.0,
                        0.0,
                        0.015998275950551033
                    ]
                ]
            ]
        }
    ]
}