{
    "people": [
        {
            "person_id": [
                1
            ],
            "pose_keypoints_2d": [
                [
                    [
                        454.6640625,
                        124.61720275878906,
                        0.6864756345748901
                    ],
                    [
                        447.3203125,
                        161.33595275878906,
                        0.9627971053123474
                    ],
                    [
                        476.6953125,
                        157.66407775878906,
                        0.9259943962097168
                    ],
                    [
                        509.7421875,
                        198.05470275878906,
                        0.9887486696243286
                    ],
                    [
                        480.3671875,
                        187.03907775878906,
                        0.8373430967330933
                    ],
                    [
                        417.9453125,
                        165.00782775878906,
                        0.999599814414978
                    ],
                    [
                        406.9296875,
                        220.08595275878906,
                        1.0191428661346436
                    ],
                    [
                        417.9453125,
                        194.38282775878906,
                        0.7282150983810425
                    ],
                    [
                        454.6640625,
                        265.984375,
                        0.8606711030006409
                    ],
                    [
                        473.0234375,
                        264.1484375,
                        0.8533015847206116
                    ],
                    [
                        476.6953125,
                        333.9140625,
                        0.8992732763290405
                    ],
                    [
                        473.0234375,
                        403.6796875,
                        0.9067471623420715
                    ],
                    [
                        436.3046875,
                        267.8203125,
                        0.8680406212806702
                    ],
                    [
                        425.2890625,
                        333.9140625,
                        0.9131417870521545
                    ],
                    [
                        410.6015625,
                        411.0234375,
                        0.9358323812484741
                    ],
                    [
                        450.9921875,
                        117.27345275878906,
                        0.716841995716095
                    ],
                    [
                        447.3203125,
                        120.94532775878906,
                        0.6281232237815857
                    ],
                    [
                        454.6640625,
                        120.94532775878906,
                        1.008265733718872
                    ],
                    [
                        425.2890625,
                        128.28907775878906,
                        0.9535772800445557
                    ],
                    [
                        436.3046875,
                        433.0546875,
                        0.9202755093574524
                    ],
                    [
                        428.9609375,
                        429.3828125,
                        0.8152197599411011
                    ],
                    [
                        406.9296875,
                        418.3671875,
                        0.8881592750549316
                    ],
                    [
                        480.3671875,
                        396.3359375,
                        0.7772582769393921
                    ],
                    [
                        487.7109375,
                        403.6796875,
                        0.8576349020004272
                    ],
                    [
                        473.0234375,
                        414.6953125,
                        0.9220605492591858
                    ]
                ]
            ]
        },
        {
            "person_id": [
                2
            ],
            "pose_keypoints_2d": [
                [
                    [
                        0.0,
                        0.0,
                        0.020545179024338722
                    ],
                    [
                        0.0,
                        0.0,
                        0.02961822971701622
                    ],
                    [
                        0.0,
                        0.0,
                        0.02961822971701622
                    ],
                    [
                        0.0,
                        0.0,
                        0.011905848048627377
                    ],
                    [
                        0.0,
                        0.0,
                        0.007338991388678551
                    ],
                    [
                        0.0,
                        0.0,
                        0.02961822971701622
                    ],
                    [
                        0.0,
                        0.0,
                        0.00895625725388527
                    ],
                    [
                        0.0,
                        0.0,
                        0.007475945632904768
                    ],
                    [
                        0.0,
                        0.0,
                        0.037155795842409134
                    ],
                    [
                        0.0,
                        0.0,
                        0.037155795842409134
                    ],
                    [
                        0.0,
                        0.0,
                        0.02508368343114853
                    ],
                    [
                        0.0,
                        0.0,
                        0.033558908849954605
                    ],
                    [
                        0.0,
                        0.0,
                        0.037155795842409134
                    ],
                    [
                        0.0,
                        0.0,
                        0.02508368343114853
                    ],
                    [
                        0.0,
                        0.0,
                        0.033558908849954605
                    ],
                    [
                        0.0,
                        0.0,
                        0.01924316957592964
                    ],
                    [
                        0.0,
                        0.0,
                        0.01924316957592964
                    ],
                    [
                        0.0,
                        0.0,
                        0.015040154568850994
                    ],
                    [
                        0.0,
                        0.0,
                        0.015040154568850994
                    ],
                    [
                        0.0,
                        0.0,
                        0.019837716594338417
                    ],
                    [
                        0.0,
                        0.0,
                        0.018537156283855438
                    ],
                    [
                        0.0,
                        0.0,
                        0.015998275950551033
                    ],
                    [
                        0.0,
                        0.0,
                        0.01983771286904812
                    ],
                    [
                        0.0,
                        0.0,
                        0.018537156283855438
                    ],
                    [
                        0.0,
                        0.0,
                        0.015998275950551033
                    ]
                ]
            ]
        }
    ]
}