{
    "people": [
        {
            "person_id": [
                1
            ],
            "pose_keypoints_2d": [
                [
                    [
                        438.095703125,
                        126.185546875,
                        0.9620590209960938
                    ],
                    [
                        408.251953125,
                        165.35546875,
                        0.9079946875572205
                    ],
                    [
                        430.634765625,
                        163.490234375,
                        0.8618425130844116
                    ],
                    [
                        430.634765625,
                        211.986328125,
                        0.8125850558280945
                    ],
                    [
                        456.748046875,
                        208.255859375,
                        0.9127012491226196
                    ],
                    [
                        385.869140625,
                        167.220703125,
                        0.9541468620300293
                    ],
                    [
                        374.677734375,
                        219.447265625,
                        0.9892274737358093
                    ],
                    [
                        411.982421875,
                        215.716796875,
                        0.7067750692367554
                    ],
                    [
                        419.443359375,
                        273.5390625,
                        0.8600051999092102
                    ],
                    [
                        438.095703125,
                        271.673828125,
                        0.8438738584518433
                    ],
                    [
                        456.748046875,
                        342.552734375,
                        0.936767578125
                    ],
                    [
                        471.669921875,
                        409.701171875,
                        0.898213803768158
                    ],
                    [
                        400.791015625,
                        275.404296875,
                        0.8761365413665771
                    ],
                    [
                        404.521484375,
                        350.013671875,
                        0.8789798021316528
                    ],
                    [
                        400.791015625,
                        428.353515625,
                        0.9010668992996216
                    ],
                    [
                        434.365234375,
                        122.455078125,
                        0.9554041028022766
                    ],
                    [
                        434.365234375,
                        122.455078125,
                        0.8672983646392822
                    ],
                    [
                        426.904296875,
                        126.185546875,
                        0.9917416572570801
                    ],
                    [
                        404.521484375,
                        126.185546875,
                        0.7397105693817139
                    ],
                    [
                        434.365234375,
                        432.083984375,
                        0.9794424772262573
                    ],
                    [
                        426.904296875,
                        432.083984375,
                        0.9001415967941284
                    ],
                    [
                        393.330078125,
                        439.544921875,
                        0.867124080657959
                    ],
                    [
                        482.861328125,
                        402.240234375,
                        0.8215193152427673
                    ],
                    [
                        486.591796875,
                        405.970703125,
                        0.8810297250747681
                    ],
                    [
                        467.939453125,
                        420.892578125,
                        0.9010022282600403
                    ]
                ]
            ]
        },
        {
            "person_id": [
                2
            ],
            "pose_keypoints_2d": [
                [
                    [
                        0.0,
                        0.0,
                        0.020545179024338722
                    ],
                    [
                        0.0,
                        0.0,
                        0.02961822971701622
                    ],
                    [
                        0.0,
                        0.0,
                        0.02961822971701622
                    ],
                    [
                        0.0,
                        0.0,
                        0.011905848048627377
                    ],
                    [
                        0.0,
                        0.0,
                        0.007338991388678551
                    ],
                    [
                        0.0,
                        0.0,
                        0.02961822971701622
                    ],
                    [
                        0.0,
                        0.0,
                        0.00895625725388527
                    ],
                    [
                        0.0,
                        0.0,
                        0.007475945632904768
                    ],
                    [
                        0.0,
                        0.0,
                        0.037155795842409134
                    ],
                    [
                        0.0,
                        0.0,
                        0.037155795842409134
                    ],
                    [
                        0.0,
                        0.0,
                        0.02508368343114853
                    ],
                    [
                        0.0,
                        0.0,
                        0.033558908849954605
                    ],
                    [
                        0.0,
                        0.0,
                        0.037155795842409134
                    ],
                    [
                        0.0,
                        0.0,
                        0.02508368343114853
                    ],
                    [
                        0.0,
                        0.0,
                        0.03355890512466431
                    ],
                    [
                        0.0,
                        0.0,
                        0.01924316957592964
                    ],
                    [
                        0.0,
                        0.0,
                        0.01924316957592964
                    ],
                    [
                        0.0,
                        0.0,
                        0.015040154568850994
                    ],
                    [
                        0.0,
                        0.0,
                        0.015040154568850994
                    ],
                    [
                        0.0,
                        0.0,
                        0.019837716594338417
                    ],
                    [
                        0.0,
                        0.0,
                        0.018537156283855438
                    ],
                    [
                        0.0,
                        0.0,
                        0.015998275950551033
                    ],
                    [
                        0.0,
                        0.0,
                        0.01983771286904812
                    ],
                    [
                        0.0,
                        0.0,
                        0.018537156283855438
                    ],
                    [
                        0.0,
                        0.0,
                        0.015998275950551033
                    ]
                ]
            ]
        }
    ]
}