{
    "people": [
        {
            "person_id": [
                1
            ],
            "pose_keypoints_2d": [
                [
                    [
                        431.8369140625,
                        127.54200744628906,
                        0.9000948667526245
                    ],
                    [
                        413.0283203125,
                        154.18751525878906,
                        0.9145970940589905
                    ],
                    [
                        441.2412109375,
                        152.62013244628906,
                        0.893883466720581
                    ],
                    [
                        460.0498046875,
                        193.37208557128906,
                        0.9857858419418335
                    ],
                    [
                        481.9931640625,
                        234.12403869628906,
                        0.8893667459487915
                    ],
                    [
                        384.8154296875,
                        155.75489807128906,
                        0.9353107213973999
                    ],
                    [
                        366.0068359375,
                        199.64161682128906,
                        0.975963830947876
                    ],
                    [
                        362.8720703125,
                        240.39356994628906,
                        0.9392002820968628
                    ],
                    [
                        419.2978515625,
                        246.66310119628906,
                        0.8714038729667664
                    ],
                    [
                        438.1064453125,
                        246.66310119628906,
                        0.8882852792739868
                    ],
                    [
                        447.5107421875,
                        303.0888671875,
                        0.9306604266166687
                    ],
                    [
                        447.5107421875,
                        365.7841796875,
                        0.9254138469696045
                    ],
                    [
                        400.4892578125,
                        246.66310119628906,
                        0.8545224666595459
                    ],
                    [
                        397.3544921875,
                        306.2236328125,
                        0.90764981508255
                    ],
                    [
                        397.3544921875,
                        368.9189453125,
                        0.9269214868545532
                    ],
                    [
                        431.8369140625,
                        124.40724182128906,
                        0.9337884187698364
                    ],
                    [
                        431.8369140625,
                        124.40724182128906,
                        0.8395383358001709
                    ],
                    [
                        425.5673828125,
                        121.27247619628906,
                        0.9828290939331055
                    ],
                    [
                        406.7587890625,
                        124.40724182128906,
                        0.865469217300415
                    ],
                    [
                        409.8935546875,
                        365.7841796875,
                        0.7939395308494568
                    ],
                    [
                        394.2197265625,
                        372.0537109375,
                        0.7489218711853027
                    ],
                    [
                        397.3544921875,
                        375.1884765625,
                        0.8479101657867432
                    ],
                    [
                        450.6455078125,
                        378.3232421875,
                        0.7871731519699097
                    ],
                    [
                        456.9150390625,
                        378.3232421875,
                        0.8757550716400146
                    ],
                    [
                        444.3759765625,
                        372.0537109375,
                        0.8489603996276855
                    ]
                ]
            ]
        },
        {
            "person_id": [
                2
            ],
            "pose_keypoints_2d": [
                [
                    [
                        0.0,
                        0.0,
                        0.020545179024338722
                    ],
                    [
                        0.0,
                        0.0,
                        0.02961822971701622
                    ],
                    [
                        0.0,
                        0.0,
                        0.02961822971701622
                    ],
                    [
                        0.0,
                        0.0,
                        0.011905848048627377
                    ],
                    [
                        0.0,
                        0.0,
                        0.007338991388678551
                    ],
                    [
                        0.0,
                        0.0,
                        0.02961822971701622
                    ],
                    [
                        0.0,
                        0.0,
                        0.00895625725388527
                    ],
                    [
                        0.0,
                        0.0,
                        0.007475945632904768
                    ],
                    [
                        0.0,
                        0.0,
                        0.037155795842409134
                    ],
                    [
                        0.0,
                        0.0,
                        0.037155795842409134
                    ],
                    [
                        0.0,
                        0.0,
                        0.02508368343114853
                    ],
                    [
                        0.0,
                        0.0,
                        0.033558908849954605
                    ],
                    [
                        0.0,
                        0.0,
                        0.037155795842409134
                    ],
                    [
                        0.0,
                        0.0,
                        0.025083687156438828
                    ],
                    [
                        0.0,
                        0.0,
                        0.03355890512466431
                    ],
                    [
                        0.0,
                        0.0,
                        0.01924316957592964
                    ],
                    [
                        0.0,
                        0.0,
                        0.01924316957592964
                    ],
                    [
                        0.0,
                        0.0,
                        0.015040154568850994
                    ],
                    [
                        0.0,
                        0.0,
                        0.015040154568850994
                    ],
                    [
                        0.0,
                        0.0,
                        0.01983771286904812
                    ],
                    [
                        0.0,
                        0.0,
                        0.018537156283855438
                    ],
                    [
                        0.0,
                        0.0,
                        0.015998275950551033
                    ],
                    [
                        0.0,
                        0.0,
                        0.01983771286904812
                    ],
                    [
                        0.0,
                        0.0,
                        0.018537156283855438
                    ],
                    [
                        0.0,
                        0.0,
                        0.015998275950551033
                    ]
                ]
            ]
        }
    ]
}