{
    "people": [
        {
            "person_id": [
                1
            ],
            "pose_keypoints_2d": [
                [
                    [
                        438.3896484375,
                        126.2802734375,
                        0.9237066507339478
                    ],
                    [
                        419.6884765625,
                        165.552734375,
                        0.9497101306915283
                    ],
                    [
                        449.6103515625,
                        159.9423828125,
                        0.9692944288253784
                    ],
                    [
                        505.7138671875,
                        178.6435546875,
                        0.9501152038574219
                    ],
                    [
                        490.7529296875,
                        163.6826171875,
                        0.805454671382904
                    ],
                    [
                        389.7666015625,
                        171.1630859375,
                        0.9301257729530334
                    ],
                    [
                        386.0263671875,
                        223.5263671875,
                        0.9877709150314331
                    ],
                    [
                        415.9482421875,
                        208.5654296875,
                        0.7062537670135498
                    ],
                    [
                        432.779296875,
                        274.01953125,
                        0.8790270090103149
                    ],
                    [
                        453.3505859375,
                        272.1494140625,
                        0.8712636232376099
                    ],
                    [
                        464.5712890625,
                        343.2138671875,
                        0.9303109049797058
                    ],
                    [
                        475.7919921875,
                        403.0576171875,
                        0.9156521558761597
                    ],
                    [
                        412.2080078125,
                        275.8896484375,
                        0.8867904543876648
                    ],
                    [
                        408.4677734375,
                        350.6943359375,
                        0.8669099807739258
                    ],
                    [
                        400.9873046875,
                        429.2392578125,
                        0.8775739073753357
                    ],
                    [
                        434.6494140625,
                        122.5400390625,
                        0.9241816997528076
                    ],
                    [
                        434.6494140625,
                        118.7998046875,
                        0.8149539232254028
                    ],
                    [
                        430.9091796875,
                        122.5400390625,
                        1.0039706230163574
                    ],
                    [
                        400.9873046875,
                        130.0205078125,
                        0.889447808265686
                    ],
                    [
                        430.9091796875,
                        432.9794921875,
                        0.974271297454834
                    ],
                    [
                        423.4287109375,
                        429.2392578125,
                        0.8770654201507568
                    ],
                    [
                        393.5068359375,
                        436.7197265625,
                        0.8653616309165955
                    ],
                    [
                        483.2724609375,
                        399.3173828125,
                        0.8351382613182068
                    ],
                    [
                        487.0126953125,
                        403.0576171875,
                        0.8854639530181885
                    ],
                    [
                        472.0517578125,
                        414.2783203125,
                        0.9283664226531982
                    ]
                ]
            ]
        },
        {
            "person_id": [
                2
            ],
            "pose_keypoints_2d": [
                [
                    [
                        0.0,
                        0.0,
                        0.020545179024338722
                    ],
                    [
                        0.0,
                        0.0,
                        0.02961822971701622
                    ],
                    [
                        0.0,
                        0.0,
                        0.02961822971701622
                    ],
                    [
                        0.0,
                        0.0,
                        0.011905848048627377
                    ],
                    [
                        0.0,
                        0.0,
                        0.007338991388678551
                    ],
                    [
                        0.0,
                        0.0,
                        0.02961822971701622
                    ],
                    [
                        0.0,
                        0.0,
                        0.00895625725388527
                    ],
                    [
                        0.0,
                        0.0,
                        0.007475945632904768
                    ],
                    [
                        0.0,
                        0.0,
                        0.037155795842409134
                    ],
                    [
                        0.0,
                        0.0,
                        0.037155795842409134
                    ],
                    [
                        0.0,
                        0.0,
                        0.02508368343114853
                    ],
                    [
                        0.0,
                        0.0,
                        0.033558908849954605
                    ],
                    [
                        0.0,
                        0.0,
                        0.037155795842409134
                    ],
                    [
                        0.0,
                        0.0,
                        0.02508368343114853
                    ],
                    [
                        0.0,
                        0.0,
                        0.033558908849954605
                    ],
                    [
                        0.0,
                        0.0,
                        0.01924316957592964
                    ],
                    [
                        0.0,
                        0.0,
                        0.019243167713284492
                    ],
                    [
                        0.0,
                        0.0,
                        0.015040154568850994
                    ],
                    [
                        0.0,
                        0.0,
                        0.015040154568850994
                    ],
                    [
                        0.0,
                        0.0,
                        0.019837716594338417
                    ],
                    [
                        0.0,
                        0.0,
                        0.018537156283855438
                    ],
                    [
                        0.0,
                        0.0,
                        0.015998275950551033
                    ],
                    [
                        0.0,
                        0.0,
                        0.01983771286904812
                    ],
                    [
                        0.0,
                        0.0,
                        0.018537156283855438
                    ],
                    [
                        0.0,
                        0.0,
                        0.015998275950551033
                    ]
                ]
            ]
        }
    ]
}