{
    "people": [
        {
            "person_id": [
                1
            ],
            "pose_keypoints_2d": [
                [
                    [
                        452.6494140625,
                        123.90135192871094,
                        0.7411012649536133
                    ],
                    [
                        445.2470703125,
                        160.91307067871094,
                        0.9570512771606445
                    ],
                    [
                        474.8564453125,
                        153.51072692871094,
                        0.9447990655899048
                    ],
                    [
                        511.8681640625,
                        186.82127380371094,
                        1.0706377029418945
                    ],
                    [
                        489.6611328125,
                        172.01658630371094,
                        0.6865091323852539
                    ],
                    [
                        415.6376953125,
                        168.31541442871094,
                        0.9693034887313843
                    ],
                    [
                        400.8330078125,
                        220.13182067871094,
                        0.964554488658905
                    ],
                    [
                        415.6376953125,
                        209.02830505371094,
                        0.7840864658355713
                    ],
                    [
                        452.6494140625,
                        266.396484375,
                        0.853022575378418
                    ],
                    [
                        471.1552734375,
                        264.5458984375,
                        0.8417368531227112
                    ],
                    [
                        474.8564453125,
                        334.8681640625,
                        0.9241311550140381
                    ],
                    [
                        474.8564453125,
                        405.1904296875,
                        0.9461511373519897
                    ],
                    [
                        434.1435546875,
                        268.2470703125,
                        0.86430823802948
                    ],
                    [
                        426.7412109375,
                        338.5693359375,
                        0.9355850219726562
                    ],
                    [
                        408.2353515625,
                        416.2939453125,
                        0.9096386432647705
                    ],
                    [
                        452.6494140625,
                        120.20018005371094,
                        0.7672303915023804
                    ],
                    [
                        445.2470703125,
                        120.20018005371094,
                        0.6595504879951477
                    ],
                    [
                        452.6494140625,
                        120.20018005371094,
                        1.0135877132415771
                    ],
                    [
                        423.0400390625,
                        127.60252380371094,
                        0.949517011642456
                    ],
                    [
                        437.8447265625,
                        434.7998046875,
                        0.9123258590698242
                    ],
                    [
                        430.4423828125,
                        431.0986328125,
                        0.8130227327346802
                    ],
                    [
                        404.5341796875,
                        423.6962890625,
                        0.8741429448127747
                    ],
                    [
                        482.2587890625,
                        397.7880859375,
                        0.8339303731918335
                    ],
                    [
                        485.9599609375,
                        405.1904296875,
                        0.8737285137176514
                    ],
                    [
                        471.1552734375,
                        412.5927734375,
                        0.8881308436393738
                    ]
                ]
            ]
        },
        {
            "person_id": [
                2
            ],
            "pose_keypoints_2d": [
                [
                    [
                        0.0,
                        0.0,
                        0.020545179024338722
                    ],
                    [
                        0.0,
                        0.0,
                        0.02961822971701622
                    ],
                    [
                        0.0,
                        0.0,
                        0.02961822971701622
                    ],
                    [
                        0.0,
                        0.0,
                        0.011905848048627377
                    ],
                    [
                        0.0,
                        0.0,
                        0.007338991388678551
                    ],
                    [
                        0.0,
                        0.0,
                        0.02961822971701622
                    ],
                    [
                        0.0,
                        0.0,
                        0.00895625725388527
                    ],
                    [
                        0.0,
                        0.0,
                        0.007475945632904768
                    ],
                    [
                        0.0,
                        0.0,
                        0.037155795842409134
                    ],
                    [
                        0.0,
                        0.0,
                        0.037155795842409134
                    ],
                    [
                        0.0,
                        0.0,
                        0.02508368343114853
                    ],
                    [
                        0.0,
                        0.0,
                        0.033558908849954605
                    ],
                    [
                        0.0,
                        0.0,
                        0.037155795842409134
                    ],
                    [
                        0.0,
                        0.0,
                        0.02508368343114853
                    ],
                    [
                        0.0,
                        0.0,
                        0.033558908849954605
                    ],
                    [
                        0.0,
                        0.0,
                        0.01924316957592964
                    ],
                    [
                        0.0,
                        0.0,
                        0.019243167713284492
                    ],
                    [
                        0.0,
                        0.0,
                        0.015040154568850994
                    ],
                    [
                        0.0,
                        0.0,
                        0.015040154568850994
                    ],
                    [
                        0.0,
                        0.0,
                        0.019837716594338417
                    ],
                    [
                        0.0,
                        0.0,
                        0.018537156283855438
                    ],
                    [
                        0.0,
                        0.0,
                        0.015998275950551033
                    ],
                    [
                        0.0,
                        0.0,
                        0.019837716594338417
                    ],
                    [
                        0.0,
                        0.0,
                        0.018537156283855438
                    ],
                    [
                        0.0,
                        0.0,
                        0.015998275950551033
                    ]
                ]
            ]
        }
    ]
}