{
    "people": [
        {
            "person_id": [
                1
            ],
            "pose_keypoints_2d": [
                [
                    [
                        459.0126953125,
                        129.4384765625,
                        0.6841506958007812
                    ],
                    [
                        445.2236328125,
                        160.4638671875,
                        0.9403815269470215
                    ],
                    [
                        476.2490234375,
                        160.4638671875,
                        0.9450030326843262
                    ],
                    [
                        496.9326171875,
                        208.7255859375,
                        0.9787038564682007
                    ],
                    [
                        472.8017578125,
                        236.3037109375,
                        0.9324545860290527
                    ],
                    [
                        414.1982421875,
                        160.4638671875,
                        0.935759961605072
                    ],
                    [
                        400.4091796875,
                        212.1728515625,
                        0.9851334095001221
                    ],
                    [
                        393.5146484375,
                        256.9873046875,
                        0.8798434734344482
                    ],
                    [
                        445.2236328125,
                        260.4345703125,
                        0.8623917102813721
                    ],
                    [
                        462.4599609375,
                        260.4345703125,
                        0.859237551689148
                    ],
                    [
                        469.3544921875,
                        332.8271484375,
                        0.8916781544685364
                    ],
                    [
                        472.8017578125,
                        401.7724609375,
                        0.8791935443878174
                    ],
                    [
                        427.9873046875,
                        260.4345703125,
                        0.8655458092689514
                    ],
                    [
                        414.1982421875,
                        319.0380859375,
                        0.888957142829895
                    ],
                    [
                        403.8564453125,
                        374.1943359375,
                        0.9187246561050415
                    ],
                    [
                        459.0126953125,
                        125.9912109375,
                        0.7447836399078369
                    ],
                    [
                        452.1181640625,
                        125.9912109375,
                        0.6670845746994019
                    ],
                    [
                        459.0126953125,
                        125.9912109375,
                        0.9807442426681519
                    ],
                    [
                        431.4345703125,
                        129.4384765625,
                        0.9722814559936523
                    ],
                    [
                        407.3037109375,
                        370.7470703125,
                        0.6948796510696411
                    ],
                    [
                        396.9619140625,
                        370.7470703125,
                        0.7567505836486816
                    ],
                    [
                        400.4091796875,
                        381.0888671875,
                        0.9530525207519531
                    ],
                    [
                        486.5908203125,
                        398.3251953125,
                        0.8142015933990479
                    ],
                    [
                        490.0380859375,
                        401.7724609375,
                        0.8765937089920044
                    ],
                    [
                        472.8017578125,
                        412.1142578125,
                        0.9005650281906128
                    ]
                ]
            ]
        },
        {
            "person_id": [
                2
            ],
            "pose_keypoints_2d": [
                [
                    [
                        0.0,
                        0.0,
                        0.020545179024338722
                    ],
                    [
                        0.0,
                        0.0,
                        0.02961822971701622
                    ],
                    [
                        0.0,
                        0.0,
                        0.02961822971701622
                    ],
                    [
                        0.0,
                        0.0,
                        0.011905848048627377
                    ],
                    [
                        0.0,
                        0.0,
                        0.007338991388678551
                    ],
                    [
                        0.0,
                        0.0,
                        0.02961822971701622
                    ],
                    [
                        0.0,
                        0.0,
                        0.00895625725388527
                    ],
                    [
                        0.0,
                        0.0,
                        0.007475945632904768
                    ],
                    [
                        0.0,
                        0.0,
                        0.037155795842409134
                    ],
                    [
                        0.0,
                        0.0,
                        0.037155795842409134
                    ],
                    [
                        0.0,
                        0.0,
                        0.025083687156438828
                    ],
                    [
                        0.0,
                        0.0,
                        0.033558908849954605
                    ],
                    [
                        0.0,
                        0.0,
                        0.037155795842409134
                    ],
                    [
                        0.0,
                        0.0,
                        0.02508368343114853
                    ],
                    [
                        0.0,
                        0.0,
                        0.033558908849954605
                    ],
                    [
                        0.0,
                        0.0,
                        0.01924316957592964
                    ],
                    [
                        0.0,
                        0.0,
                        0.01924316957592964
                    ],
                    [
                        0.0,
                        0.0,
                        0.015040154568850994
                    ],
                    [
                        0.0,
                        0.0,
                        0.015040154568850994
                    ],
                    [
                        0.0,
                        0.0,
                        0.01983770914375782
                    ],
                    [
                        0.0,
                        0.0,
                        0.018537156283855438
                    ],
                    [
                        0.0,
                        0.0,
                        0.015998275950551033
                    ],
                    [
                        0.0,
                        0.0,
                        0.01983771286904812
                    ],
                    [
                        0.0,
                        0.0,
                        0.018537156283855438
                    ],
                    [
                        0.0,
                        0.0,
                        0.015998275950551033
                    ]
                ]
            ]
        }
    ]
}