{
    "people": [
        {
            "person_id": [
                1
            ],
            "pose_keypoints_2d": [
                [
                    [
                        445.8603515625,
                        125.09083557128906,
                        0.878358781337738
                    ],
                    [
                        432.837890625,
                        160.43751525878906,
                        0.9390832185745239
                    ],
                    [
                        460.7431640625,
                        151.13575744628906,
                        0.9105926156044006
                    ],
                    [
                        486.7880859375,
                        147.41505432128906,
                        0.9591540098190308
                    ],
                    [
                        494.2294921875,
                        136.25294494628906,
                        0.9093005657196045
                    ],
                    [
                        404.9326171875,
                        169.73927307128906,
                        0.967573881149292
                    ],
                    [
                        393.7705078125,
                        221.82911682128906,
                        0.9450461864471436
                    ],
                    [
                        419.8154296875,
                        203.22560119628906,
                        0.7598460912704468
                    ],
                    [
                        447.720703125,
                        268.337890625,
                        0.8761705160140991
                    ],
                    [
                        468.1845703125,
                        266.4775390625,
                        0.8551554083824158
                    ],
                    [
                        471.9052734375,
                        337.1708984375,
                        0.9151049256324768
                    ],
                    [
                        475.6259765625,
                        404.1435546875,
                        0.9313639402389526
                    ],
                    [
                        427.2568359375,
                        270.1982421875,
                        0.8971856832504272
                    ],
                    [
                        423.5361328125,
                        340.8916015625,
                        0.9353973865509033
                    ],
                    [
                        404.9326171875,
                        422.7470703125,
                        0.9013486504554749
                    ],
                    [
                        445.8603515625,
                        117.64942932128906,
                        0.8967959880828857
                    ],
                    [
                        442.1396484375,
                        121.37013244628906,
                        0.7574841976165771
                    ],
                    [
                        442.1396484375,
                        121.37013244628906,
                        0.993752121925354
                    ],
                    [
                        416.0947265625,
                        128.81153869628906,
                        0.8686844706535339
                    ],
                    [
                        434.6982421875,
                        433.9091796875,
                        0.9532685875892639
                    ],
                    [
                        427.2568359375,
                        430.1884765625,
                        0.8796636462211609
                    ],
                    [
                        401.2119140625,
                        430.1884765625,
                        0.8541883826255798
                    ],
                    [
                        486.7880859375,
                        396.7021484375,
                        0.8140126466751099
                    ],
                    [
                        490.5087890625,
                        404.1435546875,
                        0.86700439453125
                    ],
                    [
                        475.6259765625,
                        411.5849609375,
                        0.9454504251480103
                    ]
                ]
            ]
        },
        {
            "person_id": [
                2
            ],
            "pose_keypoints_2d": [
                [
                    [
                        0.0,
                        0.0,
                        0.020545179024338722
                    ],
                    [
                        0.0,
                        0.0,
                        0.02961822971701622
                    ],
                    [
                        0.0,
                        0.0,
                        0.02961822971701622
                    ],
                    [
                        0.0,
                        0.0,
                        0.011905848048627377
                    ],
                    [
                        0.0,
                        0.0,
                        0.007338991388678551
                    ],
                    [
                        0.0,
                        0.0,
                        0.02961822971701622
                    ],
                    [
                        0.0,
                        0.0,
                        0.00895625725388527
                    ],
                    [
                        0.0,
                        0.0,
                        0.007475945632904768
                    ],
                    [
                        0.0,
                        0.0,
                        0.037155795842409134
                    ],
                    [
                        0.0,
                        0.0,
                        0.037155795842409134
                    ],
                    [
                        0.0,
                        0.0,
                        0.02508368343114853
                    ],
                    [
                        0.0,
                        0.0,
                        0.033558908849954605
                    ],
                    [
                        0.0,
                        0.0,
                        0.037155795842409134
                    ],
                    [
                        0.0,
                        0.0,
                        0.025083687156438828
                    ],
                    [
                        0.0,
                        0.0,
                        0.033558908849954605
                    ],
                    [
                        0.0,
                        0.0,
                        0.01924316957592964
                    ],
                    [
                        0.0,
                        0.0,
                        0.01924316957592964
                    ],
                    [
                        0.0,
                        0.0,
                        0.015040154568850994
                    ],
                    [
                        0.0,
                        0.0,
                        0.015040154568850994
                    ],
                    [
                        0.0,
                        0.0,
                        0.019837716594338417
                    ],
                    [
                        0.0,
                        0.0,
                        0.018537156283855438
                    ],
                    [
                        0.0,
                        0.0,
                        0.015998275950551033
                    ],
                    [
                        0.0,
                        0.0,
                        0.01983771286904812
                    ],
                    [
                        0.0,
                        0.0,
                        0.018537156283855438
                    ],
                    [
                        0.0,
                        0.0,
                        0.015998275950551033
                    ]
                ]
            ]
        }
    ]
}