{
    "people": [
        {
            "person_id": [
                1
            ],
            "pose_keypoints_2d": [
                [
                    [
                        439.1103515625,
                        126.2802734375,
                        0.9569661021232605
                    ],
                    [
                        411.05859375,
                        167.4228515625,
                        0.9204514622688293
                    ],
                    [
                        435.3701171875,
                        163.6826171875,
                        0.8767740726470947
                    ],
                    [
                        442.8505859375,
                        208.5654296875,
                        0.9039113521575928
                    ],
                    [
                        465.2919921875,
                        201.0849609375,
                        0.898268461227417
                    ],
                    [
                        386.7470703125,
                        171.1630859375,
                        0.964128851890564
                    ],
                    [
                        375.5263671875,
                        223.5263671875,
                        0.9944257736206055
                    ],
                    [
                        409.1884765625,
                        216.0458984375,
                        0.7389185428619385
                    ],
                    [
                        424.1494140625,
                        274.01953125,
                        0.8795666098594666
                    ],
                    [
                        442.8505859375,
                        272.1494140625,
                        0.875239372253418
                    ],
                    [
                        457.8115234375,
                        339.4736328125,
                        0.9421894550323486
                    ],
                    [
                        472.7724609375,
                        406.7978515625,
                        0.8756334781646729
                    ],
                    [
                        405.4482421875,
                        275.8896484375,
                        0.8838938474655151
                    ],
                    [
                        405.4482421875,
                        350.6943359375,
                        0.8936585187911987
                    ],
                    [
                        397.9677734375,
                        429.2392578125,
                        0.8921631574630737
                    ],
                    [
                        435.3701171875,
                        122.5400390625,
                        0.9475530982017517
                    ],
                    [
                        435.3701171875,
                        122.5400390625,
                        0.8499702215194702
                    ],
                    [
                        427.8896484375,
                        126.2802734375,
                        1.0244183540344238
                    ],
                    [
                        405.4482421875,
                        130.0205078125,
                        0.7678655385971069
                    ],
                    [
                        431.6298828125,
                        432.9794921875,
                        0.961825430393219
                    ],
                    [
                        424.1494140625,
                        432.9794921875,
                        0.8896733522415161
                    ],
                    [
                        394.2275390625,
                        440.4599609375,
                        0.8620641231536865
                    ],
                    [
                        483.9931640625,
                        399.3173828125,
                        0.7672222852706909
                    ],
                    [
                        487.7333984375,
                        403.0576171875,
                        0.8800169825553894
                    ],
                    [
                        472.7724609375,
                        414.2783203125,
                        0.8807220458984375
                    ]
                ]
            ]
        },
        {
            "person_id": [
                2
            ],
            "pose_keypoints_2d": [
                [
                    [
                        0.0,
                        0.0,
                        0.020545179024338722
                    ],
                    [
                        0.0,
                        0.0,
                        0.02961822971701622
                    ],
                    [
                        0.0,
                        0.0,
                        0.02961822971701622
                    ],
                    [
                        0.0,
                        0.0,
                        0.011905848048627377
                    ],
                    [
                        0.0,
                        0.0,
                        0.007338991388678551
                    ],
                    [
                        0.0,
                        0.0,
                        0.02961822971701622
                    ],
                    [
                        0.0,
                        0.0,
                        0.008956258185207844
                    ],
                    [
                        0.0,
                        0.0,
                        0.007475945632904768
                    ],
                    [
                        0.0,
                        0.0,
                        0.037155795842409134
                    ],
                    [
                        0.0,
                        0.0,
                        0.037155795842409134
                    ],
                    [
                        0.0,
                        0.0,
                        0.02508368343114853
                    ],
                    [
                        0.0,
                        0.0,
                        0.03355890512466431
                    ],
                    [
                        0.0,
                        0.0,
                        0.037155795842409134
                    ],
                    [
                        0.0,
                        0.0,
                        0.025083687156438828
                    ],
                    [
                        0.0,
                        0.0,
                        0.033558908849954605
                    ],
                    [
                        0.0,
                        0.0,
                        0.01924316957592964
                    ],
                    [
                        0.0,
                        0.0,
                        0.01924316957592964
                    ],
                    [
                        0.0,
                        0.0,
                        0.015040154568850994
                    ],
                    [
                        0.0,
                        0.0,
                        0.015040154568850994
                    ],
                    [
                        0.0,
                        0.0,
                        0.01983771286904812
                    ],
                    [
                        0.0,
                        0.0,
                        0.018537156283855438
                    ],
                    [
                        0.0,
                        0.0,
                        0.015998275950551033
                    ],
                    [
                        0.0,
                        0.0,
                        0.01983771286904812
                    ],
                    [
                        0.0,
                        0.0,
                        0.018537156283855438
                    ],
                    [
                        0.0,
                        0.0,
                        0.015998275950551033
                    ]
                ]
            ]
        }
    ]
}