{
    "people": [
        {
            "person_id": [
                1
            ],
            "pose_keypoints_2d": [
                [
                    [
                        441.703125,
                        134.82814025878906,
                        0.8818838000297546
                    ],
                    [
                        422.015625,
                        161.07814025878906,
                        0.9391005039215088
                    ],
                    [
                        451.546875,
                        157.79689025878906,
                        0.9369404315948486
                    ],
                    [
                        474.515625,
                        197.17189025878906,
                        0.9529720544815063
                    ],
                    [
                        494.203125,
                        233.26564025878906,
                        0.8761975169181824
                    ],
                    [
                        392.484375,
                        164.35939025878906,
                        0.941260576248169
                    ],
                    [
                        376.078125,
                        210.29689025878906,
                        0.9617899656295776
                    ],
                    [
                        369.515625,
                        256.234375,
                        0.8989394903182983
                    ],
                    [
                        426.9375,
                        256.234375,
                        0.8563909530639648
                    ],
                    [
                        444.984375,
                        256.234375,
                        0.8537046909332275
                    ],
                    [
                        454.828125,
                        321.859375,
                        0.9278324842453003
                    ],
                    [
                        467.953125,
                        390.765625,
                        0.9205011129379272
                    ],
                    [
                        408.890625,
                        256.234375,
                        0.8590772747993469
                    ],
                    [
                        402.328125,
                        312.015625,
                        0.9074193239212036
                    ],
                    [
                        399.046875,
                        371.078125,
                        0.9344658851623535
                    ],
                    [
                        441.703125,
                        131.54689025878906,
                        0.8725999593734741
                    ],
                    [
                        438.421875,
                        131.54689025878906,
                        0.7408685684204102
                    ],
                    [
                        435.140625,
                        128.26564025878906,
                        0.9907544851303101
                    ],
                    [
                        412.171875,
                        131.54689025878906,
                        0.8792201280593872
                    ],
                    [
                        408.890625,
                        367.796875,
                        0.8313854932785034
                    ],
                    [
                        399.046875,
                        371.078125,
                        0.79606032371521
                    ],
                    [
                        395.765625,
                        377.640625,
                        0.8939131498336792
                    ],
                    [
                        481.078125,
                        397.328125,
                        0.749330461025238
                    ],
                    [
                        481.078125,
                        400.609375,
                        0.8811661005020142
                    ],
                    [
                        467.953125,
                        397.328125,
                        0.866047739982605
                    ]
                ]
            ]
        },
        {
            "person_id": [
                2
            ],
            "pose_keypoints_2d": [
                [
                    [
                        0.0,
                        0.0,
                        0.020545179024338722
                    ],
                    [
                        0.0,
                        0.0,
                        0.02961822971701622
                    ],
                    [
                        0.0,
                        0.0,
                        0.02961822971701622
                    ],
                    [
                        0.0,
                        0.0,
                        0.011905848048627377
                    ],
                    [
                        0.0,
                        0.0,
                        0.007338991388678551
                    ],
                    [
                        0.0,
                        0.0,
                        0.02961822971701622
                    ],
                    [
                        0.0,
                        0.0,
                        0.008956258185207844
                    ],
                    [
                        0.0,
                        0.0,
                        0.007475945632904768
                    ],
                    [
                        0.0,
                        0.0,
                        0.037155795842409134
                    ],
                    [
                        0.0,
                        0.0,
                        0.037155795842409134
                    ],
                    [
                        0.0,
                        0.0,
                        0.025083687156438828
                    ],
                    [
                        0.0,
                        0.0,
                        0.03355890512466431
                    ],
                    [
                        0.0,
                        0.0,
                        0.037155795842409134
                    ],
                    [
                        0.0,
                        0.0,
                        0.02508368343114853
                    ],
                    [
                        0.0,
                        0.0,
                        0.033558908849954605
                    ],
                    [
                        0.0,
                        0.0,
                        0.01924316957592964
                    ],
                    [
                        0.0,
                        0.0,
                        0.01924316957592964
                    ],
                    [
                        0.0,
                        0.0,
                        0.015040154568850994
                    ],
                    [
                        0.0,
                        0.0,
                        0.015040154568850994
                    ],
                    [
                        0.0,
                        0.0,
                        0.01983770914375782
                    ],
                    [
                        0.0,
                        0.0,
                        0.018537156283855438
                    ],
                    [
                        0.0,
                        0.0,
                        0.015998275950551033
                    ],
                    [
                        0.0,
                        0.0,
                        0.01983771286904812
                    ],
                    [
                        0.0,
                        0.0,
                        0.018537156283855438
                    ],
                    [
                        0.0,
                        0.0,
                        0.015998275950551033
                    ]
                ]
            ]
        }
    ]
}