{
    "people": [
        {
            "person_id": [
                1
            ],
            "pose_keypoints_2d": [
                [
                    [
                        432.775390625,
                        125.88087463378906,
                        0.8735854625701904
                    ],
                    [
                        413.673828125,
                        154.53321838378906,
                        0.93662029504776
                    ],
                    [
                        442.326171875,
                        151.34962463378906,
                        0.9288583993911743
                    ],
                    [
                        464.611328125,
                        195.91993713378906,
                        0.9818949103355408
                    ],
                    [
                        486.896484375,
                        234.12306213378906,
                        0.8951624631881714
                    ],
                    [
                        385.021484375,
                        157.71681213378906,
                        0.9443821907043457
                    ],
                    [
                        369.103515625,
                        202.28712463378906,
                        0.9616178274154663
                    ],
                    [
                        362.736328125,
                        243.67384338378906,
                        0.9384821653366089
                    ],
                    [
                        421.6328125,
                        250.04103088378906,
                        0.8638957738876343
                    ],
                    [
                        439.142578125,
                        250.04103088378906,
                        0.8684404492378235
                    ],
                    [
                        448.693359375,
                        310.529296875,
                        0.9526132941246033
                    ],
                    [
                        455.060546875,
                        371.017578125,
                        0.9701844453811646
                    ],
                    [
                        404.123046875,
                        250.04103088378906,
                        0.8593511581420898
                    ],
                    [
                        397.755859375,
                        310.529296875,
                        0.9029659032821655
                    ],
                    [
                        397.755859375,
                        367.833984375,
                        0.9149264097213745
                    ],
                    [
                        432.775390625,
                        122.69728088378906,
                        0.8946605324745178
                    ],
                    [
                        432.775390625,
                        125.88087463378906,
                        0.7643929719924927
                    ],
                    [
                        429.591796875,
                        122.69728088378906,
                        0.9931946396827698
                    ],
                    [
                        407.306640625,
                        125.88087463378906,
                        0.8974149227142334
                    ],
                    [
                        407.306640625,
                        367.833984375,
                        0.8107750415802002
                    ],
                    [
                        397.755859375,
                        371.017578125,
                        0.8104366660118103
                    ],
                    [
                        397.755859375,
                        377.384765625,
                        0.9022217988967896
                    ],
                    [
                        464.611328125,
                        390.119140625,
                        0.7908624410629272
                    ],
                    [
                        467.794921875,
                        386.935546875,
                        0.8948502540588379
                    ],
                    [
                        451.876953125,
                        377.384765625,
                        0.8938376903533936
                    ]
                ]
            ]
        },
        {
            "person_id": [
                2
            ],
            "pose_keypoints_2d": [
                [
                    [
                        0.0,
                        0.0,
                        0.020545179024338722
                    ],
                    [
                        0.0,
                        0.0,
                        0.02961822971701622
                    ],
                    [
                        0.0,
                        0.0,
                        0.02961822971701622
                    ],
                    [
                        0.0,
                        0.0,
                        0.011905848048627377
                    ],
                    [
                        0.0,
                        0.0,
                        0.007338991388678551
                    ],
                    [
                        0.0,
                        0.0,
                        0.02961822971701622
                    ],
                    [
                        0.0,
                        0.0,
                        0.00895625725388527
                    ],
                    [
                        0.0,
                        0.0,
                        0.007475945632904768
                    ],
                    [
                        0.0,
                        0.0,
                        0.037155795842409134
                    ],
                    [
                        0.0,
                        0.0,
                        0.037155795842409134
                    ],
                    [
                        0.0,
                        0.0,
                        0.025083687156438828
                    ],
                    [
                        0.0,
                        0.0,
                        0.033558908849954605
                    ],
                    [
                        0.0,
                        0.0,
                        0.037155795842409134
                    ],
                    [
                        0.0,
                        0.0,
                        0.02508368343114853
                    ],
                    [
                        0.0,
                        0.0,
                        0.033558908849954605
                    ],
                    [
                        0.0,
                        0.0,
                        0.01924316957592964
                    ],
                    [
                        0.0,
                        0.0,
                        0.01924316957592964
                    ],
                    [
                        0.0,
                        0.0,
                        0.015040154568850994
                    ],
                    [
                        0.0,
                        0.0,
                        0.015040154568850994
                    ],
                    [
                        0.0,
                        0.0,
                        0.01983770914375782
                    ],
                    [
                        0.0,
                        0.0,
                        0.018537156283855438
                    ],
                    [
                        0.0,
                        0.0,
                        0.015998275950551033
                    ],
                    [
                        0.0,
                        0.0,
                        0.01983771286904812
                    ],
                    [
                        0.0,
                        0.0,
                        0.018537156283855438
                    ],
                    [
                        0.0,
                        0.0,
                        0.015998275950551033
                    ]
                ]
            ]
        }
    ]
}