{
    "people": [
        {
            "person_id": [
                1
            ],
            "pose_keypoints_2d": [
                [
                    [
                        434.865234375,
                        124.455078125,
                        0.9658730030059814
                    ],
                    [
                        412.482421875,
                        165.490234375,
                        0.959190845489502
                    ],
                    [
                        438.595703125,
                        161.759765625,
                        0.9464802145957947
                    ],
                    [
                        464.708984375,
                        202.794921875,
                        0.993878185749054
                    ],
                    [
                        475.900390625,
                        187.873046875,
                        0.8751917481422424
                    ],
                    [
                        386.369140625,
                        169.220703125,
                        0.9719014167785645
                    ],
                    [
                        382.638671875,
                        225.177734375,
                        0.9949160218238831
                    ],
                    [
                        412.482421875,
                        210.255859375,
                        0.7274503707885742
                    ],
                    [
                        425.5390625,
                        275.5390625,
                        0.8625615835189819
                    ],
                    [
                        446.056640625,
                        273.673828125,
                        0.866042971611023
                    ],
                    [
                        460.978515625,
                        340.822265625,
                        0.9235198497772217
                    ],
                    [
                        475.900390625,
                        404.240234375,
                        0.8967511653900146
                    ],
                    [
                        405.021484375,
                        277.404296875,
                        0.8590801954269409
                    ],
                    [
                        405.021484375,
                        352.013671875,
                        0.8829243779182434
                    ],
                    [
                        397.560546875,
                        430.353515625,
                        0.8701974153518677
                    ],
                    [
                        434.865234375,
                        120.724609375,
                        0.9627673625946045
                    ],
                    [
                        434.865234375,
                        120.724609375,
                        0.860000491142273
                    ],
                    [
                        427.404296875,
                        124.455078125,
                        1.000275731086731
                    ],
                    [
                        405.021484375,
                        128.185546875,
                        0.7801125645637512
                    ],
                    [
                        431.134765625,
                        434.083984375,
                        0.9548850059509277
                    ],
                    [
                        423.673828125,
                        430.353515625,
                        0.8670733571052551
                    ],
                    [
                        393.830078125,
                        437.814453125,
                        0.8607860803604126
                    ],
                    [
                        483.361328125,
                        396.779296875,
                        0.7611153721809387
                    ],
                    [
                        487.091796875,
                        400.509765625,
                        0.8752424716949463
                    ],
                    [
                        475.900390625,
                        411.701171875,
                        0.8982294797897339
                    ]
                ]
            ]
        },
        {
            "person_id": [
                2
            ],
            "pose_keypoints_2d": [
                [
                    [
                        0.0,
                        0.0,
                        0.020545179024338722
                    ],
                    [
                        0.0,
                        0.0,
                        0.02961822971701622
                    ],
                    [
                        0.0,
                        0.0,
                        0.02961822971701622
                    ],
                    [
                        0.0,
                        0.0,
                        0.011905848048627377
                    ],
                    [
                        0.0,
                        0.0,
                        0.007338991388678551
                    ],
                    [
                        0.0,
                        0.0,
                        0.02961822971701622
                    ],
                    [
                        0.0,
                        0.0,
                        0.00895625725388527
                    ],
                    [
                        0.0,
                        0.0,
                        0.007475945632904768
                    ],
                    [
                        0.0,
                        0.0,
                        0.037155795842409134
                    ],
                    [
                        0.0,
                        0.0,
                        0.037155795842409134
                    ],
                    [
                        0.0,
                        0.0,
                        0.025083687156438828
                    ],
                    [
                        0.0,
                        0.0,
                        0.033558908849954605
                    ],
                    [
                        0.0,
                        0.0,
                        0.037155795842409134
                    ],
                    [
                        0.0,
                        0.0,
                        0.025083687156438828
                    ],
                    [
                        0.0,
                        0.0,
                        0.03355890512466431
                    ],
                    [
                        0.0,
                        0.0,
                        0.01924316957592964
                    ],
                    [
                        0.0,
                        0.0,
                        0.01924316957592964
                    ],
                    [
                        0.0,
                        0.0,
                        0.015040154568850994
                    ],
                    [
                        0.0,
                        0.0,
                        0.015040154568850994
                    ],
                    [
                        0.0,
                        0.0,
                        0.01983771286904812
                    ],
                    [
                        0.0,
                        0.0,
                        0.018537156283855438
                    ],
                    [
                        0.0,
                        0.0,
                        0.015998275950551033
                    ],
                    [
                        0.0,
                        0.0,
                        0.01983770914375782
                    ],
                    [
                        0.0,
                        0.0,
                        0.018537156283855438
                    ],
                    [
                        0.0,
                        0.0,
                        0.015998275950551033
                    ]
                ]
            ]
        }
    ]
}