{
    "people": [
        {
            "person_id": [
                1
            ],
            "pose_keypoints_2d": [
                [
                    [
                        431.3349609375,
                        126.1240234375,
                        0.9228255748748779
                    ],
                    [
                        409.6650390625,
                        152.4375,
                        0.9223762154579163
                    ],
                    [
                        437.5263671875,
                        150.8896484375,
                        0.9062705039978027
                    ],
                    [
                        456.1005859375,
                        191.1337890625,
                        0.9694162607192993
                    ],
                    [
                        474.6748046875,
                        234.4736328125,
                        0.9056746959686279
                    ],
                    [
                        381.8037109375,
                        153.9853515625,
                        0.9384819269180298
                    ],
                    [
                        363.2294921875,
                        200.4208984375,
                        0.9725350141525269
                    ],
                    [
                        363.2294921875,
                        237.5693359375,
                        0.9228489398956299
                    ],
                    [
                        417.404296875,
                        245.30859375,
                        0.8794679045677185
                    ],
                    [
                        434.4306640625,
                        243.7607421875,
                        0.8775055408477783
                    ],
                    [
                        443.7177734375,
                        302.5791015625,
                        0.9433037042617798
                    ],
                    [
                        437.5263671875,
                        364.4931640625,
                        0.9512314796447754
                    ],
                    [
                        400.3779296875,
                        246.8564453125,
                        0.8814302682876587
                    ],
                    [
                        397.2822265625,
                        305.6748046875,
                        0.9153711795806885
                    ],
                    [
                        397.2822265625,
                        367.5888671875,
                        0.9161854982376099
                    ],
                    [
                        431.3349609375,
                        123.0283203125,
                        0.9258787631988525
                    ],
                    [
                        431.3349609375,
                        123.0283203125,
                        0.854483962059021
                    ],
                    [
                        425.1435546875,
                        123.0283203125,
                        0.9814046621322632
                    ],
                    [
                        406.5693359375,
                        123.0283203125,
                        0.8329178690910339
                    ],
                    [
                        409.6650390625,
                        367.5888671875,
                        0.8385491371154785
                    ],
                    [
                        400.3779296875,
                        370.6845703125,
                        0.7695391178131104
                    ],
                    [
                        397.2822265625,
                        376.8759765625,
                        0.8649382591247559
                    ],
                    [
                        446.8134765625,
                        373.7802734375,
                        0.7772141098976135
                    ],
                    [
                        449.9091796875,
                        373.7802734375,
                        0.884614109992981
                    ],
                    [
                        437.5263671875,
                        370.6845703125,
                        0.8559070229530334
                    ]
                ]
            ]
        },
        {
            "person_id": [
                2
            ],
            "pose_keypoints_2d": [
                [
                    [
                        0.0,
                        0.0,
                        0.020545179024338722
                    ],
                    [
                        0.0,
                        0.0,
                        0.02961822971701622
                    ],
                    [
                        0.0,
                        0.0,
                        0.02961822971701622
                    ],
                    [
                        0.0,
                        0.0,
                        0.011905848048627377
                    ],
                    [
                        0.0,
                        0.0,
                        0.007338991388678551
                    ],
                    [
                        0.0,
                        0.0,
                        0.02961822971701622
                    ],
                    [
                        0.0,
                        0.0,
                        0.00895625725388527
                    ],
                    [
                        0.0,
                        0.0,
                        0.007475945632904768
                    ],
                    [
                        0.0,
                        0.0,
                        0.037155795842409134
                    ],
                    [
                        0.0,
                        0.0,
                        0.037155795842409134
                    ],
                    [
                        0.0,
                        0.0,
                        0.02508368343114853
                    ],
                    [
                        0.0,
                        0.0,
                        0.033558908849954605
                    ],
                    [
                        0.0,
                        0.0,
                        0.037155795842409134
                    ],
                    [
                        0.0,
                        0.0,
                        0.025083687156438828
                    ],
                    [
                        0.0,
                        0.0,
                        0.03355890512466431
                    ],
                    [
                        0.0,
                        0.0,
                        0.01924316957592964
                    ],
                    [
                        0.0,
                        0.0,
                        0.01924316957592964
                    ],
                    [
                        0.0,
                        0.0,
                        0.015040154568850994
                    ],
                    [
                        0.0,
                        0.0,
                        0.015040154568850994
                    ],
                    [
                        0.0,
                        0.0,
                        0.019837716594338417
                    ],
                    [
                        0.0,
                        0.0,
                        0.018537156283855438
                    ],
                    [
                        0.0,
                        0.0,
                        0.015998275950551033
                    ],
                    [
                        0.0,
                        0.0,
                        0.01983771286904812
                    ],
                    [
                        0.0,
                        0.0,
                        0.018537156283855438
                    ],
                    [
                        0.0,
                        0.0,
                        0.015998275950551033
                    ]
                ]
            ]
        }
    ]
}