{
    "people": [
        {
            "person_id": [
                1
            ],
            "pose_keypoints_2d": [
                [
                    [
                        452.3603515625,
                        124.09083557128906,
                        0.7696536779403687
                    ],
                    [
                        443.05859375,
                        161.29786682128906,
                        0.9664320349693298
                    ],
                    [
                        470.9638671875,
                        153.85646057128906,
                        0.9589900970458984
                    ],
                    [
                        511.8916015625,
                        176.18067932128906,
                        1.0589561462402344
                    ],
                    [
                        489.5673828125,
                        161.29786682128906,
                        0.5958971977233887
                    ],
                    [
                        415.1533203125,
                        168.73927307128906,
                        0.9738739728927612
                    ],
                    [
                        396.5498046875,
                        224.54981994628906,
                        1.020768165588379
                    ],
                    [
                        418.8740234375,
                        202.22560119628906,
                        0.7310985326766968
                    ],
                    [
                        454.220703125,
                        267.337890625,
                        0.8581645488739014
                    ],
                    [
                        474.6845703125,
                        265.4775390625,
                        0.8447842597961426
                    ],
                    [
                        474.6845703125,
                        336.1708984375,
                        0.902320146560669
                    ],
                    [
                        474.6845703125,
                        403.1435546875,
                        0.9402517676353455
                    ],
                    [
                        433.7568359375,
                        269.1982421875,
                        0.8715448379516602
                    ],
                    [
                        422.5947265625,
                        339.8916015625,
                        0.9153604507446289
                    ],
                    [
                        407.7119140625,
                        421.7470703125,
                        0.8871625065803528
                    ],
                    [
                        448.6396484375,
                        120.37013244628906,
                        0.7864605188369751
                    ],
                    [
                        444.9189453125,
                        120.37013244628906,
                        0.6731238961219788
                    ],
                    [
                        448.6396484375,
                        120.37013244628906,
                        1.0196945667266846
                    ],
                    [
                        422.5947265625,
                        127.81153869628906,
                        0.9632806181907654
                    ],
                    [
                        433.7568359375,
                        432.9091796875,
                        0.9348829984664917
                    ],
                    [
                        430.0361328125,
                        429.1884765625,
                        0.8429841995239258
                    ],
                    [
                        403.9912109375,
                        429.1884765625,
                        0.8542866706848145
                    ],
                    [
                        485.8466796875,
                        395.7021484375,
                        0.8605270385742188
                    ],
                    [
                        489.5673828125,
                        403.1435546875,
                        0.8893234133720398
                    ],
                    [
                        474.6845703125,
                        414.3056640625,
                        0.923032283782959
                    ]
                ]
            ]
        },
        {
            "person_id": [
                2
            ],
            "pose_keypoints_2d": [
                [
                    [
                        0.0,
                        0.0,
                        0.020545179024338722
                    ],
                    [
                        0.0,
                        0.0,
                        0.02961822971701622
                    ],
                    [
                        0.0,
                        0.0,
                        0.02961822971701622
                    ],
                    [
                        0.0,
                        0.0,
                        0.011905848048627377
                    ],
                    [
                        0.0,
                        0.0,
                        0.007338991388678551
                    ],
                    [
                        0.0,
                        0.0,
                        0.02961822971701622
                    ],
                    [
                        0.0,
                        0.0,
                        0.008956258185207844
                    ],
                    [
                        0.0,
                        0.0,
                        0.007475945632904768
                    ],
                    [
                        0.0,
                        0.0,
                        0.037155795842409134
                    ],
                    [
                        0.0,
                        0.0,
                        0.037155795842409134
                    ],
                    [
                        0.0,
                        0.0,
                        0.02508368343114853
                    ],
                    [
                        0.0,
                        0.0,
                        0.033558908849954605
                    ],
                    [
                        0.0,
                        0.0,
                        0.037155795842409134
                    ],
                    [
                        0.0,
                        0.0,
                        0.02508368343114853
                    ],
                    [
                        0.0,
                        0.0,
                        0.033558908849954605
                    ],
                    [
                        0.0,
                        0.0,
                        0.019243167713284492
                    ],
                    [
                        0.0,
                        0.0,
                        0.019243167713284492
                    ],
                    [
                        0.0,
                        0.0,
                        0.015040154568850994
                    ],
                    [
                        0.0,
                        0.0,
                        0.015040154568850994
                    ],
                    [
                        0.0,
                        0.0,
                        0.01983771286904812
                    ],
                    [
                        0.0,
                        0.0,
                        0.018537156283855438
                    ],
                    [
                        0.0,
                        0.0,
                        0.015998275950551033
                    ],
                    [
                        0.0,
                        0.0,
                        0.019837716594338417
                    ],
                    [
                        0.0,
                        0.0,
                        0.018537156283855438
                    ],
                    [
                        0.0,
                        0.0,
                        0.015998275950551033
                    ]
                ]
            ]
        }
    ]
}