{
    "people": [
        {
            "person_id": [
                1
            ],
            "pose_keypoints_2d": [
                [
                    [
                        432.869140625,
                        126.228515625,
                        0.9116225242614746
                    ],
                    [
                        411.130859375,
                        152.625,
                        0.9178655743598938
                    ],
                    [
                        439.080078125,
                        151.072265625,
                        0.8976250886917114
                    ],
                    [
                        457.712890625,
                        191.443359375,
                        0.9784605503082275
                    ],
                    [
                        476.345703125,
                        231.814453125,
                        0.9090520143508911
                    ],
                    [
                        383.181640625,
                        154.177734375,
                        0.9381060600280762
                    ],
                    [
                        364.548828125,
                        197.654296875,
                        0.9743530750274658
                    ],
                    [
                        361.443359375,
                        238.025390625,
                        0.92589271068573
                    ],
                    [
                        418.89453125,
                        244.236328125,
                        0.8774821758270264
                    ],
                    [
                        435.974609375,
                        244.236328125,
                        0.8836894035339355
                    ],
                    [
                        445.291015625,
                        303.240234375,
                        0.9363565444946289
                    ],
                    [
                        442.185546875,
                        365.349609375,
                        0.9431418776512146
                    ],
                    [
                        401.814453125,
                        244.236328125,
                        0.8712748885154724
                    ],
                    [
                        398.708984375,
                        306.345703125,
                        0.9107241630554199
                    ],
                    [
                        398.708984375,
                        368.455078125,
                        0.9320039749145508
                    ],
                    [
                        429.763671875,
                        123.123046875,
                        0.939815878868103
                    ],
                    [
                        429.763671875,
                        123.123046875,
                        0.8674288988113403
                    ],
                    [
                        423.552734375,
                        120.017578125,
                        0.9811060428619385
                    ],
                    [
                        404.919921875,
                        123.123046875,
                        0.8142315745353699
                    ],
                    [
                        408.025390625,
                        368.455078125,
                        0.8023171424865723
                    ],
                    [
                        395.603515625,
                        371.560546875,
                        0.7709771394729614
                    ],
                    [
                        398.708984375,
                        377.771484375,
                        0.8662153482437134
                    ],
                    [
                        445.291015625,
                        374.666015625,
                        0.7693836688995361
                    ],
                    [
                        448.396484375,
                        374.666015625,
                        0.8476241230964661
                    ],
                    [
                        439.080078125,
                        371.560546875,
                        0.8680839538574219
                    ]
                ]
            ]
        },
        {
            "person_id": [
                2
            ],
            "pose_keypoints_2d": [
                [
                    [
                        0.0,
                        0.0,
                        0.020545179024338722
                    ],
                    [
                        0.0,
                        0.0,
                        0.02961822971701622
                    ],
                    [
                        0.0,
                        0.0,
                        0.02961822971701622
                    ],
                    [
                        0.0,
                        0.0,
                        0.011905848048627377
                    ],
                    [
                        0.0,
                        0.0,
                        0.007338991388678551
                    ],
                    [
                        0.0,
                        0.0,
                        0.02961822971701622
                    ],
                    [
                        0.0,
                        0.0,
                        0.00895625725388527
                    ],
                    [
                        0.0,
                        0.0,
                        0.007475945632904768
                    ],
                    [
                        0.0,
                        0.0,
                        0.037155795842409134
                    ],
                    [
                        0.0,
                        0.0,
                        0.037155795842409134
                    ],
                    [
                        0.0,
                        0.0,
                        0.02508368343114853
                    ],
                    [
                        0.0,
                        0.0,
                        0.03355890512466431
                    ],
                    [
                        0.0,
                        0.0,
                        0.037155795842409134
                    ],
                    [
                        0.0,
                        0.0,
                        0.025083687156438828
                    ],
                    [
                        0.0,
                        0.0,
                        0.033558908849954605
                    ],
                    [
                        0.0,
                        0.0,
                        0.01924316957592964
                    ],
                    [
                        0.0,
                        0.0,
                        0.019243167713284492
                    ],
                    [
                        0.0,
                        0.0,
                        0.015040154568850994
                    ],
                    [
                        0.0,
                        0.0,
                        0.015040154568850994
                    ],
                    [
                        0.0,
                        0.0,
                        0.01983771286904812
                    ],
                    [
                        0.0,
                        0.0,
                        0.018537156283855438
                    ],
                    [
                        0.0,
                        0.0,
                        0.015998275950551033
                    ],
                    [
                        0.0,
                        0.0,
                        0.01983771286904812
                    ],
                    [
                        0.0,
                        0.0,
                        0.018537156283855438
                    ],
                    [
                        0.0,
                        0.0,
                        0.015998275950551033
                    ]
                ]
            ]
        }
    ]
}