{
    "people": [
        {
            "person_id": [
                1
            ],
            "pose_keypoints_2d": [
                [
                    [
                        416.3115234375,
                        182.0517578125,
                        0.9698842763900757
                    ],
                    [
                        413.5869140625,
                        186.138671875,
                        0.8639301657676697
                    ],
                    [
                        386.3408203125,
                        187.5009765625,
                        0.8482342958450317
                    ],
                    [
                        364.5439453125,
                        220.1962890625,
                        0.9269348382949829
                    ],
                    [
                        356.3701171875,
                        258.3408203125,
                        0.8815362453460693
                    ],
                    [
                        440.8330078125,
                        184.7763671875,
                        0.8796260356903076
                    ],
                    [
                        462.6298828125,
                        220.1962890625,
                        0.974332332611084
                    ],
                    [
                        468.0791015625,
                        263.7900390625,
                        0.8891626596450806
                    ],
                    [
                        412.224609375,
                        244.7177734375,
                        0.8832150101661682
                    ],
                    [
                        397.2392578125,
                        244.7177734375,
                        0.8694212436676025
                    ],
                    [
                        402.6884765625,
                        301.9345703125,
                        0.8835643529891968
                    ],
                    [
                        405.4130859375,
                        367.3251953125,
                        0.8882309794425964
                    ],
                    [
                        427.2099609375,
                        244.7177734375,
                        0.8970087766647339
                    ],
                    [
                        424.4853515625,
                        291.0361328125,
                        0.8331660032272339
                    ],
                    [
                        419.0361328125,
                        326.4560546875,
                        0.9464973211288452
                    ],
                    [
                        410.8623046875,
                        176.6025390625,
                        0.9620305895805359
                    ],
                    [
                        421.7607421875,
                        176.6025390625,
                        0.9502744078636169
                    ],
                    [
                        402.6884765625,
                        171.1533203125,
                        0.9262096881866455
                    ],
                    [
                        429.9345703125,
                        171.1533203125,
                        0.8713256120681763
                    ],
                    [
                        435.3837890625,
                        337.3544921875,
                        0.8751621246337891
                    ],
                    [
                        435.3837890625,
                        334.6298828125,
                        0.9177854061126709
                    ],
                    [
                        413.5869140625,
                        329.1806640625,
                        0.8649007081985474
                    ],
                    [
                        410.8623046875,
                        386.3974609375,
                        0.7919474840164185
                    ],
                    [
                        402.6884765625,
                        386.3974609375,
                        0.7747930288314819
                    ],
                    [
                        408.1376953125,
                        372.7744140625,
                        0.7829257249832153
                    ]
                ]
            ]
        },
        {
            "person_id": [
                2
            ],
            "pose_keypoints_2d": [
                [
                    [
                        0.0,
                        0.0,
                        0.020531099289655685
                    ],
                    [
                        0.0,
                        0.0,
                        0.029849819839000702
                    ],
                    [
                        0.0,
                        0.0,
                        0.029849819839000702
                    ],
                    [
                        0.0,
                        0.0,
                        0.012015359476208687
                    ],
                    [
                        0.0,
                        0.0,
                        0.007502174004912376
                    ],
                    [
                        0.0,
                        0.0,
                        0.029849819839000702
                    ],
                    [
                        0.0,
                        0.0,
                        0.009054431691765785
                    ],
                    [
                        0.0,
                        0.0,
                        0.007550043519586325
                    ],
                    [
                        0.0,
                        0.0,
                        0.037438396364450455
                    ],
                    [
                        0.0,
                        0.0,
                        0.037438396364450455
                    ],
                    [
                        0.0,
                        0.0,
                        0.025315171107649803
                    ],
                    [
                        0.0,
                        0.0,
                        0.03399762138724327
                    ],
                    [
                        0.0,
                        0.0,
                        0.037438396364450455
                    ],
                    [
                        0.0,
                        0.0,
                        0.025315171107649803
                    ],
                    [
                        0.0,
                        0.0,
                        0.03399762138724327
                    ],
                    [
                        0.0,
                        0.0,
                        0.019224032759666443
                    ],
                    [
                        0.0,
                        0.0,
                        0.019224032759666443
                    ],
                    [
                        0.0,
                        0.0,
                        0.015098605304956436
                    ],
                    [
                        0.0,
                        0.0,
                        0.015098605304956436
                    ],
                    [
                        0.0,
                        0.0,
                        0.020358137786388397
                    ],
                    [
                        0.0,
                        0.0,
                        0.018469566479325294
                    ],
                    [
                        0.0,
                        0.0,
                        0.01647251471877098
                    ],
                    [
                        0.0,
                        0.0,
                        0.020358137786388397
                    ],
                    [
                        0.0,
                        0.0,
                        0.018469566479325294
                    ],
                    [
                        0.0,
                        0.0,
                        0.01647251471877098
                    ]
                ]
            ]
        }
    ]
}