{
    "people": [
        {
            "person_id": [
                1
            ],
            "pose_keypoints_2d": [
                [
                    [
                        444.88671875,
                        135.06640625,
                        0.9560179710388184
                    ],
                    [
                        417.796875,
                        150.75,
                        0.8321031332015991
                    ],
                    [
                        416.37109375,
                        152.17578125,
                        0.8877629041671753
                    ],
                    [
                        410.66796875,
                        197.80078125,
                        0.8509560227394104
                    ],
                    [
                        427.77734375,
                        232.01953125,
                        0.8591952919960022
                    ],
                    [
                        419.22265625,
                        149.32421875,
                        0.776443362236023
                    ],
                    [
                        416.37109375,
                        194.94921875,
                        0.6987549662590027
                    ],
                    [
                        427.77734375,
                        229.16796875,
                        0.7138190269470215
                    ],
                    [
                        413.51953125,
                        227.7421875,
                        0.7980455160140991
                    ],
                    [
                        413.51953125,
                        229.16796875,
                        0.8527915477752686
                    ],
                    [
                        427.77734375,
                        286.19921875,
                        0.8917701840400696
                    ],
                    [
                        422.07421875,
                        348.93359375,
                        0.8369185924530029
                    ],
                    [
                        413.51953125,
                        226.31640625,
                        0.7432994246482849
                    ],
                    [
                        424.92578125,
                        280.49609375,
                        0.8744494915008545
                    ],
                    [
                        416.37109375,
                        328.97265625,
                        0.9366066455841064
                    ],
                    [
                        442.03515625,
                        129.36328125,
                        0.9865981340408325
                    ],
                    [
                        447.73828125,
                        129.36328125,
                        0.9581761360168457
                    ],
                    [
                        424.92578125,
                        123.66015625,
                        0.9088927507400513
                    ],
                    [
                        444.88671875,
                        126.51171875,
                        0.5839977264404297
                    ],
                    [
                        439.18359375,
                        334.67578125,
                        0.9392799735069275
                    ],
                    [
                        436.33203125,
                        331.82421875,
                        0.9677130579948425
                    ],
                    [
                        410.66796875,
                        334.67578125,
                        0.8036304712295532
                    ],
                    [
                        447.73828125,
                        351.78515625,
                        0.8540972471237183
                    ],
                    [
                        444.88671875,
                        354.63671875,
                        0.8415493965148926
                    ],
                    [
                        419.22265625,
                        354.63671875,
                        0.8225290775299072
                    ]
                ]
            ]
        },
        {
            "person_id": [
                2
            ],
            "pose_keypoints_2d": [
                [
                    [
                        0.0,
                        0.0,
                        0.020545179024338722
                    ],
                    [
                        0.0,
                        0.0,
                        0.02961822971701622
                    ],
                    [
                        0.0,
                        0.0,
                        0.02961822971701622
                    ],
                    [
                        0.0,
                        0.0,
                        0.011905848048627377
                    ],
                    [
                        0.0,
                        0.0,
                        0.007338991388678551
                    ],
                    [
                        0.0,
                        0.0,
                        0.02961822971701622
                    ],
                    [
                        0.0,
                        0.0,
                        0.00895625725388527
                    ],
                    [
                        0.0,
                        0.0,
                        0.007475945632904768
                    ],
                    [
                        0.0,
                        0.0,
                        0.037155795842409134
                    ],
                    [
                        0.0,
                        0.0,
                        0.037155795842409134
                    ],
                    [
                        0.0,
                        0.0,
                        0.02508368343114853
                    ],
                    [
                        0.0,
                        0.0,
                        0.03355890512466431
                    ],
                    [
                        0.0,
                        0.0,
                        0.037155795842409134
                    ],
                    [
                        0.0,
                        0.0,
                        0.02508368343114853
                    ],
                    [
                        0.0,
                        0.0,
                        0.033558908849954605
                    ],
                    [
                        0.0,
                        0.0,
                        0.01924316957592964
                    ],
                    [
                        0.0,
                        0.0,
                        0.01924316957592964
                    ],
                    [
                        0.0,
                        0.0,
                        0.015040154568850994
                    ],
                    [
                        0.0,
                        0.0,
                        0.015040154568850994
                    ],
                    [
                        0.0,
                        0.0,
                        0.01983771286904812
                    ],
                    [
                        0.0,
                        0.0,
                        0.018537156283855438
                    ],
                    [
                        0.0,
                        0.0,
                        0.015998275950551033
                    ],
                    [
                        0.0,
                        0.0,
                        0.01983771286904812
                    ],
                    [
                        0.0,
                        0.0,
                        0.018537156283855438
                    ],
                    [
                        0.0,
                        0.0,
                        0.015998275950551033
                    ]
                ]
            ]
        }
    ]
}