{
    "people": [
        {
            "person_id": [
                1
            ],
            "pose_keypoints_2d": [
                [
                    [
                        448.8388671875,
                        135.9326171875,
                        0.9468963146209717
                    ],
                    [
                        414.7373046875,
                        150.1416015625,
                        0.9016956090927124
                    ],
                    [
                        426.1044921875,
                        152.9833984375,
                        0.9000270366668701
                    ],
                    [
                        426.1044921875,
                        201.2939453125,
                        0.89736008644104
                    ],
                    [
                        440.3134765625,
                        238.2373046875,
                        0.8841391801834106
                    ],
                    [
                        403.3701171875,
                        147.2998046875,
                        0.9033641815185547
                    ],
                    [
                        392.0029296875,
                        187.0849609375,
                        0.9568233489990234
                    ],
                    [
                        403.3701171875,
                        218.3447265625,
                        0.8434756994247437
                    ],
                    [
                        413.31640625,
                        232.5537109375,
                        0.8288701176643372
                    ],
                    [
                        420.4208984375,
                        232.5537109375,
                        0.7955271005630493
                    ],
                    [
                        431.7880859375,
                        286.5478515625,
                        0.8259057998657227
                    ],
                    [
                        423.2626953125,
                        346.2255859375,
                        0.9117822051048279
                    ],
                    [
                        406.2119140625,
                        232.5537109375,
                        0.862213134765625
                    ],
                    [
                        426.1044921875,
                        278.0224609375,
                        0.8672360181808472
                    ],
                    [
                        397.6865234375,
                        334.8583984375,
                        0.9097553491592407
                    ],
                    [
                        445.9970703125,
                        130.2490234375,
                        0.9735035300254822
                    ],
                    [
                        448.8388671875,
                        130.2490234375,
                        0.922454833984375
                    ],
                    [
                        431.7880859375,
                        124.5654296875,
                        0.9385838508605957
                    ],
                    [
                        428.9462890625,
                        124.5654296875,
                        0.6925751566886902
                    ],
                    [
                        411.8955078125,
                        346.2255859375,
                        0.8655364513397217
                    ],
                    [
                        409.0537109375,
                        343.3837890625,
                        0.7921445369720459
                    ],
                    [
                        392.0029296875,
                        337.7001953125,
                        0.8429218530654907
                    ],
                    [
                        448.8388671875,
                        349.0673828125,
                        0.8852332234382629
                    ],
                    [
                        443.1552734375,
                        354.7509765625,
                        0.8740139603614807
                    ],
                    [
                        420.4208984375,
                        351.9091796875,
                        0.9121755361557007
                    ]
                ]
            ]
        },
        {
            "person_id": [
                2
            ],
            "pose_keypoints_2d": [
                [
                    [
                        0.0,
                        0.0,
                        0.020545179024338722
                    ],
                    [
                        0.0,
                        0.0,
                        0.02961822971701622
                    ],
                    [
                        0.0,
                        0.0,
                        0.02961822971701622
                    ],
                    [
                        0.0,
                        0.0,
                        0.011905848048627377
                    ],
                    [
                        0.0,
                        0.0,
                        0.007338991388678551
                    ],
                    [
                        0.0,
                        0.0,
                        0.02961822971701622
                    ],
                    [
                        0.0,
                        0.0,
                        0.00895625725388527
                    ],
                    [
                        0.0,
                        0.0,
                        0.007475945632904768
                    ],
                    [
                        0.0,
                        0.0,
                        0.037155795842409134
                    ],
                    [
                        0.0,
                        0.0,
                        0.037155795842409134
                    ],
                    [
                        0.0,
                        0.0,
                        0.025083687156438828
                    ],
                    [
                        0.0,
                        0.0,
                        0.033558908849954605
                    ],
                    [
                        0.0,
                        0.0,
                        0.037155795842409134
                    ],
                    [
                        0.0,
                        0.0,
                        0.02508368343114853
                    ],
                    [
                        0.0,
                        0.0,
                        0.033558908849954605
                    ],
                    [
                        0.0,
                        0.0,
                        0.019243167713284492
                    ],
                    [
                        0.0,
                        0.0,
                        0.01924316957592964
                    ],
                    [
                        0.0,
                        0.0,
                        0.015040154568850994
                    ],
                    [
                        0.0,
                        0.0,
                        0.015040154568850994
                    ],
                    [
                        0.0,
                        0.0,
                        0.01983770914375782
                    ],
                    [
                        0.0,
                        0.0,
                        0.018537156283855438
                    ],
                    [
                        0.0,
                        0.0,
                        0.015998275950551033
                    ],
                    [
                        0.0,
                        0.0,
                        0.019837716594338417
                    ],
                    [
                        0.0,
                        0.0,
                        0.018537156283855438
                    ],
                    [
                        0.0,
                        0.0,
                        0.015998275950551033
                    ]
                ]
            ]
        }
    ]
}