{
    "people": [
        {
            "person_id": [
                1
            ],
            "pose_keypoints_2d": [
                [
                    [
                        436.5078125,
                        138.7265625,
                        0.950644850730896
                    ],
                    [
                        420.1015625,
                        155.1328125,
                        0.9002608060836792
                    ],
                    [
                        400.9609375,
                        155.1328125,
                        0.9130834341049194
                    ],
                    [
                        379.0859375,
                        193.4140625,
                        0.9915615320205688
                    ],
                    [
                        390.0234375,
                        231.6953125,
                        0.9429185390472412
                    ],
                    [
                        439.2421875,
                        155.1328125,
                        0.887438178062439
                    ],
                    [
                        444.7109375,
                        185.2109375,
                        0.9407248497009277
                    ],
                    [
                        452.9140625,
                        218.0234375,
                        0.8744711875915527
                    ],
                    [
                        416.0,
                        227.59375,
                        0.8515596389770508
                    ],
                    [
                        406.4296875,
                        228.9609375,
                        0.8287457227706909
                    ],
                    [
                        431.0390625,
                        283.6484375,
                        0.8994038105010986
                    ],
                    [
                        422.8359375,
                        346.5390625,
                        0.8617533445358276
                    ],
                    [
                        425.5703125,
                        226.2265625,
                        0.8743736147880554
                    ],
                    [
                        428.3046875,
                        283.6484375,
                        0.8799170255661011
                    ],
                    [
                        422.8359375,
                        332.8671875,
                        0.8990198373794556
                    ],
                    [
                        431.0390625,
                        133.2578125,
                        0.9494531750679016
                    ],
                    [
                        439.2421875,
                        133.2578125,
                        0.9631091356277466
                    ],
                    [
                        417.3671875,
                        130.5234375,
                        0.8906325697898865
                    ],
                    [
                        444.7109375,
                        133.2578125,
                        0.8569785356521606
                    ],
                    [
                        439.2421875,
                        338.3359375,
                        0.8147271871566772
                    ],
                    [
                        439.2421875,
                        335.6015625,
                        0.8651047348976135
                    ],
                    [
                        417.3671875,
                        338.3359375,
                        0.7362445592880249
                    ],
                    [
                        447.4453125,
                        349.2734375,
                        0.8489010334014893
                    ],
                    [
                        441.9765625,
                        354.7421875,
                        0.8114131689071655
                    ],
                    [
                        420.1015625,
                        352.0078125,
                        0.860248327255249
                    ]
                ]
            ]
        },
        {
            "person_id": [
                2
            ],
            "pose_keypoints_2d": [
                [
                    [
                        0.0,
                        0.0,
                        0.020545179024338722
                    ],
                    [
                        0.0,
                        0.0,
                        0.02961822971701622
                    ],
                    [
                        0.0,
                        0.0,
                        0.02961822971701622
                    ],
                    [
                        0.0,
                        0.0,
                        0.011905848048627377
                    ],
                    [
                        0.0,
                        0.0,
                        0.007338991388678551
                    ],
                    [
                        0.0,
                        0.0,
                        0.02961822971701622
                    ],
                    [
                        0.0,
                        0.0,
                        0.00895625725388527
                    ],
                    [
                        0.0,
                        0.0,
                        0.007475945632904768
                    ],
                    [
                        0.0,
                        0.0,
                        0.037155795842409134
                    ],
                    [
                        0.0,
                        0.0,
                        0.037155795842409134
                    ],
                    [
                        0.0,
                        0.0,
                        0.025083687156438828
                    ],
                    [
                        0.0,
                        0.0,
                        0.03355890512466431
                    ],
                    [
                        0.0,
                        0.0,
                        0.037155795842409134
                    ],
                    [
                        0.0,
                        0.0,
                        0.025083687156438828
                    ],
                    [
                        0.0,
                        0.0,
                        0.03355890512466431
                    ],
                    [
                        0.0,
                        0.0,
                        0.01924316957592964
                    ],
                    [
                        0.0,
                        0.0,
                        0.01924316957592964
                    ],
                    [
                        0.0,
                        0.0,
                        0.015040154568850994
                    ],
                    [
                        0.0,
                        0.0,
                        0.015040154568850994
                    ],
                    [
                        0.0,
                        0.0,
                        0.01983771286904812
                    ],
                    [
                        0.0,
                        0.0,
                        0.018537156283855438
                    ],
                    [
                        0.0,
                        0.0,
                        0.015998275950551033
                    ],
                    [
                        0.0,
                        0.0,
                        0.01983771286904812
                    ],
                    [
                        0.0,
                        0.0,
                        0.018537156283855438
                    ],
                    [
                        0.0,
                        0.0,
                        0.015998275950551033
                    ]
                ]
            ]
        }
    ]
}