{
    "people": [
        {
            "person_id": [
                1
            ],
            "pose_keypoints_2d": [
                [
                    [
                        435.654296875,
                        137.974609375,
                        0.9730715751647949
                    ],
                    [
                        420.5078125,
                        153.12109375,
                        0.8902794718742371
                    ],
                    [
                        402.607421875,
                        154.498046875,
                        0.9218543767929077
                    ],
                    [
                        383.330078125,
                        195.806640625,
                        0.9989446401596069
                    ],
                    [
                        402.607421875,
                        234.361328125,
                        0.8871228098869324
                    ],
                    [
                        438.408203125,
                        151.744140625,
                        0.8587045669555664
                    ],
                    [
                        435.654296875,
                        187.544921875,
                        0.9142811298370361
                    ],
                    [
                        443.916015625,
                        217.837890625,
                        0.9128302335739136
                    ],
                    [
                        416.376953125,
                        228.853515625,
                        0.8556835651397705
                    ],
                    [
                        408.115234375,
                        228.853515625,
                        0.824176549911499
                    ],
                    [
                        432.900390625,
                        286.685546875,
                        0.8940947651863098
                    ],
                    [
                        424.638671875,
                        347.271484375,
                        0.8690651655197144
                    ],
                    [
                        424.638671875,
                        228.853515625,
                        0.8871906399726868
                    ],
                    [
                        424.638671875,
                        283.931640625,
                        0.9077461957931519
                    ],
                    [
                        421.884765625,
                        330.748046875,
                        0.9146044254302979
                    ],
                    [
                        432.900390625,
                        132.466796875,
                        0.9797196984291077
                    ],
                    [
                        441.162109375,
                        135.220703125,
                        0.9777486324310303
                    ],
                    [
                        419.130859375,
                        129.712890625,
                        0.9043915271759033
                    ],
                    [
                        443.916015625,
                        132.466796875,
                        0.8718744516372681
                    ],
                    [
                        441.162109375,
                        336.255859375,
                        0.8564596176147461
                    ],
                    [
                        441.162109375,
                        333.501953125,
                        0.8708231449127197
                    ],
                    [
                        416.376953125,
                        336.255859375,
                        0.7671516537666321
                    ],
                    [
                        449.423828125,
                        350.025390625,
                        0.8691057562828064
                    ],
                    [
                        443.916015625,
                        355.533203125,
                        0.8107538223266602
                    ],
                    [
                        419.130859375,
                        352.779296875,
                        0.8720203042030334
                    ]
                ]
            ]
        },
        {
            "person_id": [
                2
            ],
            "pose_keypoints_2d": [
                [
                    [
                        0.0,
                        0.0,
                        0.020545179024338722
                    ],
                    [
                        0.0,
                        0.0,
                        0.02961822971701622
                    ],
                    [
                        0.0,
                        0.0,
                        0.02961822971701622
                    ],
                    [
                        0.0,
                        0.0,
                        0.011905848048627377
                    ],
                    [
                        0.0,
                        0.0,
                        0.007338991388678551
                    ],
                    [
                        0.0,
                        0.0,
                        0.02961822971701622
                    ],
                    [
                        0.0,
                        0.0,
                        0.00895625725388527
                    ],
                    [
                        0.0,
                        0.0,
                        0.007475945632904768
                    ],
                    [
                        0.0,
                        0.0,
                        0.037155795842409134
                    ],
                    [
                        0.0,
                        0.0,
                        0.037155795842409134
                    ],
                    [
                        0.0,
                        0.0,
                        0.02508368343114853
                    ],
                    [
                        0.0,
                        0.0,
                        0.033558908849954605
                    ],
                    [
                        0.0,
                        0.0,
                        0.037155795842409134
                    ],
                    [
                        0.0,
                        0.0,
                        0.02508368343114853
                    ],
                    [
                        0.0,
                        0.0,
                        0.03355890512466431
                    ],
                    [
                        0.0,
                        0.0,
                        0.019243167713284492
                    ],
                    [
                        0.0,
                        0.0,
                        0.01924316957592964
                    ],
                    [
                        0.0,
                        0.0,
                        0.015040154568850994
                    ],
                    [
                        0.0,
                        0.0,
                        0.015040154568850994
                    ],
                    [
                        0.0,
                        0.0,
                        0.019837716594338417
                    ],
                    [
                        0.0,
                        0.0,
                        0.018537156283855438
                    ],
                    [
                        0.0,
                        0.0,
                        0.015998275950551033
                    ],
                    [
                        0.0,
                        0.0,
                        0.01983770914375782
                    ],
                    [
                        0.0,
                        0.0,
                        0.018537156283855438
                    ],
                    [
                        0.0,
                        0.0,
                        0.015998275950551033
                    ]
                ]
            ]
        }
    ]
}