{
    "people": [
        {
            "person_id": [
                1
            ],
            "pose_keypoints_2d": [
                [
                    [
                        446.9541015625,
                        135.8349609375,
                        0.9541267156600952
                    ],
                    [
                        413.599609375,
                        153.2373046875,
                        0.9139065742492676
                    ],
                    [
                        429.5517578125,
                        156.1376953125,
                        0.9111688137054443
                    ],
                    [
                        429.5517578125,
                        202.5439453125,
                        0.9735605716705322
                    ],
                    [
                        446.9541015625,
                        243.1494140625,
                        0.892741322517395
                    ],
                    [
                        397.6474609375,
                        150.3369140625,
                        0.916644275188446
                    ],
                    [
                        383.1455078125,
                        188.0419921875,
                        0.9955246448516846
                    ],
                    [
                        388.9462890625,
                        222.8466796875,
                        0.9190599322319031
                    ],
                    [
                        415.0498046875,
                        235.8984375,
                        0.8419047594070435
                    ],
                    [
                        426.6513671875,
                        237.3486328125,
                        0.8269554376602173
                    ],
                    [
                        435.3525390625,
                        292.4560546875,
                        0.8681391477584839
                    ],
                    [
                        423.7509765625,
                        347.5634765625,
                        0.8960905075073242
                    ],
                    [
                        403.4482421875,
                        234.4482421875,
                        0.8568540811538696
                    ],
                    [
                        415.0498046875,
                        286.6552734375,
                        0.8927921652793884
                    ],
                    [
                        394.7470703125,
                        344.6630859375,
                        0.9038848876953125
                    ],
                    [
                        444.0537109375,
                        130.0341796875,
                        0.9625706672668457
                    ],
                    [
                        446.9541015625,
                        130.0341796875,
                        0.9387401342391968
                    ],
                    [
                        429.5517578125,
                        124.2333984375,
                        0.9463239908218384
                    ],
                    [
                        429.5517578125,
                        127.1337890625,
                        0.6797780990600586
                    ],
                    [
                        406.3486328125,
                        362.0654296875,
                        0.9489139318466187
                    ],
                    [
                        400.5478515625,
                        359.1650390625,
                        0.7820005416870117
                    ],
                    [
                        391.8466796875,
                        350.4638671875,
                        0.8358718156814575
                    ],
                    [
                        446.9541015625,
                        350.4638671875,
                        0.8396621346473694
                    ],
                    [
                        444.0537109375,
                        353.3642578125,
                        0.9285968542098999
                    ],
                    [
                        420.8505859375,
                        356.2646484375,
                        0.8665785789489746
                    ]
                ]
            ]
        },
        {
            "person_id": [
                2
            ],
            "pose_keypoints_2d": [
                [
                    [
                        0.0,
                        0.0,
                        0.020545179024338722
                    ],
                    [
                        0.0,
                        0.0,
                        0.02961822971701622
                    ],
                    [
                        0.0,
                        0.0,
                        0.02961822971701622
                    ],
                    [
                        0.0,
                        0.0,
                        0.011905848048627377
                    ],
                    [
                        0.0,
                        0.0,
                        0.007338991388678551
                    ],
                    [
                        0.0,
                        0.0,
                        0.02961822971701622
                    ],
                    [
                        0.0,
                        0.0,
                        0.00895625725388527
                    ],
                    [
                        0.0,
                        0.0,
                        0.007475945632904768
                    ],
                    [
                        0.0,
                        0.0,
                        0.037155795842409134
                    ],
                    [
                        0.0,
                        0.0,
                        0.037155795842409134
                    ],
                    [
                        0.0,
                        0.0,
                        0.02508368343114853
                    ],
                    [
                        0.0,
                        0.0,
                        0.033558908849954605
                    ],
                    [
                        0.0,
                        0.0,
                        0.037155795842409134
                    ],
                    [
                        0.0,
                        0.0,
                        0.02508368343114853
                    ],
                    [
                        0.0,
                        0.0,
                        0.033558908849954605
                    ],
                    [
                        0.0,
                        0.0,
                        0.019243167713284492
                    ],
                    [
                        0.0,
                        0.0,
                        0.01924316957592964
                    ],
                    [
                        0.0,
                        0.0,
                        0.015040154568850994
                    ],
                    [
                        0.0,
                        0.0,
                        0.015040154568850994
                    ],
                    [
                        0.0,
                        0.0,
                        0.01983771286904812
                    ],
                    [
                        0.0,
                        0.0,
                        0.018537156283855438
                    ],
                    [
                        0.0,
                        0.0,
                        0.015998275950551033
                    ],
                    [
                        0.0,
                        0.0,
                        0.01983771286904812
                    ],
                    [
                        0.0,
                        0.0,
                        0.018537156283855438
                    ],
                    [
                        0.0,
                        0.0,
                        0.015998275950551033
                    ]
                ]
            ]
        }
    ]
}