{
    "people": [
        {
            "person_id": [
                1
            ],
            "pose_keypoints_2d": [
                [
                    [
                        441.3447265625,
                        134.84275817871094,
                        0.9662543535232544
                    ],
                    [
                        418.7666015625,
                        151.77635192871094,
                        0.846220850944519
                    ],
                    [
                        410.2998046875,
                        151.77635192871094,
                        0.8977090120315552
                    ],
                    [
                        396.1884765625,
                        196.93260192871094,
                        0.8970516920089722
                    ],
                    [
                        418.7666015625,
                        230.79978942871094,
                        0.8428763151168823
                    ],
                    [
                        427.2333984375,
                        151.77635192871094,
                        0.7947326898574829
                    ],
                    [
                        427.2333984375,
                        191.28807067871094,
                        0.827573299407959
                    ],
                    [
                        430.0556640625,
                        222.33299255371094,
                        0.7965160608291626
                    ],
                    [
                        415.9443359375,
                        232.21092224121094,
                        0.7755460739135742
                    ],
                    [
                        410.2998046875,
                        233.62205505371094,
                        0.8169553279876709
                    ],
                    [
                        430.0556640625,
                        287.2451171875,
                        0.8954838514328003
                    ],
                    [
                        424.4111328125,
                        349.3349609375,
                        0.8553018569946289
                    ],
                    [
                        421.5888671875,
                        230.79978942871094,
                        0.7341368198394775
                    ],
                    [
                        427.2333984375,
                        284.4228515625,
                        0.8457375764846802
                    ],
                    [
                        421.5888671875,
                        332.4013671875,
                        0.8563024401664734
                    ],
                    [
                        435.7001953125,
                        129.19822692871094,
                        0.9510507583618164
                    ],
                    [
                        444.1669921875,
                        132.02049255371094,
                        0.9884682893753052
                    ],
                    [
                        421.5888671875,
                        126.37596130371094,
                        0.9351906776428223
                    ],
                    [
                        446.9892578125,
                        129.19822692871094,
                        0.7530761957168579
                    ],
                    [
                        441.3447265625,
                        338.0458984375,
                        0.893142580986023
                    ],
                    [
                        438.5224609375,
                        332.4013671875,
                        0.9325704574584961
                    ],
                    [
                        415.9443359375,
                        335.2236328125,
                        0.6792669296264648
                    ],
                    [
                        446.9892578125,
                        352.1572265625,
                        0.8150351643562317
                    ],
                    [
                        444.1669921875,
                        354.9794921875,
                        0.8110853433609009
                    ],
                    [
                        418.7666015625,
                        354.9794921875,
                        0.8438259363174438
                    ]
                ]
            ]
        },
        {
            "person_id": [
                2
            ],
            "pose_keypoints_2d": [
                [
                    [
                        0.0,
                        0.0,
                        0.020545179024338722
                    ],
                    [
                        0.0,
                        0.0,
                        0.02961822971701622
                    ],
                    [
                        0.0,
                        0.0,
                        0.02961822971701622
                    ],
                    [
                        0.0,
                        0.0,
                        0.011905848048627377
                    ],
                    [
                        0.0,
                        0.0,
                        0.007338991388678551
                    ],
                    [
                        0.0,
                        0.0,
                        0.02961822971701622
                    ],
                    [
                        0.0,
                        0.0,
                        0.00895625725388527
                    ],
                    [
                        0.0,
                        0.0,
                        0.007475945632904768
                    ],
                    [
                        0.0,
                        0.0,
                        0.037155795842409134
                    ],
                    [
                        0.0,
                        0.0,
                        0.037155795842409134
                    ],
                    [
                        0.0,
                        0.0,
                        0.025083687156438828
                    ],
                    [
                        0.0,
                        0.0,
                        0.03355890512466431
                    ],
                    [
                        0.0,
                        0.0,
                        0.037155795842409134
                    ],
                    [
                        0.0,
                        0.0,
                        0.025083687156438828
                    ],
                    [
                        0.0,
                        0.0,
                        0.033558908849954605
                    ],
                    [
                        0.0,
                        0.0,
                        0.01924316957592964
                    ],
                    [
                        0.0,
                        0.0,
                        0.01924316957592964
                    ],
                    [
                        0.0,
                        0.0,
                        0.015040154568850994
                    ],
                    [
                        0.0,
                        0.0,
                        0.015040154568850994
                    ],
                    [
                        0.0,
                        0.0,
                        0.01983771286904812
                    ],
                    [
                        0.0,
                        0.0,
                        0.018537156283855438
                    ],
                    [
                        0.0,
                        0.0,
                        0.015998275950551033
                    ],
                    [
                        0.0,
                        0.0,
                        0.01983771286904812
                    ],
                    [
                        0.0,
                        0.0,
                        0.018537156283855438
                    ],
                    [
                        0.0,
                        0.0,
                        0.015998275950551033
                    ]
                ]
            ]
        }
    ]
}