{
    "people": [
        {
            "person_id": [
                1
            ],
            "pose_keypoints_2d": [
                [
                    [
                        438.6474609375,
                        130.9912109375,
                        0.9521746039390564
                    ],
                    [
                        410.9619140625,
                        152.5244140625,
                        0.9099095463752747
                    ],
                    [
                        432.4951171875,
                        152.5244140625,
                        0.8747060298919678
                    ],
                    [
                        441.7236328125,
                        195.5908203125,
                        0.9870033264160156
                    ],
                    [
                        454.0283203125,
                        238.6572265625,
                        0.9046735763549805
                    ],
                    [
                        389.4287109375,
                        152.5244140625,
                        0.9451130628585815
                    ],
                    [
                        370.9716796875,
                        192.5146484375,
                        0.9642784595489502
                    ],
                    [
                        370.9716796875,
                        226.3525390625,
                        0.916589081287384
                    ],
                    [
                        417.1142578125,
                        244.8095703125,
                        0.8369790315628052
                    ],
                    [
                        432.4951171875,
                        244.8095703125,
                        0.813139796257019
                    ],
                    [
                        432.4951171875,
                        297.1044921875,
                        0.892953097820282
                    ],
                    [
                        426.3427734375,
                        349.3994140625,
                        0.9287405014038086
                    ],
                    [
                        401.7333984375,
                        244.8095703125,
                        0.8608182668685913
                    ],
                    [
                        398.6572265625,
                        303.2568359375,
                        0.9041324257850647
                    ],
                    [
                        398.6572265625,
                        367.8564453125,
                        0.8910657167434692
                    ],
                    [
                        435.5712890625,
                        124.8388671875,
                        0.9565640687942505
                    ],
                    [
                        438.6474609375,
                        124.8388671875,
                        0.9021375179290771
                    ],
                    [
                        423.2666015625,
                        121.7626953125,
                        0.9692307710647583
                    ],
                    [
                        417.1142578125,
                        121.7626953125,
                        0.7031521201133728
                    ],
                    [
                        407.8857421875,
                        367.8564453125,
                        0.7286041378974915
                    ],
                    [
                        395.5810546875,
                        374.0087890625,
                        0.7186110019683838
                    ],
                    [
                        398.6572265625,
                        374.0087890625,
                        0.9139784574508667
                    ],
                    [
                        444.7998046875,
                        349.3994140625,
                        0.8704118728637695
                    ],
                    [
                        444.7998046875,
                        352.4755859375,
                        0.9101301431655884
                    ],
                    [
                        420.1904296875,
                        355.5517578125,
                        0.858147382736206
                    ]
                ]
            ]
        },
        {
            "person_id": [
                2
            ],
            "pose_keypoints_2d": [
                [
                    [
                        0.0,
                        0.0,
                        0.020545179024338722
                    ],
                    [
                        0.0,
                        0.0,
                        0.02961822971701622
                    ],
                    [
                        0.0,
                        0.0,
                        0.02961822971701622
                    ],
                    [
                        0.0,
                        0.0,
                        0.011905848048627377
                    ],
                    [
                        0.0,
                        0.0,
                        0.007338991388678551
                    ],
                    [
                        0.0,
                        0.0,
                        0.02961822971701622
                    ],
                    [
                        0.0,
                        0.0,
                        0.00895625725388527
                    ],
                    [
                        0.0,
                        0.0,
                        0.007475945632904768
                    ],
                    [
                        0.0,
                        0.0,
                        0.037155795842409134
                    ],
                    [
                        0.0,
                        0.0,
                        0.037155795842409134
                    ],
                    [
                        0.0,
                        0.0,
                        0.02508368343114853
                    ],
                    [
                        0.0,
                        0.0,
                        0.03355890512466431
                    ],
                    [
                        0.0,
                        0.0,
                        0.037155795842409134
                    ],
                    [
                        0.0,
                        0.0,
                        0.025083687156438828
                    ],
                    [
                        0.0,
                        0.0,
                        0.03355890512466431
                    ],
                    [
                        0.0,
                        0.0,
                        0.01924316957592964
                    ],
                    [
                        0.0,
                        0.0,
                        0.01924316957592964
                    ],
                    [
                        0.0,
                        0.0,
                        0.015040154568850994
                    ],
                    [
                        0.0,
                        0.0,
                        0.015040154568850994
                    ],
                    [
                        0.0,
                        0.0,
                        0.01983771286904812
                    ],
                    [
                        0.0,
                        0.0,
                        0.018537156283855438
                    ],
                    [
                        0.0,
                        0.0,
                        0.015998275950551033
                    ],
                    [
                        0.0,
                        0.0,
                        0.01983771286904812
                    ],
                    [
                        0.0,
                        0.0,
                        0.018537156283855438
                    ],
                    [
                        0.0,
                        0.0,
                        0.015998275950551033
                    ]
                ]
            ]
        }
    ]
}