{
    "people": [
        {
            "person_id": [
                1
            ],
            "pose_keypoints_2d": [
                [
                    [
                        447.23828125,
                        135.06640625,
                        0.9432727098464966
                    ],
                    [
                        414.4453125,
                        149.32421875,
                        0.8414620161056519
                    ],
                    [
                        418.72265625,
                        152.17578125,
                        0.8886265754699707
                    ],
                    [
                        413.01953125,
                        194.94921875,
                        0.7564727067947388
                    ],
                    [
                        432.98046875,
                        232.01953125,
                        0.8631811141967773
                    ],
                    [
                        410.16796875,
                        146.47265625,
                        0.794297456741333
                    ],
                    [
                        404.46484375,
                        192.09765625,
                        0.6463207602500916
                    ],
                    [
                        430.12890625,
                        229.16796875,
                        0.6066779494285583
                    ],
                    [
                        413.01953125,
                        227.7421875,
                        0.7934144735336304
                    ],
                    [
                        415.87109375,
                        229.16796875,
                        0.8442069292068481
                    ],
                    [
                        430.12890625,
                        283.34765625,
                        0.8585745096206665
                    ],
                    [
                        424.42578125,
                        346.08203125,
                        0.8504207134246826
                    ],
                    [
                        410.16796875,
                        226.31640625,
                        0.7426220178604126
                    ],
                    [
                        427.27734375,
                        277.64453125,
                        0.868321418762207
                    ],
                    [
                        407.31640625,
                        328.97265625,
                        0.8989956378936768
                    ],
                    [
                        444.38671875,
                        129.36328125,
                        0.956093966960907
                    ],
                    [
                        450.08984375,
                        129.36328125,
                        0.9080902338027954
                    ],
                    [
                        430.12890625,
                        123.66015625,
                        0.9249496459960938
                    ],
                    [
                        432.98046875,
                        123.66015625,
                        0.6289806365966797
                    ],
                    [
                        424.42578125,
                        334.67578125,
                        0.66434645652771
                    ],
                    [
                        418.72265625,
                        331.82421875,
                        0.6822092533111572
                    ],
                    [
                        401.61328125,
                        334.67578125,
                        0.8800646066665649
                    ],
                    [
                        447.23828125,
                        351.78515625,
                        0.9481465816497803
                    ],
                    [
                        444.38671875,
                        354.63671875,
                        0.9431766271591187
                    ],
                    [
                        418.72265625,
                        351.78515625,
                        0.8592950701713562
                    ]
                ]
            ]
        },
        {
            "person_id": [
                2
            ],
            "pose_keypoints_2d": [
                [
                    [
                        0.0,
                        0.0,
                        0.020545179024338722
                    ],
                    [
                        0.0,
                        0.0,
                        0.02961822971701622
                    ],
                    [
                        0.0,
                        0.0,
                        0.02961822971701622
                    ],
                    [
                        0.0,
                        0.0,
                        0.011905848048627377
                    ],
                    [
                        0.0,
                        0.0,
                        0.007338991388678551
                    ],
                    [
                        0.0,
                        0.0,
                        0.02961822971701622
                    ],
                    [
                        0.0,
                        0.0,
                        0.00895625725388527
                    ],
                    [
                        0.0,
                        0.0,
                        0.007475945632904768
                    ],
                    [
                        0.0,
                        0.0,
                        0.037155795842409134
                    ],
                    [
                        0.0,
                        0.0,
                        0.037155795842409134
                    ],
                    [
                        0.0,
                        0.0,
                        0.025083687156438828
                    ],
                    [
                        0.0,
                        0.0,
                        0.03355890512466431
                    ],
                    [
                        0.0,
                        0.0,
                        0.037155795842409134
                    ],
                    [
                        0.0,
                        0.0,
                        0.025083687156438828
                    ],
                    [
                        0.0,
                        0.0,
                        0.033558908849954605
                    ],
                    [
                        0.0,
                        0.0,
                        0.019243167713284492
                    ],
                    [
                        0.0,
                        0.0,
                        0.019243167713284492
                    ],
                    [
                        0.0,
                        0.0,
                        0.015040154568850994
                    ],
                    [
                        0.0,
                        0.0,
                        0.015040154568850994
                    ],
                    [
                        0.0,
                        0.0,
                        0.01983771286904812
                    ],
                    [
                        0.0,
                        0.0,
                        0.018537156283855438
                    ],
                    [
                        0.0,
                        0.0,
                        0.015998275950551033
                    ],
                    [
                        0.0,
                        0.0,
                        0.01983771286904812
                    ],
                    [
                        0.0,
                        0.0,
                        0.018537156283855438
                    ],
                    [
                        0.0,
                        0.0,
                        0.015998275950551033
                    ]
                ]
            ]
        }
    ]
}