{
    "people": [
        {
            "person_id": [
                1
            ],
            "pose_keypoints_2d": [
                [
                    [
                        436.7177734375,
                        126.1240234375,
                        0.95921391248703
                    ],
                    [
                        410.404296875,
                        152.4375,
                        0.9138100147247314
                    ],
                    [
                        433.6220703125,
                        150.8896484375,
                        0.894991934299469
                    ],
                    [
                        442.9091796875,
                        194.2294921875,
                        0.9941874742507935
                    ],
                    [
                        455.2919921875,
                        237.5693359375,
                        0.9161927700042725
                    ],
                    [
                        387.1865234375,
                        153.9853515625,
                        0.9326280355453491
                    ],
                    [
                        368.6123046875,
                        194.2294921875,
                        0.9716482162475586
                    ],
                    [
                        368.6123046875,
                        228.2822265625,
                        0.9324633479118347
                    ],
                    [
                        416.595703125,
                        243.7607421875,
                        0.8777046203613281
                    ],
                    [
                        433.6220703125,
                        243.7607421875,
                        0.8566663861274719
                    ],
                    [
                        436.7177734375,
                        296.3876953125,
                        0.8898701667785645
                    ],
                    [
                        427.4306640625,
                        352.1103515625,
                        0.938121497631073
                    ],
                    [
                        399.5693359375,
                        243.7607421875,
                        0.8987427949905396
                    ],
                    [
                        399.5693359375,
                        302.5791015625,
                        0.9158822298049927
                    ],
                    [
                        399.5693359375,
                        367.5888671875,
                        0.8801991939544678
                    ],
                    [
                        433.6220703125,
                        123.0283203125,
                        0.9469921588897705
                    ],
                    [
                        436.7177734375,
                        123.0283203125,
                        0.9010633230209351
                    ],
                    [
                        424.3349609375,
                        119.9326171875,
                        0.9834885597229004
                    ],
                    [
                        411.9521484375,
                        119.9326171875,
                        0.73982834815979
                    ],
                    [
                        408.8564453125,
                        364.4931640625,
                        0.7211469411849976
                    ],
                    [
                        396.4736328125,
                        373.7802734375,
                        0.6887449026107788
                    ],
                    [
                        399.5693359375,
                        373.7802734375,
                        0.8978581428527832
                    ],
                    [
                        446.0048828125,
                        349.0146484375,
                        0.9068912863731384
                    ],
                    [
                        446.0048828125,
                        352.1103515625,
                        0.9273369312286377
                    ],
                    [
                        424.3349609375,
                        358.3017578125,
                        0.8267930150032043
                    ]
                ]
            ]
        },
        {
            "person_id": [
                2
            ],
            "pose_keypoints_2d": [
                [
                    [
                        0.0,
                        0.0,
                        0.020545179024338722
                    ],
                    [
                        0.0,
                        0.0,
                        0.02961822971701622
                    ],
                    [
                        0.0,
                        0.0,
                        0.02961822971701622
                    ],
                    [
                        0.0,
                        0.0,
                        0.011905848048627377
                    ],
                    [
                        0.0,
                        0.0,
                        0.007338991388678551
                    ],
                    [
                        0.0,
                        0.0,
                        0.02961822971701622
                    ],
                    [
                        0.0,
                        0.0,
                        0.00895625725388527
                    ],
                    [
                        0.0,
                        0.0,
                        0.007475945632904768
                    ],
                    [
                        0.0,
                        0.0,
                        0.037155795842409134
                    ],
                    [
                        0.0,
                        0.0,
                        0.037155795842409134
                    ],
                    [
                        0.0,
                        0.0,
                        0.025083687156438828
                    ],
                    [
                        0.0,
                        0.0,
                        0.033558908849954605
                    ],
                    [
                        0.0,
                        0.0,
                        0.037155795842409134
                    ],
                    [
                        0.0,
                        0.0,
                        0.025083687156438828
                    ],
                    [
                        0.0,
                        0.0,
                        0.03355890512466431
                    ],
                    [
                        0.0,
                        0.0,
                        0.01924316957592964
                    ],
                    [
                        0.0,
                        0.0,
                        0.01924316957592964
                    ],
                    [
                        0.0,
                        0.0,
                        0.015040154568850994
                    ],
                    [
                        0.0,
                        0.0,
                        0.015040154568850994
                    ],
                    [
                        0.0,
                        0.0,
                        0.01983771286904812
                    ],
                    [
                        0.0,
                        0.0,
                        0.018537156283855438
                    ],
                    [
                        0.0,
                        0.0,
                        0.015998275950551033
                    ],
                    [
                        0.0,
                        0.0,
                        0.01983771286904812
                    ],
                    [
                        0.0,
                        0.0,
                        0.018537156283855438
                    ],
                    [
                        0.0,
                        0.0,
                        0.015998275950551033
                    ]
                ]
            ]
        }
    ]
}