{
    "people": [
        {
            "person_id": [
                1
            ],
            "pose_keypoints_2d": [
                [
                    [
                        427.548828125,
                        141.33396911621094,
                        0.9470793008804321
                    ],
                    [
                        417.5,
                        157.12498474121094,
                        0.8965567946434021
                    ],
                    [
                        393.095703125,
                        158.56053161621094,
                        0.9063342809677124
                    ],
                    [
                        370.126953125,
                        190.14256286621094,
                        0.9378833770751953
                    ],
                    [
                        358.642578125,
                        227.46678161621094,
                        0.8800246715545654
                    ],
                    [
                        441.904296875,
                        155.68943786621094,
                        0.8867793083190918
                    ],
                    [
                        464.873046875,
                        184.40037536621094,
                        0.9437427520751953
                    ],
                    [
                        479.228515625,
                        221.72459411621094,
                        0.9107853174209595
                    ],
                    [
                        413.193359375,
                        227.46678161621094,
                        0.8827120065689087
                    ],
                    [
                        398.837890625,
                        227.46678161621094,
                        0.8682159185409546
                    ],
                    [
                        416.064453125,
                        282.017578125,
                        0.8978617191314697
                    ],
                    [
                        418.935546875,
                        350.923828125,
                        0.8979250192642212
                    ],
                    [
                        427.548828125,
                        227.46678161621094,
                        0.897208034992218
                    ],
                    [
                        427.548828125,
                        282.017578125,
                        0.8827930688858032
                    ],
                    [
                        418.935546875,
                        327.955078125,
                        0.8471732139587402
                    ],
                    [
                        421.806640625,
                        135.59178161621094,
                        0.9585219621658325
                    ],
                    [
                        433.291015625,
                        135.59178161621094,
                        0.9495960474014282
                    ],
                    [
                        413.193359375,
                        132.72068786621094,
                        0.9408077001571655
                    ],
                    [
                        436.162109375,
                        132.72068786621094,
                        0.8788353204727173
                    ],
                    [
                        439.033203125,
                        336.568359375,
                        0.7946020364761353
                    ],
                    [
                        439.033203125,
                        333.697265625,
                        0.8058242797851562
                    ],
                    [
                        418.935546875,
                        330.826171875,
                        0.6713961362838745
                    ],
                    [
                        430.419921875,
                        359.537109375,
                        0.8265079259872437
                    ],
                    [
                        421.806640625,
                        362.408203125,
                        0.8746294975280762
                    ],
                    [
                        416.064453125,
                        356.666015625,
                        0.8322783708572388
                    ]
                ]
            ]
        },
        {
            "person_id": [
                2
            ],
            "pose_keypoints_2d": [
                [
                    [
                        0.0,
                        0.0,
                        0.02053990215063095
                    ],
                    [
                        0.0,
                        0.0,
                        0.02973298355937004
                    ],
                    [
                        0.0,
                        0.0,
                        0.02973298355937004
                    ],
                    [
                        0.0,
                        0.0,
                        0.01196254137903452
                    ],
                    [
                        0.0,
                        0.0,
                        0.007421588525176048
                    ],
                    [
                        0.0,
                        0.0,
                        0.02973298355937004
                    ],
                    [
                        0.0,
                        0.0,
                        0.008996602147817612
                    ],
                    [
                        0.0,
                        0.0,
                        0.007513847202062607
                    ],
                    [
                        0.0,
                        0.0,
                        0.037304166704416275
                    ],
                    [
                        0.0,
                        0.0,
                        0.037304166704416275
                    ],
                    [
                        0.0,
                        0.0,
                        0.02520212158560753
                    ],
                    [
                        0.0,
                        0.0,
                        0.033779580146074295
                    ],
                    [
                        0.0,
                        0.0,
                        0.037304166704416275
                    ],
                    [
                        0.0,
                        0.0,
                        0.02520212158560753
                    ],
                    [
                        0.0,
                        0.0,
                        0.033779580146074295
                    ],
                    [
                        0.0,
                        0.0,
                        0.019236020743846893
                    ],
                    [
                        0.0,
                        0.0,
                        0.019236020743846893
                    ],
                    [
                        0.0,
                        0.0,
                        0.015073975548148155
                    ],
                    [
                        0.0,
                        0.0,
                        0.015073975548148155
                    ],
                    [
                        0.0,
                        0.0,
                        0.020099785178899765
                    ],
                    [
                        0.0,
                        0.0,
                        0.0185064859688282
                    ],
                    [
                        0.0,
                        0.0,
                        0.016233710572123528
                    ],
                    [
                        0.0,
                        0.0,
                        0.020099785178899765
                    ],
                    [
                        0.0,
                        0.0,
                        0.0185064859688282
                    ],
                    [
                        0.0,
                        0.0,
                        0.016233710572123528
                    ]
                ]
            ]
        }
    ]
}