{
    "people": [
        {
            "person_id": [
                1
            ],
            "pose_keypoints_2d": [
                [
                    [
                        446.94140625,
                        137.06640625,
                        0.946264386177063
                    ],
                    [
                        412.72265625,
                        151.32421875,
                        0.919780433177948
                    ],
                    [
                        426.98046875,
                        154.17578125,
                        0.9134324789047241
                    ],
                    [
                        429.83203125,
                        199.80078125,
                        0.9447903037071228
                    ],
                    [
                        444.08984375,
                        239.72265625,
                        0.8653008937835693
                    ],
                    [
                        398.46484375,
                        148.47265625,
                        0.9261283874511719
                    ],
                    [
                        384.20703125,
                        188.39453125,
                        0.9724663496017456
                    ],
                    [
                        395.61328125,
                        222.61328125,
                        0.9180476069450378
                    ],
                    [
                        414.1484375,
                        235.4453125,
                        0.8238745331764221
                    ],
                    [
                        424.12890625,
                        236.87109375,
                        0.7855991125106812
                    ],
                    [
                        432.68359375,
                        288.19921875,
                        0.8812748789787292
                    ],
                    [
                        424.12890625,
                        348.08203125,
                        0.9144197702407837
                    ],
                    [
                        404.16796875,
                        234.01953125,
                        0.8621499538421631
                    ],
                    [
                        418.42578125,
                        285.34765625,
                        0.9102181196212769
                    ],
                    [
                        395.61328125,
                        339.52734375,
                        0.9244270920753479
                    ],
                    [
                        446.94140625,
                        131.36328125,
                        0.9779403805732727
                    ],
                    [
                        449.79296875,
                        131.36328125,
                        0.9351584315299988
                    ],
                    [
                        429.83203125,
                        125.66015625,
                        0.9121499061584473
                    ],
                    [
                        429.83203125,
                        125.66015625,
                        0.6896630525588989
                    ],
                    [
                        407.01953125,
                        356.63671875,
                        0.9799314737319946
                    ],
                    [
                        404.16796875,
                        353.78515625,
                        0.7968572378158569
                    ],
                    [
                        389.91015625,
                        345.23046875,
                        0.8241579532623291
                    ],
                    [
                        446.94140625,
                        348.08203125,
                        0.8504746556282043
                    ],
                    [
                        444.08984375,
                        353.78515625,
                        0.9026256799697876
                    ],
                    [
                        421.27734375,
                        353.78515625,
                        0.9343929290771484
                    ]
                ]
            ]
        },
        {
            "person_id": [
                2
            ],
            "pose_keypoints_2d": [
                [
                    [
                        0.0,
                        0.0,
                        0.020545179024338722
                    ],
                    [
                        0.0,
                        0.0,
                        0.02961822971701622
                    ],
                    [
                        0.0,
                        0.0,
                        0.02961822971701622
                    ],
                    [
                        0.0,
                        0.0,
                        0.011905848048627377
                    ],
                    [
                        0.0,
                        0.0,
                        0.007338991388678551
                    ],
                    [
                        0.0,
                        0.0,
                        0.02961822971701622
                    ],
                    [
                        0.0,
                        0.0,
                        0.008956258185207844
                    ],
                    [
                        0.0,
                        0.0,
                        0.007475945632904768
                    ],
                    [
                        0.0,
                        0.0,
                        0.037155795842409134
                    ],
                    [
                        0.0,
                        0.0,
                        0.037155795842409134
                    ],
                    [
                        0.0,
                        0.0,
                        0.02508368343114853
                    ],
                    [
                        0.0,
                        0.0,
                        0.033558908849954605
                    ],
                    [
                        0.0,
                        0.0,
                        0.037155795842409134
                    ],
                    [
                        0.0,
                        0.0,
                        0.02508368343114853
                    ],
                    [
                        0.0,
                        0.0,
                        0.03355890512466431
                    ],
                    [
                        0.0,
                        0.0,
                        0.01924316957592964
                    ],
                    [
                        0.0,
                        0.0,
                        0.01924316957592964
                    ],
                    [
                        0.0,
                        0.0,
                        0.015040154568850994
                    ],
                    [
                        0.0,
                        0.0,
                        0.015040154568850994
                    ],
                    [
                        0.0,
                        0.0,
                        0.01983771286904812
                    ],
                    [
                        0.0,
                        0.0,
                        0.018537156283855438
                    ],
                    [
                        0.0,
                        0.0,
                        0.015998275950551033
                    ],
                    [
                        0.0,
                        0.0,
                        0.019837716594338417
                    ],
                    [
                        0.0,
                        0.0,
                        0.018537156283855438
                    ],
                    [
                        0.0,
                        0.0,
                        0.015998275950551033
                    ]
                ]
            ]
        }
    ]
}