{
    "people": [
        {
            "person_id": [
                1
            ],
            "pose_keypoints_2d": [
                [
                    [
                        434.5390625,
                        139.7265625,
                        0.949264407157898
                    ],
                    [
                        420.8671875,
                        153.3984375,
                        0.9054678678512573
                    ],
                    [
                        398.9921875,
                        153.3984375,
                        0.8989701867103577
                    ],
                    [
                        374.3828125,
                        188.9453125,
                        0.9674566388130188
                    ],
                    [
                        377.1171875,
                        232.6953125,
                        0.9020510911941528
                    ],
                    [
                        442.7421875,
                        153.3984375,
                        0.9119656085968018
                    ],
                    [
                        450.9453125,
                        183.4765625,
                        0.9543933868408203
                    ],
                    [
                        464.6171875,
                        216.2890625,
                        0.9366309642791748
                    ],
                    [
                        414.03125,
                        227.2265625,
                        0.8716275095939636
                    ],
                    [
                        401.7265625,
                        227.2265625,
                        0.8492279052734375
                    ],
                    [
                        426.3359375,
                        281.9140625,
                        0.8944748640060425
                    ],
                    [
                        423.6015625,
                        344.8046875,
                        0.8459242582321167
                    ],
                    [
                        426.3359375,
                        227.2265625,
                        0.8940271139144897
                    ],
                    [
                        429.0703125,
                        281.9140625,
                        0.846908688545227
                    ],
                    [
                        423.6015625,
                        331.1328125,
                        0.8715484738349915
                    ],
                    [
                        429.0703125,
                        134.2578125,
                        0.9511653184890747
                    ],
                    [
                        437.2734375,
                        134.2578125,
                        0.9525003433227539
                    ],
                    [
                        418.1328125,
                        128.7890625,
                        0.9032629132270813
                    ],
                    [
                        442.7421875,
                        131.5234375,
                        0.859352707862854
                    ],
                    [
                        440.0078125,
                        339.3359375,
                        0.9284170269966125
                    ],
                    [
                        440.0078125,
                        336.6015625,
                        0.9071624279022217
                    ],
                    [
                        418.1328125,
                        336.6015625,
                        0.7198804020881653
                    ],
                    [
                        445.4765625,
                        353.0078125,
                        0.7651481032371521
                    ],
                    [
                        440.0078125,
                        355.7421875,
                        0.7466886043548584
                    ],
                    [
                        420.8671875,
                        350.2734375,
                        0.8130358457565308
                    ]
                ]
            ]
        },
        {
            "person_id": [
                2
            ],
            "pose_keypoints_2d": [
                [
                    [
                        0.0,
                        0.0,
                        0.020545179024338722
                    ],
                    [
                        0.0,
                        0.0,
                        0.02961822971701622
                    ],
                    [
                        0.0,
                        0.0,
                        0.02961822971701622
                    ],
                    [
                        0.0,
                        0.0,
                        0.011905848048627377
                    ],
                    [
                        0.0,
                        0.0,
                        0.007338991388678551
                    ],
                    [
                        0.0,
                        0.0,
                        0.02961822971701622
                    ],
                    [
                        0.0,
                        0.0,
                        0.008956258185207844
                    ],
                    [
                        0.0,
                        0.0,
                        0.007475945632904768
                    ],
                    [
                        0.0,
                        0.0,
                        0.037155795842409134
                    ],
                    [
                        0.0,
                        0.0,
                        0.037155795842409134
                    ],
                    [
                        0.0,
                        0.0,
                        0.02508368343114853
                    ],
                    [
                        0.0,
                        0.0,
                        0.033558908849954605
                    ],
                    [
                        0.0,
                        0.0,
                        0.037155795842409134
                    ],
                    [
                        0.0,
                        0.0,
                        0.025083687156438828
                    ],
                    [
                        0.0,
                        0.0,
                        0.03355890512466431
                    ],
                    [
                        0.0,
                        0.0,
                        0.01924316957592964
                    ],
                    [
                        0.0,
                        0.0,
                        0.01924316957592964
                    ],
                    [
                        0.0,
                        0.0,
                        0.015040154568850994
                    ],
                    [
                        0.0,
                        0.0,
                        0.015040154568850994
                    ],
                    [
                        0.0,
                        0.0,
                        0.01983770914375782
                    ],
                    [
                        0.0,
                        0.0,
                        0.018537156283855438
                    ],
                    [
                        0.0,
                        0.0,
                        0.015998275950551033
                    ],
                    [
                        0.0,
                        0.0,
                        0.01983770914375782
                    ],
                    [
                        0.0,
                        0.0,
                        0.018537156283855438
                    ],
                    [
                        0.0,
                        0.0,
                        0.015998275950551033
                    ]
                ]
            ]
        }
    ]
}