{
    "people": [
        {
            "person_id": [
                1
            ],
            "pose_keypoints_2d": [
                [
                    [
                        419.017578125,
                        297.771484375,
                        0.8917931914329529
                    ],
                    [
                        411.9765625,
                        272.625,
                        0.6870261430740356
                    ],
                    [
                        384.818359375,
                        273.630859375,
                        0.6811050176620483
                    ],
                    [
                        366.712890625,
                        327.947265625,
                        0.9322641491889954
                    ],
                    [
                        368.724609375,
                        380.251953125,
                        0.8837699890136719
                    ],
                    [
                        439.134765625,
                        271.619140625,
                        0.692947268486023
                    ],
                    [
                        459.251953125,
                        323.923828125,
                        0.9351426362991333
                    ],
                    [
                        465.287109375,
                        376.228515625,
                        0.8938477635383606
                    ],
                    [
                        405.94140625,
                        248.48439025878906,
                        0.85499507188797
                    ],
                    [
                        388.841796875,
                        251.50196838378906,
                        0.814181923866272
                    ],
                    [
                        396.888671875,
                        321.912109375,
                        0.8639022707939148
                    ],
                    [
                        404.935546875,
                        374.216796875,
                        0.8550906181335449
                    ],
                    [
                        423.041015625,
                        245.46681213378906,
                        0.895808219909668
                    ],
                    [
                        433.099609375,
                        295.759765625,
                        0.5773419141769409
                    ],
                    [
                        431.087890625,
                        319.900390625,
                        0.854162335395813
                    ],
                    [
                        412.982421875,
                        295.759765625,
                        0.9595057964324951
                    ],
                    [
                        423.041015625,
                        295.759765625,
                        0.9036546945571899
                    ],
                    [
                        400.912109375,
                        283.689453125,
                        0.7742964029312134
                    ],
                    [
                        431.087890625,
                        279.666015625,
                        0.6872501373291016
                    ],
                    [
                        437.123046875,
                        335.994140625,
                        0.8596498370170593
                    ],
                    [
                        441.146484375,
                        333.982421875,
                        0.8552987575531006
                    ],
                    [
                        429.076171875,
                        321.912109375,
                        0.6918872594833374
                    ],
                    [
                        412.982421875,
                        390.310546875,
                        0.6768683195114136
                    ],
                    [
                        402.923828125,
                        386.287109375,
                        0.5607962608337402
                    ],
                    [
                        406.947265625,
                        376.228515625,
                        0.729165256023407
                    ]
                ]
            ]
        },
        {
            "person_id": [
                2
            ],
            "pose_keypoints_2d": [
                [
                    [
                        0.0,
                        0.0,
                        0.020531099289655685
                    ],
                    [
                        0.0,
                        0.0,
                        0.029849819839000702
                    ],
                    [
                        0.0,
                        0.0,
                        0.029849819839000702
                    ],
                    [
                        0.0,
                        0.0,
                        0.012015359476208687
                    ],
                    [
                        0.0,
                        0.0,
                        0.007502174004912376
                    ],
                    [
                        0.0,
                        0.0,
                        0.029849819839000702
                    ],
                    [
                        0.0,
                        0.0,
                        0.009054431691765785
                    ],
                    [
                        0.0,
                        0.0,
                        0.007550043519586325
                    ],
                    [
                        0.0,
                        0.0,
                        0.037438396364450455
                    ],
                    [
                        0.0,
                        0.0,
                        0.037438396364450455
                    ],
                    [
                        0.0,
                        0.0,
                        0.025315171107649803
                    ],
                    [
                        0.0,
                        0.0,
                        0.03399762138724327
                    ],
                    [
                        0.0,
                        0.0,
                        0.037438396364450455
                    ],
                    [
                        0.0,
                        0.0,
                        0.025315171107649803
                    ],
                    [
                        0.0,
                        0.0,
                        0.03399762138724327
                    ],
                    [
                        0.0,
                        0.0,
                        0.019224030897021294
                    ],
                    [
                        0.0,
                        0.0,
                        0.019224030897021294
                    ],
                    [
                        0.0,
                        0.0,
                        0.015098605304956436
                    ],
                    [
                        0.0,
                        0.0,
                        0.015098605304956436
                    ],
                    [
                        0.0,
                        0.0,
                        0.020358137786388397
                    ],
                    [
                        0.0,
                        0.0,
                        0.018469566479325294
                    ],
                    [
                        0.0,
                        0.0,
                        0.01647251471877098
                    ],
                    [
                        0.0,
                        0.0,
                        0.020358137786388397
                    ],
                    [
                        0.0,
                        0.0,
                        0.018469566479325294
                    ],
                    [
                        0.0,
                        0.0,
                        0.01647251471877098
                    ]
                ]
            ]
        }
    ]
}