{
    "people": [
        {
            "person_id": [
                1
            ],
            "pose_keypoints_2d": [
                [
                    [
                        417.3125,
                        290.5625,
                        0.9560408592224121
                    ],
                    [
                        411.6875,
                        266.1875,
                        0.7221881151199341
                    ],
                    [
                        385.4375,
                        268.0625,
                        0.7573062777519226
                    ],
                    [
                        364.8125,
                        318.6875,
                        0.9130125641822815
                    ],
                    [
                        368.5625,
                        369.3125,
                        0.8906760215759277
                    ],
                    [
                        437.9375,
                        264.3125,
                        0.6870698928833008
                    ],
                    [
                        458.5625,
                        314.9375,
                        0.9225720167160034
                    ],
                    [
                        462.3125,
                        367.4375,
                        0.9156006574630737
                    ],
                    [
                        407.0,
                        245.5625,
                        0.7047002911567688
                    ],
                    [
                        391.0625,
                        249.3125,
                        0.6542989015579224
                    ],
                    [
                        396.6875,
                        320.5625,
                        0.8505836129188538
                    ],
                    [
                        406.0625,
                        374.9375,
                        0.865590512752533
                    ],
                    [
                        422.9375,
                        241.8125,
                        0.7551016807556152
                    ],
                    [
                        430.4375,
                        296.1875,
                        0.665546178817749
                    ],
                    [
                        430.4375,
                        320.5625,
                        0.912010908126831
                    ],
                    [
                        411.6875,
                        286.8125,
                        0.9552409052848816
                    ],
                    [
                        421.0625,
                        284.9375,
                        0.914901852607727
                    ],
                    [
                        400.4375,
                        275.5625,
                        0.7932115793228149
                    ],
                    [
                        430.4375,
                        273.6875,
                        0.7814785242080688
                    ],
                    [
                        436.0625,
                        335.5625,
                        0.8555678725242615
                    ],
                    [
                        439.8125,
                        333.6875,
                        0.8771902918815613
                    ],
                    [
                        426.6875,
                        322.4375,
                        0.749908447265625
                    ],
                    [
                        411.6875,
                        391.8125,
                        0.7004595994949341
                    ],
                    [
                        402.3125,
                        389.9375,
                        0.7250906229019165
                    ],
                    [
                        407.9375,
                        376.8125,
                        0.7245112657546997
                    ]
                ]
            ]
        },
        {
            "person_id": [
                2
            ],
            "pose_keypoints_2d": [
                [
                    [
                        0.0,
                        0.0,
                        0.020531099289655685
                    ],
                    [
                        0.0,
                        0.0,
                        0.029849819839000702
                    ],
                    [
                        0.0,
                        0.0,
                        0.029849819839000702
                    ],
                    [
                        0.0,
                        0.0,
                        0.012015359476208687
                    ],
                    [
                        0.0,
                        0.0,
                        0.007502174004912376
                    ],
                    [
                        0.0,
                        0.0,
                        0.029849819839000702
                    ],
                    [
                        0.0,
                        0.0,
                        0.009054431691765785
                    ],
                    [
                        0.0,
                        0.0,
                        0.007550043519586325
                    ],
                    [
                        0.0,
                        0.0,
                        0.037438396364450455
                    ],
                    [
                        0.0,
                        0.0,
                        0.037438396364450455
                    ],
                    [
                        0.0,
                        0.0,
                        0.025315171107649803
                    ],
                    [
                        0.0,
                        0.0,
                        0.03399762138724327
                    ],
                    [
                        0.0,
                        0.0,
                        0.037438396364450455
                    ],
                    [
                        0.0,
                        0.0,
                        0.025315171107649803
                    ],
                    [
                        0.0,
                        0.0,
                        0.03399762138724327
                    ],
                    [
                        0.0,
                        0.0,
                        0.019224030897021294
                    ],
                    [
                        0.0,
                        0.0,
                        0.019224030897021294
                    ],
                    [
                        0.0,
                        0.0,
                        0.015098605304956436
                    ],
                    [
                        0.0,
                        0.0,
                        0.015098605304956436
                    ],
                    [
                        0.0,
                        0.0,
                        0.0203581340610981
                    ],
                    [
                        0.0,
                        0.0,
                        0.018469566479325294
                    ],
                    [
                        0.0,
                        0.0,
                        0.01647251471877098
                    ],
                    [
                        0.0,
                        0.0,
                        0.020358137786388397
                    ],
                    [
                        0.0,
                        0.0,
                        0.018469566479325294
                    ],
                    [
                        0.0,
                        0.0,
                        0.01647251471877098
                    ]
                ]
            ]
        }
    ]
}