{
    "people": [
        {
            "person_id": [
                1
            ],
            "pose_keypoints_2d": [
                [
                    [
                        424.013671875,
                        330.271484375,
                        0.900592565536499
                    ],
                    [
                        415.87890625,
                        300.056640625,
                        0.7074089050292969
                    ],
                    [
                        389.150390625,
                        304.705078125,
                        0.743354856967926
                    ],
                    [
                        377.529296875,
                        362.810546875,
                        0.9502918720245361
                    ],
                    [
                        377.529296875,
                        418.591796875,
                        0.8909603357315063
                    ],
                    [
                        442.607421875,
                        295.408203125,
                        0.671462893486023
                    ],
                    [
                        463.525390625,
                        353.513671875,
                        0.9496508240699768
                    ],
                    [
                        477.470703125,
                        409.294921875,
                        0.8951151371002197
                    ],
                    [
                        407.744140625,
                        259.3828125,
                        0.9090029001235962
                    ],
                    [
                        389.150390625,
                        262.869140625,
                        0.9053173065185547
                    ],
                    [
                        393.798828125,
                        325.623046875,
                        0.626717746257782
                    ],
                    [
                        405.419921875,
                        374.431640625,
                        0.8752003908157349
                    ],
                    [
                        426.337890625,
                        255.896484375,
                        0.9126884937286377
                    ],
                    [
                        437.958984375,
                        290.759765625,
                        0.5162256360054016
                    ],
                    [
                        442.607421875,
                        327.947265625,
                        0.5933456420898438
                    ],
                    [
                        417.041015625,
                        327.947265625,
                        0.8617210388183594
                    ],
                    [
                        426.337890625,
                        325.623046875,
                        0.857796311378479
                    ],
                    [
                        405.419921875,
                        316.326171875,
                        0.7353036403656006
                    ],
                    [
                        433.310546875,
                        314.001953125,
                        0.6905393600463867
                    ],
                    [
                        442.607421875,
                        339.568359375,
                        0.5752912163734436
                    ],
                    [
                        444.931640625,
                        334.919921875,
                        0.6776930093765259
                    ],
                    [
                        442.607421875,
                        325.623046875,
                        0.4350735545158386
                    ],
                    [
                        412.392578125,
                        390.701171875,
                        0.7629196047782898
                    ],
                    [
                        403.095703125,
                        390.701171875,
                        0.8228347897529602
                    ],
                    [
                        407.744140625,
                        376.755859375,
                        0.7663059830665588
                    ]
                ]
            ]
        },
        {
            "person_id": [
                2
            ],
            "pose_keypoints_2d": [
                [
                    [
                        0.0,
                        0.0,
                        0.02053990215063095
                    ],
                    [
                        0.0,
                        0.0,
                        0.02973298355937004
                    ],
                    [
                        0.0,
                        0.0,
                        0.02973298355937004
                    ],
                    [
                        0.0,
                        0.0,
                        0.01196254137903452
                    ],
                    [
                        0.0,
                        0.0,
                        0.007421588525176048
                    ],
                    [
                        0.0,
                        0.0,
                        0.02973298355937004
                    ],
                    [
                        0.0,
                        0.0,
                        0.008996602147817612
                    ],
                    [
                        0.0,
                        0.0,
                        0.007513847202062607
                    ],
                    [
                        0.0,
                        0.0,
                        0.037304166704416275
                    ],
                    [
                        0.0,
                        0.0,
                        0.037304166704416275
                    ],
                    [
                        0.0,
                        0.0,
                        0.02520212158560753
                    ],
                    [
                        0.0,
                        0.0,
                        0.033779580146074295
                    ],
                    [
                        0.0,
                        0.0,
                        0.037304166704416275
                    ],
                    [
                        0.0,
                        0.0,
                        0.02520212158560753
                    ],
                    [
                        0.0,
                        0.0,
                        0.033779580146074295
                    ],
                    [
                        0.0,
                        0.0,
                        0.019236018881201744
                    ],
                    [
                        0.0,
                        0.0,
                        0.019236018881201744
                    ],
                    [
                        0.0,
                        0.0,
                        0.015073975548148155
                    ],
                    [
                        0.0,
                        0.0,
                        0.015073975548148155
                    ],
                    [
                        0.0,
                        0.0,
                        0.020099785178899765
                    ],
                    [
                        0.0,
                        0.0,
                        0.0185064859688282
                    ],
                    [
                        0.0,
                        0.0,
                        0.016233710572123528
                    ],
                    [
                        0.0,
                        0.0,
                        0.020099785178899765
                    ],
                    [
                        0.0,
                        0.0,
                        0.0185064859688282
                    ],
                    [
                        0.0,
                        0.0,
                        0.016233710572123528
                    ]
                ]
            ]
        }
    ]
}