{
    "people": [
        {
            "person_id": [
                1
            ],
            "pose_keypoints_2d": [
                [
                    [
                        425.384765625,
                        345.416015625,
                        0.8854655027389526
                    ],
                    [
                        418.646484375,
                        313.970703125,
                        0.778144121170044
                    ],
                    [
                        391.693359375,
                        316.216796875,
                        0.8128811717033386
                    ],
                    [
                        380.462890625,
                        374.615234375,
                        0.9075629711151123
                    ],
                    [
                        382.708984375,
                        428.521484375,
                        0.872468888759613
                    ],
                    [
                        445.599609375,
                        311.724609375,
                        0.743407130241394
                    ],
                    [
                        465.814453125,
                        367.876953125,
                        0.9536228179931641
                    ],
                    [
                        481.537109375,
                        421.783203125,
                        0.9031400084495544
                    ],
                    [
                        411.908203125,
                        266.802734375,
                        0.9110643863677979
                    ],
                    [
                        393.939453125,
                        269.048828125,
                        0.8857694268226624
                    ],
                    [
                        391.693359375,
                        329.693359375,
                        0.6120061874389648
                    ],
                    [
                        407.416015625,
                        374.615234375,
                        0.8372636437416077
                    ],
                    [
                        429.876953125,
                        264.556640625,
                        0.9363593459129333
                    ],
                    [
                        438.861328125,
                        298.248046875,
                        0.43338119983673096
                    ],
                    [
                        441.107421875,
                        329.693359375,
                        0.22922398149967194
                    ],
                    [
                        418.646484375,
                        340.923828125,
                        0.8875290155410767
                    ],
                    [
                        427.630859375,
                        340.923828125,
                        0.8573742508888245
                    ],
                    [
                        405.169921875,
                        327.447265625,
                        0.716987133026123
                    ],
                    [
                        436.615234375,
                        325.201171875,
                        0.6634502410888672
                    ],
                    [
                        447.845703125,
                        336.431640625,
                        0.15858232975006104
                    ],
                    [
                        447.845703125,
                        336.431640625,
                        0.31315159797668457
                    ],
                    [
                        443.353515625,
                        329.693359375,
                        0.1676979809999466
                    ],
                    [
                        409.662109375,
                        392.583984375,
                        0.7890581488609314
                    ],
                    [
                        402.923828125,
                        390.337890625,
                        0.802094042301178
                    ],
                    [
                        409.662109375,
                        376.861328125,
                        0.7527819275856018
                    ]
                ]
            ]
        },
        {
            "person_id": [
                2
            ],
            "pose_keypoints_2d": [
                [
                    [
                        0.0,
                        0.0,
                        0.020531099289655685
                    ],
                    [
                        0.0,
                        0.0,
                        0.029849819839000702
                    ],
                    [
                        0.0,
                        0.0,
                        0.029849819839000702
                    ],
                    [
                        0.0,
                        0.0,
                        0.012015359476208687
                    ],
                    [
                        0.0,
                        0.0,
                        0.007502174004912376
                    ],
                    [
                        0.0,
                        0.0,
                        0.029849819839000702
                    ],
                    [
                        0.0,
                        0.0,
                        0.009054431691765785
                    ],
                    [
                        0.0,
                        0.0,
                        0.007550043519586325
                    ],
                    [
                        0.0,
                        0.0,
                        0.037438396364450455
                    ],
                    [
                        0.0,
                        0.0,
                        0.037438396364450455
                    ],
                    [
                        0.0,
                        0.0,
                        0.025315171107649803
                    ],
                    [
                        0.0,
                        0.0,
                        0.03399762138724327
                    ],
                    [
                        0.0,
                        0.0,
                        0.037438396364450455
                    ],
                    [
                        0.0,
                        0.0,
                        0.025315171107649803
                    ],
                    [
                        0.0,
                        0.0,
                        0.03399762138724327
                    ],
                    [
                        0.0,
                        0.0,
                        0.019224030897021294
                    ],
                    [
                        0.0,
                        0.0,
                        0.019224032759666443
                    ],
                    [
                        0.0,
                        0.0,
                        0.015098605304956436
                    ],
                    [
                        0.0,
                        0.0,
                        0.015098605304956436
                    ],
                    [
                        0.0,
                        0.0,
                        0.020358137786388397
                    ],
                    [
                        0.0,
                        0.0,
                        0.018469566479325294
                    ],
                    [
                        0.0,
                        0.0,
                        0.01647251471877098
                    ],
                    [
                        0.0,
                        0.0,
                        0.020358137786388397
                    ],
                    [
                        0.0,
                        0.0,
                        0.018469566479325294
                    ],
                    [
                        0.0,
                        0.0,
                        0.01647251471877098
                    ]
                ]
            ]
        }
    ]
}