{
    "people": [
        {
            "person_id": [
                1
            ],
            "pose_keypoints_2d": [
                [
                    [
                        435.03515625,
                        366.54296875,
                        0.8960307240486145
                    ],
                    [
                        428.82421875,
                        329.27734375,
                        0.6527950763702393
                    ],
                    [
                        397.76953125,
                        331.34765625,
                        0.6605905294418335
                    ],
                    [
                        383.27734375,
                        387.24609375,
                        0.9012466669082642
                    ],
                    [
                        381.20703125,
                        436.93359375,
                        0.8900390267372131
                    ],
                    [
                        459.87890625,
                        327.20703125,
                        0.6449996829032898
                    ],
                    [
                        476.44140625,
                        374.82421875,
                        0.8976357579231262
                    ],
                    [
                        484.72265625,
                        426.58203125,
                        0.8891493082046509
                    ],
                    [
                        429.859375,
                        287.87109375,
                        0.8801859021186829
                    ],
                    [
                        410.19140625,
                        287.87109375,
                        0.9053987860679626
                    ],
                    [
                        381.20703125,
                        358.26171875,
                        0.912918210029602
                    ],
                    [
                        412.26171875,
                        368.61328125,
                        0.7991770505905151
                    ],
                    [
                        449.52734375,
                        287.87109375,
                        0.8549730181694031
                    ],
                    [
                        464.01953125,
                        343.76953125,
                        0.5124255418777466
                    ],
                    [
                        476.44140625,
                        370.68359375,
                        0.23126637935638428
                    ],
                    [
                        430.89453125,
                        362.40234375,
                        0.8647946119308472
                    ],
                    [
                        439.17578125,
                        362.40234375,
                        0.9107812643051147
                    ],
                    [
                        416.40234375,
                        345.83984375,
                        0.8847759962081909
                    ],
                    [
                        449.52734375,
                        343.76953125,
                        0.7420382499694824
                    ],
                    [
                        482.65234375,
                        453.49609375,
                        0.06816960871219635
                    ],
                    [
                        497.14453125,
                        441.07421875,
                        0.0670449435710907
                    ],
                    [
                        478.51171875,
                        372.75390625,
                        0.18731792271137238
                    ],
                    [
                        412.26171875,
                        391.38671875,
                        0.7374355792999268
                    ],
                    [
                        406.05078125,
                        387.24609375,
                        0.7223940491676331
                    ],
                    [
                        414.33203125,
                        368.61328125,
                        0.6362823843955994
                    ]
                ]
            ]
        },
        {
            "person_id": [
                2
            ],
            "pose_keypoints_2d": [
                [
                    [
                        0.0,
                        0.0,
                        0.020531099289655685
                    ],
                    [
                        0.0,
                        0.0,
                        0.029849819839000702
                    ],
                    [
                        0.0,
                        0.0,
                        0.029849819839000702
                    ],
                    [
                        0.0,
                        0.0,
                        0.012015359476208687
                    ],
                    [
                        0.0,
                        0.0,
                        0.007502174004912376
                    ],
                    [
                        0.0,
                        0.0,
                        0.029849819839000702
                    ],
                    [
                        0.0,
                        0.0,
                        0.009054429829120636
                    ],
                    [
                        0.0,
                        0.0,
                        0.007550043519586325
                    ],
                    [
                        0.0,
                        0.0,
                        0.037438396364450455
                    ],
                    [
                        0.0,
                        0.0,
                        0.037438396364450455
                    ],
                    [
                        0.0,
                        0.0,
                        0.025315171107649803
                    ],
                    [
                        0.0,
                        0.0,
                        0.03399762138724327
                    ],
                    [
                        0.0,
                        0.0,
                        0.037438396364450455
                    ],
                    [
                        0.0,
                        0.0,
                        0.025315171107649803
                    ],
                    [
                        0.0,
                        0.0,
                        0.03399762138724327
                    ],
                    [
                        0.0,
                        0.0,
                        0.019224032759666443
                    ],
                    [
                        0.0,
                        0.0,
                        0.019224030897021294
                    ],
                    [
                        0.0,
                        0.0,
                        0.015098605304956436
                    ],
                    [
                        0.0,
                        0.0,
                        0.015098605304956436
                    ],
                    [
                        0.0,
                        0.0,
                        0.020358137786388397
                    ],
                    [
                        0.0,
                        0.0,
                        0.018469566479325294
                    ],
                    [
                        0.0,
                        0.0,
                        0.01647251471877098
                    ],
                    [
                        0.0,
                        0.0,
                        0.020358137786388397
                    ],
                    [
                        0.0,
                        0.0,
                        0.018469566479325294
                    ],
                    [
                        0.0,
                        0.0,
                        0.01647251471877098
                    ]
                ]
            ]
        }
    ]
}