{
    "people": [
        {
            "person_id": [
                1
            ],
            "pose_keypoints_2d": [
                [
                    [
                        436.3271484375,
                        374.2490234375,
                        0.9228612184524536
                    ],
                    [
                        431.615234375,
                        336.5537109375,
                        0.7389518618583679
                    ],
                    [
                        400.5166015625,
                        340.3232421875,
                        0.7241982221603394
                    ],
                    [
                        379.7841796875,
                        389.3271484375,
                        0.9413921236991882
                    ],
                    [
                        381.6689453125,
                        438.3310546875,
                        0.9182544946670532
                    ],
                    [
                        462.7138671875,
                        332.7841796875,
                        0.7537055015563965
                    ],
                    [
                        485.3310546875,
                        379.9033203125,
                        0.9408347606658936
                    ],
                    [
                        485.3310546875,
                        427.0224609375,
                        0.8860613107681274
                    ],
                    [
                        425.9609375,
                        302.6279296875,
                        0.8608130216598511
                    ],
                    [
                        408.0556640625,
                        304.5126953125,
                        0.8401309251785278
                    ],
                    [
                        406.1708984375,
                        325.2451171875,
                        0.3038979470729828
                    ],
                    [
                        415.5947265625,
                        310.1669921875,
                        0.09016011655330658
                    ],
                    [
                        443.8662109375,
                        300.7431640625,
                        0.8814950585365295
                    ],
                    [
                        453.2900390625,
                        327.1298828125,
                        0.3014575242996216
                    ],
                    [
                        440.0966796875,
                        310.1669921875,
                        0.13941442966461182
                    ],
                    [
                        430.6728515625,
                        370.4794921875,
                        0.8894991874694824
                    ],
                    [
                        441.9814453125,
                        368.5947265625,
                        0.8703022003173828
                    ],
                    [
                        419.3642578125,
                        353.5166015625,
                        0.7267246246337891
                    ],
                    [
                        451.4052734375,
                        351.6318359375,
                        0.6712222695350647
                    ],
                    [
                        477.7919921875,
                        453.4091796875,
                        0.04289776086807251
                    ],
                    [
                        498.5244140625,
                        440.2158203125,
                        0.046745333820581436
                    ],
                    [
                        436.3271484375,
                        334.6689453125,
                        0.13635873794555664
                    ],
                    [
                        392.9775390625,
                        460.9482421875,
                        0.062410399317741394
                    ],
                    [
                        370.3603515625,
                        455.2939453125,
                        0.09397454559803009
                    ],
                    [
                        426.9033203125,
                        334.6689453125,
                        0.10627621412277222
                    ]
                ]
            ]
        },
        {
            "person_id": [
                2
            ],
            "pose_keypoints_2d": [
                [
                    [
                        0.0,
                        0.0,
                        0.02053990215063095
                    ],
                    [
                        0.0,
                        0.0,
                        0.02973298355937004
                    ],
                    [
                        0.0,
                        0.0,
                        0.02973298355937004
                    ],
                    [
                        0.0,
                        0.0,
                        0.01196254137903452
                    ],
                    [
                        0.0,
                        0.0,
                        0.007421588525176048
                    ],
                    [
                        0.0,
                        0.0,
                        0.02973298355937004
                    ],
                    [
                        0.0,
                        0.0,
                        0.008996602147817612
                    ],
                    [
                        0.0,
                        0.0,
                        0.007513847202062607
                    ],
                    [
                        0.0,
                        0.0,
                        0.037304166704416275
                    ],
                    [
                        0.0,
                        0.0,
                        0.037304166704416275
                    ],
                    [
                        0.0,
                        0.0,
                        0.02520212158560753
                    ],
                    [
                        0.0,
                        0.0,
                        0.033779580146074295
                    ],
                    [
                        0.0,
                        0.0,
                        0.037304166704416275
                    ],
                    [
                        0.0,
                        0.0,
                        0.02520212158560753
                    ],
                    [
                        0.0,
                        0.0,
                        0.033779580146074295
                    ],
                    [
                        0.0,
                        0.0,
                        0.019236020743846893
                    ],
                    [
                        0.0,
                        0.0,
                        0.019236020743846893
                    ],
                    [
                        0.0,
                        0.0,
                        0.015073975548148155
                    ],
                    [
                        0.0,
                        0.0,
                        0.015073975548148155
                    ],
                    [
                        0.0,
                        0.0,
                        0.020099785178899765
                    ],
                    [
                        0.0,
                        0.0,
                        0.0185064859688282
                    ],
                    [
                        0.0,
                        0.0,
                        0.016233710572123528
                    ],
                    [
                        0.0,
                        0.0,
                        0.020099785178899765
                    ],
                    [
                        0.0,
                        0.0,
                        0.0185064859688282
                    ],
                    [
                        0.0,
                        0.0,
                        0.016233710572123528
                    ]
                ]
            ]
        }
    ]
}