{
    "people": [
        {
            "person_id": [
                1
            ],
            "pose_keypoints_2d": [
                [
                    [
                        424.2626953125,
                        339.1083984375,
                        0.8391801118850708
                    ],
                    [
                        417.3779296875,
                        308.126953125,
                        0.7615610957145691
                    ],
                    [
                        389.8388671875,
                        311.5693359375,
                        0.8390854597091675
                    ],
                    [
                        378.3642578125,
                        368.9423828125,
                        0.9246152639389038
                    ],
                    [
                        380.6591796875,
                        424.0205078125,
                        0.8882609009742737
                    ],
                    [
                        444.9169921875,
                        304.6845703125,
                        0.6840367317199707
                    ],
                    [
                        463.2763671875,
                        362.0576171875,
                        0.9673659801483154
                    ],
                    [
                        479.3408203125,
                        417.1357421875,
                        0.8769510388374329
                    ],
                    [
                        410.4931640625,
                        263.3759765625,
                        0.9175461530685425
                    ],
                    [
                        392.1337890625,
                        265.6708984375,
                        0.8920778632164001
                    ],
                    [
                        389.8388671875,
                        327.6337890625,
                        0.5857950448989868
                    ],
                    [
                        405.9033203125,
                        373.5322265625,
                        0.8729737997055054
                    ],
                    [
                        428.8525390625,
                        261.0810546875,
                        0.9430144429206848
                    ],
                    [
                        438.0322265625,
                        295.5048828125,
                        0.576364278793335
                    ],
                    [
                        440.3271484375,
                        327.6337890625,
                        0.6797692775726318
                    ],
                    [
                        417.3779296875,
                        334.5185546875,
                        0.8669754862785339
                    ],
                    [
                        426.5576171875,
                        334.5185546875,
                        0.7671723365783691
                    ],
                    [
                        405.9033203125,
                        323.0439453125,
                        0.7328155040740967
                    ],
                    [
                        435.7373046875,
                        316.1591796875,
                        0.6000866889953613
                    ],
                    [
                        442.6220703125,
                        336.8134765625,
                        0.5598624348640442
                    ],
                    [
                        444.9169921875,
                        334.5185546875,
                        0.7371968030929565
                    ],
                    [
                        435.7373046875,
                        323.0439453125,
                        0.46280181407928467
                    ],
                    [
                        408.1982421875,
                        387.3017578125,
                        0.731448769569397
                    ],
                    [
                        401.3134765625,
                        387.3017578125,
                        0.7788925766944885
                    ],
                    [
                        408.1982421875,
                        375.8271484375,
                        0.7677954435348511
                    ]
                ]
            ]
        },
        {
            "person_id": [
                2
            ],
            "pose_keypoints_2d": [
                [
                    [
                        0.0,
                        0.0,
                        0.020531099289655685
                    ],
                    [
                        0.0,
                        0.0,
                        0.029849819839000702
                    ],
                    [
                        0.0,
                        0.0,
                        0.029849819839000702
                    ],
                    [
                        0.0,
                        0.0,
                        0.012015359476208687
                    ],
                    [
                        0.0,
                        0.0,
                        0.007502174004912376
                    ],
                    [
                        0.0,
                        0.0,
                        0.029849819839000702
                    ],
                    [
                        0.0,
                        0.0,
                        0.009054431691765785
                    ],
                    [
                        0.0,
                        0.0,
                        0.007550043519586325
                    ],
                    [
                        0.0,
                        0.0,
                        0.037438396364450455
                    ],
                    [
                        0.0,
                        0.0,
                        0.037438396364450455
                    ],
                    [
                        0.0,
                        0.0,
                        0.025315171107649803
                    ],
                    [
                        0.0,
                        0.0,
                        0.03399762138724327
                    ],
                    [
                        0.0,
                        0.0,
                        0.037438396364450455
                    ],
                    [
                        0.0,
                        0.0,
                        0.025315171107649803
                    ],
                    [
                        0.0,
                        0.0,
                        0.03399762138724327
                    ],
                    [
                        0.0,
                        0.0,
                        0.019224032759666443
                    ],
                    [
                        0.0,
                        0.0,
                        0.019224032759666443
                    ],
                    [
                        0.0,
                        0.0,
                        0.015098605304956436
                    ],
                    [
                        0.0,
                        0.0,
                        0.015098605304956436
                    ],
                    [
                        0.0,
                        0.0,
                        0.020358137786388397
                    ],
                    [
                        0.0,
                        0.0,
                        0.018469566479325294
                    ],
                    [
                        0.0,
                        0.0,
                        0.01647251471877098
                    ],
                    [
                        0.0,
                        0.0,
                        0.0203581340610981
                    ],
                    [
                        0.0,
                        0.0,
                        0.018469566479325294
                    ],
                    [
                        0.0,
                        0.0,
                        0.01647251471877098
                    ]
                ]
            ]
        }
    ]
}