{
    "people": [
        {
            "person_id": [
                1
            ],
            "pose_keypoints_2d": [
                [
                    [
                        434.4521484375,
                        373.1220703125,
                        0.9089099168777466
                    ],
                    [
                        430.6435546875,
                        338.8447265625,
                        0.7469466924667358
                    ],
                    [
                        400.1748046875,
                        340.7490234375,
                        0.7778544425964355
                    ],
                    [
                        375.4189453125,
                        390.2607421875,
                        0.9678572416305542
                    ],
                    [
                        377.3232421875,
                        437.8681640625,
                        0.8919883370399475
                    ],
                    [
                        461.1123046875,
                        336.9404296875,
                        0.7160388827323914
                    ],
                    [
                        489.6767578125,
                        378.8349609375,
                        0.9326238632202148
                    ],
                    [
                        491.5810546875,
                        428.3466796875,
                        0.8880177736282349
                    ],
                    [
                        427.787109375,
                        301.7109375,
                        0.857928991317749
                    ],
                    [
                        409.6962890625,
                        302.6630859375,
                        0.8554667234420776
                    ],
                    [
                        405.8876953125,
                        325.5146484375,
                        0.2800889015197754
                    ],
                    [
                        413.5048828125,
                        308.3759765625,
                        0.119804747402668
                    ],
                    [
                        445.8779296875,
                        300.7587890625,
                        0.8603913187980652
                    ],
                    [
                        453.4951171875,
                        325.5146484375,
                        0.3717361092567444
                    ],
                    [
                        436.3564453125,
                        346.4619140625,
                        0.12405483424663544
                    ],
                    [
                        428.7392578125,
                        369.3134765625,
                        0.9405380487442017
                    ],
                    [
                        438.2607421875,
                        369.3134765625,
                        0.8993090391159058
                    ],
                    [
                        417.3134765625,
                        352.1748046875,
                        0.7959752082824707
                    ],
                    [
                        449.6865234375,
                        352.1748046875,
                        0.7614806294441223
                    ],
                    [
                        474.4423828125,
                        451.1982421875,
                        0.060937147587537766
                    ],
                    [
                        501.1025390625,
                        449.2939453125,
                        0.04123980924487114
                    ],
                    [
                        440.1650390625,
                        342.6533203125,
                        0.0985562726855278
                    ],
                    [
                        392.5576171875,
                        460.7197265625,
                        0.02329937368631363
                    ],
                    [
                        369.7060546875,
                        456.9111328125,
                        0.07469690591096878
                    ],
                    [
                        417.3134765625,
                        346.4619140625,
                        0.10332665592432022
                    ]
                ]
            ]
        },
        {
            "person_id": [
                2
            ],
            "pose_keypoints_2d": [
                [
                    [
                        0.0,
                        0.0,
                        0.02053990215063095
                    ],
                    [
                        0.0,
                        0.0,
                        0.02973298355937004
                    ],
                    [
                        0.0,
                        0.0,
                        0.02973298355937004
                    ],
                    [
                        0.0,
                        0.0,
                        0.01196254137903452
                    ],
                    [
                        0.0,
                        0.0,
                        0.007421588525176048
                    ],
                    [
                        0.0,
                        0.0,
                        0.02973298355937004
                    ],
                    [
                        0.0,
                        0.0,
                        0.008996602147817612
                    ],
                    [
                        0.0,
                        0.0,
                        0.007513847202062607
                    ],
                    [
                        0.0,
                        0.0,
                        0.037304166704416275
                    ],
                    [
                        0.0,
                        0.0,
                        0.037304166704416275
                    ],
                    [
                        0.0,
                        0.0,
                        0.02520212158560753
                    ],
                    [
                        0.0,
                        0.0,
                        0.033779580146074295
                    ],
                    [
                        0.0,
                        0.0,
                        0.037304166704416275
                    ],
                    [
                        0.0,
                        0.0,
                        0.02520212158560753
                    ],
                    [
                        0.0,
                        0.0,
                        0.033779580146074295
                    ],
                    [
                        0.0,
                        0.0,
                        0.019236018881201744
                    ],
                    [
                        0.0,
                        0.0,
                        0.019236020743846893
                    ],
                    [
                        0.0,
                        0.0,
                        0.015073975548148155
                    ],
                    [
                        0.0,
                        0.0,
                        0.015073975548148155
                    ],
                    [
                        0.0,
                        0.0,
                        0.020099788904190063
                    ],
                    [
                        0.0,
                        0.0,
                        0.0185064859688282
                    ],
                    [
                        0.0,
                        0.0,
                        0.016233710572123528
                    ],
                    [
                        0.0,
                        0.0,
                        0.020099785178899765
                    ],
                    [
                        0.0,
                        0.0,
                        0.0185064859688282
                    ],
                    [
                        0.0,
                        0.0,
                        0.016233710572123528
                    ]
                ]
            ]
        }
    ]
}