{
    "people": [
        {
            "person_id": [
                1
            ],
            "pose_keypoints_2d": [
                [
                    [
                        439.92840576171875,
                        421.16278076171875,
                        0.8433749079704285
                    ],
                    [
                        435.6835632324219,
                        379.77606201171875,
                        0.8967586755752563
                    ],
                    [
                        405.97003173828125,
                        382.95965576171875,
                        0.88456791639328
                    ],
                    [
                        359.27734375,
                        397.81640625,
                        0.9891741275787354
                    ],
                    [
                        376.2565002441406,
                        438.14190673828125,
                        0.8976029753684998
                    ],
                    [
                        465.3970947265625,
                        376.59246826171875,
                        0.9089493751525879
                    ],
                    [
                        503.6002197265625,
                        387.2044677734375,
                        0.972135066986084
                    ],
                    [
                        492.98828125,
                        429.65234375,
                        0.9132488369941711
                    ],
                    [
                        427.1940002441406,
                        338.38934326171875,
                        0.773888885974884
                    ],
                    [
                        410.21484375,
                        338.38934326171875,
                        0.7920782566070557
                    ],
                    [
                        403.84765625,
                        344.75653076171875,
                        0.568703293800354
                    ],
                    [
                        410.21484375,
                        323.53253173828125,
                        0.9606359004974365
                    ],
                    [
                        444.17315673828125,
                        338.38934326171875,
                        0.7556995153427124
                    ],
                    [
                        450.54034423828125,
                        340.51171875,
                        0.5986701846122742
                    ],
                    [
                        437.80596923828125,
                        319.28778076171875,
                        0.9836648106575012
                    ],
                    [
                        435.68359375,
                        416.91796875,
                        0.8549619913101196
                    ],
                    [
                        446.29559326171875,
                        416.91796875,
                        0.8543410301208496
                    ],
                    [
                        422.94921875,
                        399.93878173828125,
                        0.8086339235305786
                    ],
                    [
                        456.90753173828125,
                        395.69403076171875,
                        0.742552638053894
                    ],
                    [
                        433.56121826171875,
                        321.41015625,
                        0.3284197747707367
                    ],
                    [
                        439.92840576171875,
                        321.41015625,
                        0.381951242685318
                    ],
                    [
                        435.68359375,
                        315.04296875,
                        0.8544755578041077
                    ],
                    [
                        412.33721923828125,
                        321.41015625,
                        0.47713732719421387
                    ],
                    [
                        405.97003173828125,
                        323.53253173828125,
                        0.5340594053268433
                    ],
                    [
                        410.21484375,
                        317.16534423828125,
                        0.8075582981109619
                    ]
                ]
            ]
        },
        {
            "person_id": [
                2
            ],
            "pose_keypoints_2d": [
                [
                    [
                        0.0,
                        0.0,
                        0.02053990215063095
                    ],
                    [
                        0.0,
                        0.0,
                        0.02973298355937004
                    ],
                    [
                        0.0,
                        0.0,
                        0.02973298355937004
                    ],
                    [
                        0.0,
                        0.0,
                        0.01196254137903452
                    ],
                    [
                        0.0,
                        0.0,
                        0.007421588525176048
                    ],
                    [
                        0.0,
                        0.0,
                        0.02973298355937004
                    ],
                    [
                        0.0,
                        0.0,
                        0.008996602147817612
                    ],
                    [
                        0.0,
                        0.0,
                        0.007513847202062607
                    ],
                    [
                        0.0,
                        0.0,
                        0.037304166704416275
                    ],
                    [
                        0.0,
                        0.0,
                        0.037304166704416275
                    ],
                    [
                        0.0,
                        0.0,
                        0.02520212158560753
                    ],
                    [
                        0.0,
                        0.0,
                        0.033779580146074295
                    ],
                    [
                        0.0,
                        0.0,
                        0.037304166704416275
                    ],
                    [
                        0.0,
                        0.0,
                        0.02520212158560753
                    ],
                    [
                        0.0,
                        0.0,
                        0.033779580146074295
                    ],
                    [
                        0.0,
                        0.0,
                        0.019236018881201744
                    ],
                    [
                        0.0,
                        0.0,
                        0.019236018881201744
                    ],
                    [
                        0.0,
                        0.0,
                        0.015073975548148155
                    ],
                    [
                        0.0,
                        0.0,
                        0.015073975548148155
                    ],
                    [
                        0.0,
                        0.0,
                        0.020099785178899765
                    ],
                    [
                        0.0,
                        0.0,
                        0.0185064859688282
                    ],
                    [
                        0.0,
                        0.0,
                        0.016233710572123528
                    ],
                    [
                        0.0,
                        0.0,
                        0.020099785178899765
                    ],
                    [
                        0.0,
                        0.0,
                        0.0185064859688282
                    ],
                    [
                        0.0,
                        0.0,
                        0.016233710572123528
                    ]
                ]
            ]
        }
    ]
}