{
    "people": [
        {
            "person_id": [
                1
            ],
            "pose_keypoints_2d": [
                [
                    [
                        428.580078125,
                        361.076171875,
                        0.8638569712638855
                    ],
                    [
                        423.16015625,
                        326.388671875,
                        0.716445803642273
                    ],
                    [
                        393.892578125,
                        328.556640625,
                        0.6715798377990723
                    ],
                    [
                        383.052734375,
                        382.755859375,
                        0.8982782363891602
                    ],
                    [
                        383.052734375,
                        434.787109375,
                        0.8791947364807129
                    ],
                    [
                        452.427734375,
                        324.220703125,
                        0.7613117694854736
                    ],
                    [
                        471.939453125,
                        374.083984375,
                        0.9594608545303345
                    ],
                    [
                        484.947265625,
                        426.115234375,
                        0.880918025970459
                    ],
                    [
                        418.82421875,
                        276.525390625,
                        0.8769632577896118
                    ],
                    [
                        400.396484375,
                        276.525390625,
                        0.8768668174743652
                    ],
                    [
                        389.556640625,
                        341.564453125,
                        0.654691219329834
                    ],
                    [
                        406.900390625,
                        374.083984375,
                        0.7703121900558472
                    ],
                    [
                        437.251953125,
                        276.525390625,
                        0.8770597577095032
                    ],
                    [
                        443.755859375,
                        322.052734375,
                        0.2940782904624939
                    ],
                    [
                        432.916015625,
                        330.724609375,
                        0.14616316556930542
                    ],
                    [
                        422.076171875,
                        356.740234375,
                        0.8766584396362305
                    ],
                    [
                        430.748046875,
                        356.740234375,
                        0.8712105751037598
                    ],
                    [
                        409.068359375,
                        341.564453125,
                        0.8455286026000977
                    ],
                    [
                        441.587890625,
                        337.228515625,
                        0.6669858694076538
                    ],
                    [
                        411.236328125,
                        389.259765625,
                        0.02940145507454872
                    ],
                    [
                        500.123046875,
                        443.458984375,
                        0.07163640856742859
                    ],
                    [
                        435.083984375,
                        330.724609375,
                        0.13160674273967743
                    ],
                    [
                        409.068359375,
                        391.427734375,
                        0.7404530048370361
                    ],
                    [
                        404.732421875,
                        389.259765625,
                        0.7969001531600952
                    ],
                    [
                        411.236328125,
                        376.251953125,
                        0.675011396408081
                    ]
                ]
            ]
        },
        {
            "person_id": [
                2
            ],
            "pose_keypoints_2d": [
                [
                    [
                        0.0,
                        0.0,
                        0.020531099289655685
                    ],
                    [
                        0.0,
                        0.0,
                        0.029849819839000702
                    ],
                    [
                        0.0,
                        0.0,
                        0.029849819839000702
                    ],
                    [
                        0.0,
                        0.0,
                        0.012015359476208687
                    ],
                    [
                        0.0,
                        0.0,
                        0.007502174004912376
                    ],
                    [
                        0.0,
                        0.0,
                        0.029849819839000702
                    ],
                    [
                        0.0,
                        0.0,
                        0.009054429829120636
                    ],
                    [
                        0.0,
                        0.0,
                        0.007550043519586325
                    ],
                    [
                        0.0,
                        0.0,
                        0.037438396364450455
                    ],
                    [
                        0.0,
                        0.0,
                        0.037438396364450455
                    ],
                    [
                        0.0,
                        0.0,
                        0.025315171107649803
                    ],
                    [
                        0.0,
                        0.0,
                        0.03399762138724327
                    ],
                    [
                        0.0,
                        0.0,
                        0.037438396364450455
                    ],
                    [
                        0.0,
                        0.0,
                        0.025315171107649803
                    ],
                    [
                        0.0,
                        0.0,
                        0.03399762138724327
                    ],
                    [
                        0.0,
                        0.0,
                        0.019224030897021294
                    ],
                    [
                        0.0,
                        0.0,
                        0.019224030897021294
                    ],
                    [
                        0.0,
                        0.0,
                        0.015098605304956436
                    ],
                    [
                        0.0,
                        0.0,
                        0.015098605304956436
                    ],
                    [
                        0.0,
                        0.0,
                        0.020358137786388397
                    ],
                    [
                        0.0,
                        0.0,
                        0.018469566479325294
                    ],
                    [
                        0.0,
                        0.0,
                        0.01647251471877098
                    ],
                    [
                        0.0,
                        0.0,
                        0.020358137786388397
                    ],
                    [
                        0.0,
                        0.0,
                        0.018469566479325294
                    ],
                    [
                        0.0,
                        0.0,
                        0.01647251471877098
                    ]
                ]
            ]
        }
    ]
}