{
    "people": [
        {
            "person_id": [
                1
            ],
            "pose_keypoints_2d": [
                [
                    [
                        438.017578125,
                        368.935546875,
                        0.8832606077194214
                    ],
                    [
                        430.9765625,
                        332.724609375,
                        0.7217949628829956
                    ],
                    [
                        399.794921875,
                        334.736328125,
                        0.7104206085205078
                    ],
                    [
                        383.701171875,
                        387.041015625,
                        0.9113928079605103
                    ],
                    [
                        381.689453125,
                        437.333984375,
                        0.9015896320343018
                    ],
                    [
                        462.158203125,
                        330.712890625,
                        0.7331693172454834
                    ],
                    [
                        480.263671875,
                        376.982421875,
                        0.9548735022544861
                    ],
                    [
                        486.298828125,
                        427.275390625,
                        0.8793009519577026
                    ],
                    [
                        430.9765625,
                        291.484375,
                        0.8884280920028687
                    ],
                    [
                        411.865234375,
                        292.490234375,
                        0.9073984622955322
                    ],
                    [
                        383.701171875,
                        364.912109375,
                        0.40404582023620605
                    ],
                    [
                        413.876953125,
                        354.853515625,
                        0.7354993224143982
                    ],
                    [
                        450.087890625,
                        290.478515625,
                        0.8694577813148499
                    ],
                    [
                        456.123046875,
                        322.666015625,
                        0.26754671335220337
                    ],
                    [
                        436.005859375,
                        340.771484375,
                        0.1310696005821228
                    ],
                    [
                        431.982421875,
                        366.923828125,
                        0.8096283078193665
                    ],
                    [
                        442.041015625,
                        364.912109375,
                        0.8631150126457214
                    ],
                    [
                        417.900390625,
                        346.806640625,
                        0.7088634967803955
                    ],
                    [
                        452.099609375,
                        344.794921875,
                        0.7309612035751343
                    ],
                    [
                        482.275390625,
                        453.427734375,
                        0.09916840493679047
                    ],
                    [
                        502.392578125,
                        439.345703125,
                        0.05736025422811508
                    ],
                    [
                        415.888671875,
                        340.771484375,
                        0.1791827529668808
                    ],
                    [
                        411.865234375,
                        368.935546875,
                        0.5893146991729736
                    ],
                    [
                        409.853515625,
                        364.912109375,
                        0.6630314588546753
                    ],
                    [
                        413.876953125,
                        352.841796875,
                        0.5679858922958374
                    ]
                ]
            ]
        },
        {
            "person_id": [
                2
            ],
            "pose_keypoints_2d": [
                [
                    [
                        0.0,
                        0.0,
                        0.020531099289655685
                    ],
                    [
                        0.0,
                        0.0,
                        0.029849819839000702
                    ],
                    [
                        0.0,
                        0.0,
                        0.029849819839000702
                    ],
                    [
                        0.0,
                        0.0,
                        0.012015359476208687
                    ],
                    [
                        0.0,
                        0.0,
                        0.007502174004912376
                    ],
                    [
                        0.0,
                        0.0,
                        0.029849819839000702
                    ],
                    [
                        0.0,
                        0.0,
                        0.009054429829120636
                    ],
                    [
                        0.0,
                        0.0,
                        0.007550043519586325
                    ],
                    [
                        0.0,
                        0.0,
                        0.037438396364450455
                    ],
                    [
                        0.0,
                        0.0,
                        0.037438396364450455
                    ],
                    [
                        0.0,
                        0.0,
                        0.025315171107649803
                    ],
                    [
                        0.0,
                        0.0,
                        0.03399762138724327
                    ],
                    [
                        0.0,
                        0.0,
                        0.037438396364450455
                    ],
                    [
                        0.0,
                        0.0,
                        0.025315171107649803
                    ],
                    [
                        0.0,
                        0.0,
                        0.03399762138724327
                    ],
                    [
                        0.0,
                        0.0,
                        0.019224032759666443
                    ],
                    [
                        0.0,
                        0.0,
                        0.019224032759666443
                    ],
                    [
                        0.0,
                        0.0,
                        0.015098605304956436
                    ],
                    [
                        0.0,
                        0.0,
                        0.015098605304956436
                    ],
                    [
                        0.0,
                        0.0,
                        0.020358137786388397
                    ],
                    [
                        0.0,
                        0.0,
                        0.018469566479325294
                    ],
                    [
                        0.0,
                        0.0,
                        0.01647251471877098
                    ],
                    [
                        0.0,
                        0.0,
                        0.020358137786388397
                    ],
                    [
                        0.0,
                        0.0,
                        0.018469566479325294
                    ],
                    [
                        0.0,
                        0.0,
                        0.01647251471877098
                    ]
                ]
            ]
        }
    ]
}