{
    "people": [
        {
            "person_id": [
                1
            ],
            "pose_keypoints_2d": [
                [
                    [
                        441.1650390625,
                        375.0263671875,
                        0.8452929258346558
                    ],
                    [
                        432.595703125,
                        335.98828125,
                        0.7523362636566162
                    ],
                    [
                        401.1748046875,
                        338.8447265625,
                        0.7657796144485474
                    ],
                    [
                        382.1318359375,
                        388.3564453125,
                        0.9440556764602661
                    ],
                    [
                        380.2275390625,
                        437.8681640625,
                        0.9211469888687134
                    ],
                    [
                        464.0166015625,
                        333.1318359375,
                        0.7388928532600403
                    ],
                    [
                        483.0595703125,
                        378.8349609375,
                        0.9527157545089722
                    ],
                    [
                        484.9638671875,
                        428.3466796875,
                        0.8728530406951904
                    ],
                    [
                        426.8828125,
                        301.7109375,
                        0.8575938940048218
                    ],
                    [
                        408.7919921875,
                        304.5673828125,
                        0.8385246992111206
                    ],
                    [
                        404.9833984375,
                        323.6103515625,
                        0.2841590344905853
                    ],
                    [
                        412.6005859375,
                        308.3759765625,
                        0.12799520790576935
                    ],
                    [
                        444.9736328125,
                        298.8544921875,
                        0.8766631484031677
                    ],
                    [
                        454.4951171875,
                        325.5146484375,
                        0.23976001143455505
                    ],
                    [
                        441.1650390625,
                        308.3759765625,
                        0.13733920454978943
                    ],
                    [
                        435.4521484375,
                        371.2177734375,
                        0.8119537830352783
                    ],
                    [
                        444.9736328125,
                        369.3134765625,
                        0.8352769017219543
                    ],
                    [
                        420.2177734375,
                        352.1748046875,
                        0.7361429929733276
                    ],
                    [
                        452.5908203125,
                        350.2705078125,
                        0.7235121726989746
                    ],
                    [
                        479.2509765625,
                        453.1025390625,
                        0.06939994543790817
                    ],
                    [
                        498.2939453125,
                        441.6767578125,
                        0.07515078783035278
                    ],
                    [
                        467.8251953125,
                        435.9638671875,
                        0.11387559026479721
                    ],
                    [
                        393.5576171875,
                        460.7197265625,
                        0.04689111188054085
                    ],
                    [
                        370.7060546875,
                        455.0068359375,
                        0.08047264069318771
                    ],
                    [
                        418.3134765625,
                        346.4619140625,
                        0.09766201674938202
                    ]
                ]
            ]
        },
        {
            "person_id": [
                2
            ],
            "pose_keypoints_2d": [
                [
                    [
                        0.0,
                        0.0,
                        0.020531099289655685
                    ],
                    [
                        0.0,
                        0.0,
                        0.029849819839000702
                    ],
                    [
                        0.0,
                        0.0,
                        0.029849819839000702
                    ],
                    [
                        0.0,
                        0.0,
                        0.012015359476208687
                    ],
                    [
                        0.0,
                        0.0,
                        0.007502174004912376
                    ],
                    [
                        0.0,
                        0.0,
                        0.029849819839000702
                    ],
                    [
                        0.0,
                        0.0,
                        0.009054431691765785
                    ],
                    [
                        0.0,
                        0.0,
                        0.007550043519586325
                    ],
                    [
                        0.0,
                        0.0,
                        0.037438396364450455
                    ],
                    [
                        0.0,
                        0.0,
                        0.037438396364450455
                    ],
                    [
                        0.0,
                        0.0,
                        0.025315171107649803
                    ],
                    [
                        0.0,
                        0.0,
                        0.03399762138724327
                    ],
                    [
                        0.0,
                        0.0,
                        0.037438396364450455
                    ],
                    [
                        0.0,
                        0.0,
                        0.025315171107649803
                    ],
                    [
                        0.0,
                        0.0,
                        0.03399762138724327
                    ],
                    [
                        0.0,
                        0.0,
                        0.019224032759666443
                    ],
                    [
                        0.0,
                        0.0,
                        0.019224032759666443
                    ],
                    [
                        0.0,
                        0.0,
                        0.015098605304956436
                    ],
                    [
                        0.0,
                        0.0,
                        0.015098605304956436
                    ],
                    [
                        0.0,
                        0.0,
                        0.020358137786388397
                    ],
                    [
                        0.0,
                        0.0,
                        0.018469566479325294
                    ],
                    [
                        0.0,
                        0.0,
                        0.01647251471877098
                    ],
                    [
                        0.0,
                        0.0,
                        0.020358137786388397
                    ],
                    [
                        0.0,
                        0.0,
                        0.018469566479325294
                    ],
                    [
                        0.0,
                        0.0,
                        0.01647251471877098
                    ]
                ]
            ]
        }
    ]
}