{
    "people": [
        {
            "person_id": [
                1
            ],
            "pose_keypoints_2d": [
                [
                    [
                        426.775390625,
                        356.654296875,
                        0.9416651725769043
                    ],
                    [
                        420.154296875,
                        323.548828125,
                        0.7346469163894653
                    ],
                    [
                        391.462890625,
                        325.755859375,
                        0.7065986394882202
                    ],
                    [
                        382.634765625,
                        380.931640625,
                        0.879225492477417
                    ],
                    [
                        382.634765625,
                        433.900390625,
                        0.8649758100509644
                    ],
                    [
                        448.845703125,
                        321.341796875,
                        0.7626952528953552
                    ],
                    [
                        468.708984375,
                        374.310546875,
                        0.9370415210723877
                    ],
                    [
                        484.158203125,
                        427.279296875,
                        0.8742564916610718
                    ],
                    [
                        416.84375,
                        273.890625,
                        0.8885506391525269
                    ],
                    [
                        398.083984375,
                        274.994140625,
                        0.89261394739151
                    ],
                    [
                        389.255859375,
                        327.962890625,
                        0.5973758697509766
                    ],
                    [
                        406.912109375,
                        374.310546875,
                        0.8120070695877075
                    ],
                    [
                        435.603515625,
                        272.787109375,
                        0.8844872713088989
                    ],
                    [
                        444.431640625,
                        319.134765625,
                        0.3558982014656067
                    ],
                    [
                        464.294921875,
                        361.068359375,
                        0.11797221750020981
                    ],
                    [
                        420.154296875,
                        352.240234375,
                        0.9456024169921875
                    ],
                    [
                        431.189453125,
                        352.240234375,
                        0.9522424936294556
                    ],
                    [
                        406.912109375,
                        336.791015625,
                        0.8640649318695068
                    ],
                    [
                        437.810546875,
                        334.583984375,
                        0.6603409647941589
                    ],
                    [
                        409.119140625,
                        387.552734375,
                        0.032327763736248016
                    ],
                    [
                        501.814453125,
                        444.935546875,
                        0.0813073143362999
                    ],
                    [
                        462.087890625,
                        361.068359375,
                        0.13237568736076355
                    ],
                    [
                        409.119140625,
                        391.966796875,
                        0.7497888803482056
                    ],
                    [
                        402.498046875,
                        389.759765625,
                        0.8010357022285461
                    ],
                    [
                        409.119140625,
                        376.517578125,
                        0.7217031717300415
                    ]
                ]
            ]
        },
        {
            "person_id": [
                2
            ],
            "pose_keypoints_2d": [
                [
                    [
                        0.0,
                        0.0,
                        0.020531099289655685
                    ],
                    [
                        0.0,
                        0.0,
                        0.029849819839000702
                    ],
                    [
                        0.0,
                        0.0,
                        0.029849819839000702
                    ],
                    [
                        0.0,
                        0.0,
                        0.012015359476208687
                    ],
                    [
                        0.0,
                        0.0,
                        0.007502174004912376
                    ],
                    [
                        0.0,
                        0.0,
                        0.029849819839000702
                    ],
                    [
                        0.0,
                        0.0,
                        0.009054429829120636
                    ],
                    [
                        0.0,
                        0.0,
                        0.007550043519586325
                    ],
                    [
                        0.0,
                        0.0,
                        0.037438396364450455
                    ],
                    [
                        0.0,
                        0.0,
                        0.037438396364450455
                    ],
                    [
                        0.0,
                        0.0,
                        0.025315171107649803
                    ],
                    [
                        0.0,
                        0.0,
                        0.03399762138724327
                    ],
                    [
                        0.0,
                        0.0,
                        0.037438396364450455
                    ],
                    [
                        0.0,
                        0.0,
                        0.025315171107649803
                    ],
                    [
                        0.0,
                        0.0,
                        0.03399762138724327
                    ],
                    [
                        0.0,
                        0.0,
                        0.019224030897021294
                    ],
                    [
                        0.0,
                        0.0,
                        0.019224032759666443
                    ],
                    [
                        0.0,
                        0.0,
                        0.015098605304956436
                    ],
                    [
                        0.0,
                        0.0,
                        0.015098605304956436
                    ],
                    [
                        0.0,
                        0.0,
                        0.020358137786388397
                    ],
                    [
                        0.0,
                        0.0,
                        0.018469566479325294
                    ],
                    [
                        0.0,
                        0.0,
                        0.01647251471877098
                    ],
                    [
                        0.0,
                        0.0,
                        0.020358137786388397
                    ],
                    [
                        0.0,
                        0.0,
                        0.018469566479325294
                    ],
                    [
                        0.0,
                        0.0,
                        0.01647251471877098
                    ]
                ]
            ]
        }
    ]
}