{
    "people": [
        {
            "person_id": [
                1
            ],
            "pose_keypoints_2d": [
                [
                    [
                        423.7412109375,
                        347.2236328125,
                        0.890610933303833
                    ],
                    [
                        418.19921875,
                        315.080078125,
                        0.7476687431335449
                    ],
                    [
                        390.4892578125,
                        316.1884765625,
                        0.7863367795944214
                    ],
                    [
                        381.6220703125,
                        376.0419921875,
                        0.9070062637329102
                    ],
                    [
                        381.6220703125,
                        431.4619140625,
                        0.8894080519676208
                    ],
                    [
                        445.9091796875,
                        313.9716796875,
                        0.7090007662773132
                    ],
                    [
                        465.8603515625,
                        369.3916015625,
                        0.9452610015869141
                    ],
                    [
                        481.3779296875,
                        424.8115234375,
                        0.8732445240020752
                    ],
                    [
                        413.765625,
                        268.52734375,
                        0.9088354110717773
                    ],
                    [
                        394.9228515625,
                        269.6357421875,
                        0.8913847208023071
                    ],
                    [
                        390.4892578125,
                        331.7060546875,
                        0.6417768001556396
                    ],
                    [
                        408.2236328125,
                        376.0419921875,
                        0.8212622404098511
                    ],
                    [
                        432.6083984375,
                        267.4189453125,
                        0.9262861013412476
                    ],
                    [
                        441.4755859375,
                        302.8876953125,
                        0.4067450761795044
                    ],
                    [
                        445.9091796875,
                        331.7060546875,
                        0.2103492170572281
                    ],
                    [
                        419.3076171875,
                        345.0068359375,
                        0.8960121870040894
                    ],
                    [
                        428.1748046875,
                        345.0068359375,
                        0.8725732564926147
                    ],
                    [
                        406.0068359375,
                        329.4892578125,
                        0.7250348329544067
                    ],
                    [
                        437.0419921875,
                        329.4892578125,
                        0.7007978558540344
                    ],
                    [
                        450.3427734375,
                        338.3564453125,
                        0.1277032196521759
                    ],
                    [
                        450.3427734375,
                        338.3564453125,
                        0.2720927894115448
                    ],
                    [
                        445.9091796875,
                        331.7060546875,
                        0.1777990460395813
                    ],
                    [
                        410.4404296875,
                        391.5595703125,
                        0.7854048013687134
                    ],
                    [
                        403.7900390625,
                        389.3427734375,
                        0.7645906209945679
                    ],
                    [
                        410.4404296875,
                        376.0419921875,
                        0.7361106276512146
                    ]
                ]
            ]
        },
        {
            "person_id": [
                2
            ],
            "pose_keypoints_2d": [
                [
                    [
                        0.0,
                        0.0,
                        0.020531099289655685
                    ],
                    [
                        0.0,
                        0.0,
                        0.029849819839000702
                    ],
                    [
                        0.0,
                        0.0,
                        0.029849819839000702
                    ],
                    [
                        0.0,
                        0.0,
                        0.012015359476208687
                    ],
                    [
                        0.0,
                        0.0,
                        0.007502174004912376
                    ],
                    [
                        0.0,
                        0.0,
                        0.029849819839000702
                    ],
                    [
                        0.0,
                        0.0,
                        0.009054431691765785
                    ],
                    [
                        0.0,
                        0.0,
                        0.007550043519586325
                    ],
                    [
                        0.0,
                        0.0,
                        0.037438396364450455
                    ],
                    [
                        0.0,
                        0.0,
                        0.037438396364450455
                    ],
                    [
                        0.0,
                        0.0,
                        0.025315171107649803
                    ],
                    [
                        0.0,
                        0.0,
                        0.03399762138724327
                    ],
                    [
                        0.0,
                        0.0,
                        0.037438396364450455
                    ],
                    [
                        0.0,
                        0.0,
                        0.025315171107649803
                    ],
                    [
                        0.0,
                        0.0,
                        0.03399762138724327
                    ],
                    [
                        0.0,
                        0.0,
                        0.019224030897021294
                    ],
                    [
                        0.0,
                        0.0,
                        0.019224030897021294
                    ],
                    [
                        0.0,
                        0.0,
                        0.015098605304956436
                    ],
                    [
                        0.0,
                        0.0,
                        0.015098605304956436
                    ],
                    [
                        0.0,
                        0.0,
                        0.020358137786388397
                    ],
                    [
                        0.0,
                        0.0,
                        0.018469566479325294
                    ],
                    [
                        0.0,
                        0.0,
                        0.01647251471877098
                    ],
                    [
                        0.0,
                        0.0,
                        0.020358137786388397
                    ],
                    [
                        0.0,
                        0.0,
                        0.018469566479325294
                    ],
                    [
                        0.0,
                        0.0,
                        0.01647251471877098
                    ]
                ]
            ]
        }
    ]
}