{
    "people": [
        {
            "person_id": [
                1
            ],
            "pose_keypoints_2d": [
                [
                    [
                        434.9296875,
                        383.3515625,
                        0.9364415407180786
                    ],
                    [
                        430.046875,
                        352.1015625,
                        0.7097940444946289
                    ],
                    [
                        399.7734375,
                        356.0078125,
                        0.7410287261009216
                    ],
                    [
                        368.5234375,
                        395.0703125,
                        0.9823357462882996
                    ],
                    [
                        378.2890625,
                        438.0390625,
                        0.8901805877685547
                    ],
                    [
                        460.3203125,
                        348.1953125,
                        0.6785593032836914
                    ],
                    [
                        495.4765625,
                        383.3515625,
                        0.9998139142990112
                    ],
                    [
                        491.5703125,
                        428.2734375,
                        0.8843962550163269
                    ],
                    [
                        423.2109375,
                        322.8046875,
                        0.9116430282592773
                    ],
                    [
                        405.6328125,
                        324.7578125,
                        0.888690173625946
                    ],
                    [
                        397.8203125,
                        348.1953125,
                        0.3937346339225769
                    ],
                    [
                        393.9140625,
                        336.4765625,
                        0.19265711307525635
                    ],
                    [
                        440.7890625,
                        320.8515625,
                        0.9345959424972534
                    ],
                    [
                        450.5546875,
                        336.4765625,
                        0.26359331607818604
                    ],
                    [
                        436.8828125,
                        326.7109375,
                        0.21245314180850983
                    ],
                    [
                        429.0703125,
                        381.3984375,
                        0.9402869939804077
                    ],
                    [
                        440.7890625,
                        381.3984375,
                        0.9403510093688965
                    ],
                    [
                        417.3515625,
                        365.7734375,
                        0.754347562789917
                    ],
                    [
                        450.5546875,
                        365.7734375,
                        0.7343655824661255
                    ],
                    [
                        473.9921875,
                        449.7578125,
                        0.05057027190923691
                    ],
                    [
                        448.6015625,
                        324.7578125,
                        0.08306712657213211
                    ],
                    [
                        436.8828125,
                        344.2890625,
                        0.08239404857158661
                    ],
                    [
                        384.1484375,
                        342.3359375,
                        0.17090407013893127
                    ],
                    [
                        386.1015625,
                        340.3828125,
                        0.21222688257694244
                    ],
                    [
                        391.9609375,
                        336.4765625,
                        0.14382293820381165
                    ]
                ]
            ]
        },
        {
            "person_id": [
                2
            ],
            "pose_keypoints_2d": [
                [
                    [
                        0.0,
                        0.0,
                        0.02053990215063095
                    ],
                    [
                        0.0,
                        0.0,
                        0.02973298355937004
                    ],
                    [
                        0.0,
                        0.0,
                        0.02973298355937004
                    ],
                    [
                        0.0,
                        0.0,
                        0.01196254137903452
                    ],
                    [
                        0.0,
                        0.0,
                        0.007421588525176048
                    ],
                    [
                        0.0,
                        0.0,
                        0.02973298355937004
                    ],
                    [
                        0.0,
                        0.0,
                        0.008996602147817612
                    ],
                    [
                        0.0,
                        0.0,
                        0.007513847202062607
                    ],
                    [
                        0.0,
                        0.0,
                        0.037304166704416275
                    ],
                    [
                        0.0,
                        0.0,
                        0.037304166704416275
                    ],
                    [
                        0.0,
                        0.0,
                        0.02520212158560753
                    ],
                    [
                        0.0,
                        0.0,
                        0.033779580146074295
                    ],
                    [
                        0.0,
                        0.0,
                        0.037304166704416275
                    ],
                    [
                        0.0,
                        0.0,
                        0.02520212158560753
                    ],
                    [
                        0.0,
                        0.0,
                        0.033779580146074295
                    ],
                    [
                        0.0,
                        0.0,
                        0.019236018881201744
                    ],
                    [
                        0.0,
                        0.0,
                        0.019236017018556595
                    ],
                    [
                        0.0,
                        0.0,
                        0.015073975548148155
                    ],
                    [
                        0.0,
                        0.0,
                        0.015073975548148155
                    ],
                    [
                        0.0,
                        0.0,
                        0.020099785178899765
                    ],
                    [
                        0.0,
                        0.0,
                        0.0185064859688282
                    ],
                    [
                        0.0,
                        0.0,
                        0.016233710572123528
                    ],
                    [
                        0.0,
                        0.0,
                        0.020099785178899765
                    ],
                    [
                        0.0,
                        0.0,
                        0.0185064859688282
                    ],
                    [
                        0.0,
                        0.0,
                        0.016233710572123528
                    ]
                ]
            ]
        }
    ]
}