{
    "people": [
        {
            "person_id": [
                1
            ],
            "pose_keypoints_2d": [
                [
                    [
                        436.224609375,
                        360.029296875,
                        0.9956058263778687
                    ],
                    [
                        429.8671875,
                        336.416015625,
                        0.7318788766860962
                    ],
                    [
                        398.080078125,
                        340.048828125,
                        0.6600069999694824
                    ],
                    [
                        387.181640625,
                        387.275390625,
                        0.921004056930542
                    ],
                    [
                        378.099609375,
                        436.318359375,
                        0.8754669427871704
                    ],
                    [
                        461.654296875,
                        332.783203125,
                        0.8037506937980652
                    ],
                    [
                        479.818359375,
                        378.193359375,
                        0.9240853786468506
                    ],
                    [
                        490.716796875,
                        425.419921875,
                        0.8766701221466064
                    ],
                    [
                        420.78515625,
                        309.169921875,
                        0.8273109793663025
                    ],
                    [
                        401.712890625,
                        312.802734375,
                        0.8119101524353027
                    ],
                    [
                        396.263671875,
                        330.966796875,
                        0.20970404148101807
                    ],
                    [
                        398.080078125,
                        316.435546875,
                        0.11385604739189148
                    ],
                    [
                        439.857421875,
                        305.537109375,
                        0.8427118062973022
                    ],
                    [
                        441.673828125,
                        318.251953125,
                        0.16446901857852936
                    ],
                    [
                        439.857421875,
                        309.169921875,
                        0.20077896118164062
                    ],
                    [
                        430.775390625,
                        356.396484375,
                        0.9997241497039795
                    ],
                    [
                        439.857421875,
                        356.396484375,
                        0.9416294097900391
                    ],
                    [
                        416.244140625,
                        343.681640625,
                        0.7085698843002319
                    ],
                    [
                        448.939453125,
                        341.865234375,
                        0.6287182569503784
                    ],
                    [
                        450.755859375,
                        309.169921875,
                        0.056210875511169434
                    ],
                    [
                        441.673828125,
                        307.353515625,
                        0.07090190052986145
                    ],
                    [
                        439.857421875,
                        312.802734375,
                        0.09351097047328949
                    ],
                    [
                        394.447265625,
                        458.115234375,
                        0.06945639848709106
                    ],
                    [
                        370.833984375,
                        456.298828125,
                        0.101914182305336
                    ],
                    [
                        418.060546875,
                        338.232421875,
                        0.049726180732250214
                    ]
                ]
            ]
        },
        {
            "person_id": [
                2
            ],
            "pose_keypoints_2d": [
                [
                    [
                        0.0,
                        0.0,
                        0.02053990215063095
                    ],
                    [
                        0.0,
                        0.0,
                        0.02973298355937004
                    ],
                    [
                        0.0,
                        0.0,
                        0.02973298355937004
                    ],
                    [
                        0.0,
                        0.0,
                        0.01196254137903452
                    ],
                    [
                        0.0,
                        0.0,
                        0.007421588525176048
                    ],
                    [
                        0.0,
                        0.0,
                        0.02973298355937004
                    ],
                    [
                        0.0,
                        0.0,
                        0.008996602147817612
                    ],
                    [
                        0.0,
                        0.0,
                        0.007513847202062607
                    ],
                    [
                        0.0,
                        0.0,
                        0.037304166704416275
                    ],
                    [
                        0.0,
                        0.0,
                        0.037304166704416275
                    ],
                    [
                        0.0,
                        0.0,
                        0.02520212158560753
                    ],
                    [
                        0.0,
                        0.0,
                        0.033779580146074295
                    ],
                    [
                        0.0,
                        0.0,
                        0.037304166704416275
                    ],
                    [
                        0.0,
                        0.0,
                        0.02520212158560753
                    ],
                    [
                        0.0,
                        0.0,
                        0.033779580146074295
                    ],
                    [
                        0.0,
                        0.0,
                        0.019236018881201744
                    ],
                    [
                        0.0,
                        0.0,
                        0.019236020743846893
                    ],
                    [
                        0.0,
                        0.0,
                        0.015073975548148155
                    ],
                    [
                        0.0,
                        0.0,
                        0.015073975548148155
                    ],
                    [
                        0.0,
                        0.0,
                        0.020099785178899765
                    ],
                    [
                        0.0,
                        0.0,
                        0.0185064859688282
                    ],
                    [
                        0.0,
                        0.0,
                        0.016233710572123528
                    ],
                    [
                        0.0,
                        0.0,
                        0.020099785178899765
                    ],
                    [
                        0.0,
                        0.0,
                        0.0185064859688282
                    ],
                    [
                        0.0,
                        0.0,
                        0.016233710572123528
                    ]
                ]
            ]
        }
    ]
}