{
    "people": [
        {
            "person_id": [
                1
            ],
            "pose_keypoints_2d": [
                [
                    [
                        440.05078125,
                        426.78515625,
                        0.8855025172233582
                    ],
                    [
                        433.6835632324219,
                        387.5208740234375,
                        0.8986785411834717
                    ],
                    [
                        403.97003173828125,
                        390.7044677734375,
                        0.8812077641487122
                    ],
                    [
                        357.27734375,
                        399.19403076171875,
                        1.0227665901184082
                    ],
                    [
                        376.37890625,
                        439.51953125,
                        0.898156464099884
                    ],
                    [
                        463.3970947265625,
                        384.3372802734375,
                        0.9161492586135864
                    ],
                    [
                        501.6002197265625,
                        386.45965576171875,
                        0.9991334676742554
                    ],
                    [
                        490.98828125,
                        428.90753173828125,
                        0.9303305149078369
                    ],
                    [
                        426.2552185058594,
                        349.3177185058594,
                        0.8428573608398438
                    ],
                    [
                        408.21484375,
                        350.37890625,
                        0.8436842560768127
                    ],
                    [
                        408.21484375,
                        337.64453125,
                        0.7565133571624756
                    ],
                    [
                        410.33721923828125,
                        320.66534423828125,
                        0.8941278457641602
                    ],
                    [
                        444.29559326171875,
                        348.25653076171875,
                        0.84203040599823
                    ],
                    [
                        440.05078125,
                        335.52215576171875,
                        0.7591907978057861
                    ],
                    [
                        435.80596923828125,
                        318.54296875,
                        0.9652413129806519
                    ],
                    [
                        433.68359375,
                        422.54034423828125,
                        0.9095879793167114
                    ],
                    [
                        444.29559326171875,
                        422.54034423828125,
                        0.920479416847229
                    ],
                    [
                        420.94921875,
                        405.56121826171875,
                        0.8379746675491333
                    ],
                    [
                        454.90753173828125,
                        401.31640625,
                        0.7924166917800903
                    ],
                    [
                        431.56121826171875,
                        320.66534423828125,
                        0.3882485330104828
                    ],
                    [
                        435.80596923828125,
                        322.78778076171875,
                        0.4201127886772156
                    ],
                    [
                        433.68359375,
                        316.42059326171875,
                        0.8065711259841919
                    ],
                    [
                        412.45965576171875,
                        322.78778076171875,
                        0.3812412917613983
                    ],
                    [
                        408.21484375,
                        324.91015625,
                        0.43619298934936523
                    ],
                    [
                        410.33721923828125,
                        316.42059326171875,
                        0.7886828780174255
                    ]
                ]
            ]
        },
        {
            "person_id": [
                2
            ],
            "pose_keypoints_2d": [
                [
                    [
                        0.0,
                        0.0,
                        0.02053990215063095
                    ],
                    [
                        0.0,
                        0.0,
                        0.02973298355937004
                    ],
                    [
                        0.0,
                        0.0,
                        0.02973298355937004
                    ],
                    [
                        0.0,
                        0.0,
                        0.01196254137903452
                    ],
                    [
                        0.0,
                        0.0,
                        0.007421588525176048
                    ],
                    [
                        0.0,
                        0.0,
                        0.02973298355937004
                    ],
                    [
                        0.0,
                        0.0,
                        0.008996602147817612
                    ],
                    [
                        0.0,
                        0.0,
                        0.007513847202062607
                    ],
                    [
                        0.0,
                        0.0,
                        0.037304166704416275
                    ],
                    [
                        0.0,
                        0.0,
                        0.037304166704416275
                    ],
                    [
                        0.0,
                        0.0,
                        0.02520212158560753
                    ],
                    [
                        0.0,
                        0.0,
                        0.033779580146074295
                    ],
                    [
                        0.0,
                        0.0,
                        0.037304166704416275
                    ],
                    [
                        0.0,
                        0.0,
                        0.02520212158560753
                    ],
                    [
                        0.0,
                        0.0,
                        0.033779580146074295
                    ],
                    [
                        0.0,
                        0.0,
                        0.019236018881201744
                    ],
                    [
                        0.0,
                        0.0,
                        0.019236020743846893
                    ],
                    [
                        0.0,
                        0.0,
                        0.015073975548148155
                    ],
                    [
                        0.0,
                        0.0,
                        0.015073975548148155
                    ],
                    [
                        0.0,
                        0.0,
                        0.020099785178899765
                    ],
                    [
                        0.0,
                        0.0,
                        0.0185064859688282
                    ],
                    [
                        0.0,
                        0.0,
                        0.016233710572123528
                    ],
                    [
                        0.0,
                        0.0,
                        0.020099785178899765
                    ],
                    [
                        0.0,
                        0.0,
                        0.0185064859688282
                    ],
                    [
                        0.0,
                        0.0,
                        0.016233710572123528
                    ]
                ]
            ]
        }
    ]
}