{
    "people": [
        {
            "person_id": [
                1
            ],
            "pose_keypoints_2d": [
                [
                    [
                        441.74481201171875,
                        423.78643798828125,
                        0.9354078769683838
                    ],
                    [
                        433.2031555175781,
                        385.34893798828125,
                        0.8807471990585327
                    ],
                    [
                        403.30731201171875,
                        389.6197509765625,
                        0.8680039644241333
                    ],
                    [
                        356.328125,
                        400.296875,
                        1.0194525718688965
                    ],
                    [
                        377.6822814941406,
                        438.734375,
                        0.884574294090271
                    ],
                    [
                        463.0989990234375,
                        381.078125,
                        0.8934904336929321
                    ],
                    [
                        503.671875,
                        387.484375,
                        0.9960335493087769
                    ],
                    [
                        490.859375,
                        428.05731201171875,
                        0.9293525815010071
                    ],
                    [
                        423.59375,
                        346.9114685058594,
                        0.7654012441635132
                    ],
                    [
                        407.578125,
                        349.046875,
                        0.770876944065094
                    ],
                    [
                        405.4427185058594,
                        336.234375,
                        0.7678850889205933
                    ],
                    [
                        407.578125,
                        321.28643798828125,
                        0.9220516681671143
                    ],
                    [
                        439.609375,
                        344.77606201171875,
                        0.7599256038665771
                    ],
                    [
                        441.74481201171875,
                        336.234375,
                        0.7122057676315308
                    ],
                    [
                        433.203125,
                        319.15106201171875,
                        0.9491950869560242
                    ],
                    [
                        435.33856201171875,
                        419.515625,
                        0.902478814125061
                    ],
                    [
                        443.88018798828125,
                        417.38018798828125,
                        0.8872908353805542
                    ],
                    [
                        422.52606201171875,
                        402.43231201171875,
                        0.873664379119873
                    ],
                    [
                        454.55731201171875,
                        398.16143798828125,
                        0.7597789764404297
                    ],
                    [
                        431.06768798828125,
                        321.28643798828125,
                        0.37960872054100037
                    ],
                    [
                        435.33856201171875,
                        321.28643798828125,
                        0.43732380867004395
                    ],
                    [
                        433.203125,
                        314.88018798828125,
                        0.7921258211135864
                    ],
                    [
                        411.84893798828125,
                        323.421875,
                        0.42681580781936646
                    ],
                    [
                        405.4427185058594,
                        323.421875,
                        0.4780544340610504
                    ],
                    [
                        407.578125,
                        317.015625,
                        0.804386556148529
                    ]
                ]
            ]
        },
        {
            "person_id": [
                2
            ],
            "pose_keypoints_2d": [
                [
                    [
                        0.0,
                        0.0,
                        0.02053990215063095
                    ],
                    [
                        0.0,
                        0.0,
                        0.02973298355937004
                    ],
                    [
                        0.0,
                        0.0,
                        0.02973298355937004
                    ],
                    [
                        0.0,
                        0.0,
                        0.01196254137903452
                    ],
                    [
                        0.0,
                        0.0,
                        0.007421588525176048
                    ],
                    [
                        0.0,
                        0.0,
                        0.02973298355937004
                    ],
                    [
                        0.0,
                        0.0,
                        0.008996602147817612
                    ],
                    [
                        0.0,
                        0.0,
                        0.007513847202062607
                    ],
                    [
                        0.0,
                        0.0,
                        0.037304166704416275
                    ],
                    [
                        0.0,
                        0.0,
                        0.037304166704416275
                    ],
                    [
                        0.0,
                        0.0,
                        0.02520212158560753
                    ],
                    [
                        0.0,
                        0.0,
                        0.033779580146074295
                    ],
                    [
                        0.0,
                        0.0,
                        0.037304166704416275
                    ],
                    [
                        0.0,
                        0.0,
                        0.02520212158560753
                    ],
                    [
                        0.0,
                        0.0,
                        0.033779580146074295
                    ],
                    [
                        0.0,
                        0.0,
                        0.019236020743846893
                    ],
                    [
                        0.0,
                        0.0,
                        0.019236018881201744
                    ],
                    [
                        0.0,
                        0.0,
                        0.015073975548148155
                    ],
                    [
                        0.0,
                        0.0,
                        0.015073975548148155
                    ],
                    [
                        0.0,
                        0.0,
                        0.020099785178899765
                    ],
                    [
                        0.0,
                        0.0,
                        0.0185064859688282
                    ],
                    [
                        0.0,
                        0.0,
                        0.016233710572123528
                    ],
                    [
                        0.0,
                        0.0,
                        0.020099788904190063
                    ],
                    [
                        0.0,
                        0.0,
                        0.0185064859688282
                    ],
                    [
                        0.0,
                        0.0,
                        0.016233710572123528
                    ]
                ]
            ]
        }
    ]
}