{
    "people": [
        {
            "person_id": [
                1
            ],
            "pose_keypoints_2d": [
                [
                    [
                        436.7392578125,
                        361.1943359375,
                        0.9584795832633972
                    ],
                    [
                        429.4345703125,
                        337.4541015625,
                        0.6964256167411804
                    ],
                    [
                        396.5634765625,
                        341.1064453125,
                        0.6500469446182251
                    ],
                    [
                        385.6064453125,
                        388.5869140625,
                        0.9160378575325012
                    ],
                    [
                        378.3017578125,
                        436.0673828125,
                        0.8729071021080017
                    ],
                    [
                        462.3056640625,
                        333.8017578125,
                        0.7428042888641357
                    ],
                    [
                        480.5673828125,
                        379.4560546875,
                        0.9267914891242981
                    ],
                    [
                        489.6982421875,
                        426.9365234375,
                        0.8938794732093811
                    ],
                    [
                        420.3037109375,
                        309.1484375,
                        0.8546121120452881
                    ],
                    [
                        402.0419921875,
                        311.8876953125,
                        0.8413350582122803
                    ],
                    [
                        398.3896484375,
                        330.1494140625,
                        0.22032824158668518
                    ],
                    [
                        400.2158203125,
                        315.5400390625,
                        0.11209481954574585
                    ],
                    [
                        438.5654296875,
                        306.4091796875,
                        0.8678892254829407
                    ],
                    [
                        444.0439453125,
                        324.6708984375,
                        0.15506511926651
                    ],
                    [
                        440.3916015625,
                        310.0615234375,
                        0.14512401819229126
                    ],
                    [
                        429.4345703125,
                        357.5419921875,
                        0.9805536270141602
                    ],
                    [
                        440.3916015625,
                        355.7158203125,
                        0.981093168258667
                    ],
                    [
                        416.6513671875,
                        344.7587890625,
                        0.7431209087371826
                    ],
                    [
                        449.5224609375,
                        342.9326171875,
                        0.6760176420211792
                    ],
                    [
                        453.1748046875,
                        308.2353515625,
                        0.05081997066736221
                    ],
                    [
                        498.8291015625,
                        445.1982421875,
                        0.07055070251226425
                    ],
                    [
                        434.9130859375,
                        337.4541015625,
                        0.08209620416164398
                    ],
                    [
                        394.7373046875,
                        457.9814453125,
                        0.08338779211044312
                    ],
                    [
                        370.9970703125,
                        456.1552734375,
                        0.09115152060985565
                    ],
                    [
                        418.4775390625,
                        337.4541015625,
                        0.09527850896120071
                    ]
                ]
            ]
        },
        {
            "person_id": [
                2
            ],
            "pose_keypoints_2d": [
                [
                    [
                        0.0,
                        0.0,
                        0.02053990215063095
                    ],
                    [
                        0.0,
                        0.0,
                        0.02973298355937004
                    ],
                    [
                        0.0,
                        0.0,
                        0.02973298355937004
                    ],
                    [
                        0.0,
                        0.0,
                        0.01196254137903452
                    ],
                    [
                        0.0,
                        0.0,
                        0.007421588525176048
                    ],
                    [
                        0.0,
                        0.0,
                        0.02973298355937004
                    ],
                    [
                        0.0,
                        0.0,
                        0.008996602147817612
                    ],
                    [
                        0.0,
                        0.0,
                        0.007513847202062607
                    ],
                    [
                        0.0,
                        0.0,
                        0.037304166704416275
                    ],
                    [
                        0.0,
                        0.0,
                        0.037304166704416275
                    ],
                    [
                        0.0,
                        0.0,
                        0.02520212158560753
                    ],
                    [
                        0.0,
                        0.0,
                        0.033779580146074295
                    ],
                    [
                        0.0,
                        0.0,
                        0.037304166704416275
                    ],
                    [
                        0.0,
                        0.0,
                        0.02520212158560753
                    ],
                    [
                        0.0,
                        0.0,
                        0.033779580146074295
                    ],
                    [
                        0.0,
                        0.0,
                        0.019236017018556595
                    ],
                    [
                        0.0,
                        0.0,
                        0.019236020743846893
                    ],
                    [
                        0.0,
                        0.0,
                        0.015073975548148155
                    ],
                    [
                        0.0,
                        0.0,
                        0.015073975548148155
                    ],
                    [
                        0.0,
                        0.0,
                        0.020099785178899765
                    ],
                    [
                        0.0,
                        0.0,
                        0.0185064859688282
                    ],
                    [
                        0.0,
                        0.0,
                        0.016233710572123528
                    ],
                    [
                        0.0,
                        0.0,
                        0.020099788904190063
                    ],
                    [
                        0.0,
                        0.0,
                        0.0185064859688282
                    ],
                    [
                        0.0,
                        0.0,
                        0.016233710572123528
                    ]
                ]
            ]
        }
    ]
}