{
    "people": [
        {
            "person_id": [
                1
            ],
            "pose_keypoints_2d": [
                [
                    [
                        434.8515625,
                        380.34112548828125,
                        0.9948119521141052
                    ],
                    [
                        430.09893798828125,
                        347.07293701171875,
                        0.7513996362686157
                    ],
                    [
                        398.7317810058594,
                        349.92449951171875,
                        0.7665502429008484
                    ],
                    [
                        370.2161560058594,
                        393.6484375,
                        0.9719995260238647
                    ],
                    [
                        377.8203125,
                        439.2734375,
                        0.8898480534553528
                    ],
                    [
                        461.46612548828125,
                        344.22137451171875,
                        0.7362489700317383
                    ],
                    [
                        491.8828125,
                        382.2421875,
                        0.9719580411911011
                    ],
                    [
                        491.8828125,
                        427.8671875,
                        0.8629188537597656
                    ],
                    [
                        422.49481201171875,
                        319.5078125,
                        0.9116548895835876
                    ],
                    [
                        404.4349060058594,
                        321.40887451171875,
                        0.8949903249740601
                    ],
                    [
                        396.8307189941406,
                        344.22137451171875,
                        0.22283779084682465
                    ],
                    [
                        410.13800048828125,
                        321.40887451171875,
                        0.12749765813350677
                    ],
                    [
                        440.5546875,
                        317.60675048828125,
                        0.9283194541931152
                    ],
                    [
                        453.86199951171875,
                        336.6171875,
                        0.25970128178596497
                    ],
                    [
                        438.65362548828125,
                        321.40887451171875,
                        0.16579464077949524
                    ],
                    [
                        429.1484375,
                        376.5390625,
                        0.9593729972839355
                    ],
                    [
                        440.5546875,
                        374.63800048828125,
                        0.9052398800849915
                    ],
                    [
                        415.84112548828125,
                        363.23175048828125,
                        0.7188210487365723
                    ],
                    [
                        448.15887451171875,
                        361.33074951171875,
                        0.5421943664550781
                    ],
                    [
                        453.86199951171875,
                        321.40887451171875,
                        0.05895650386810303
                    ],
                    [
                        455.76300048828125,
                        321.40887451171875,
                        0.10482057183980942
                    ],
                    [
                        436.75262451171875,
                        344.22137451171875,
                        0.08632387220859528
                    ],
                    [
                        393.0286560058594,
                        334.71612548828125,
                        0.10917016863822937
                    ],
                    [
                        391.1275939941406,
                        334.71612548828125,
                        0.1510157287120819
                    ],
                    [
                        400.6328125,
                        444.9765625,
                        0.09453848749399185
                    ]
                ]
            ]
        },
        {
            "person_id": [
                2
            ],
            "pose_keypoints_2d": [
                [
                    [
                        0.0,
                        0.0,
                        0.02053990215063095
                    ],
                    [
                        0.0,
                        0.0,
                        0.02973298355937004
                    ],
                    [
                        0.0,
                        0.0,
                        0.02973298355937004
                    ],
                    [
                        0.0,
                        0.0,
                        0.01196254137903452
                    ],
                    [
                        0.0,
                        0.0,
                        0.007421588525176048
                    ],
                    [
                        0.0,
                        0.0,
                        0.02973298355937004
                    ],
                    [
                        0.0,
                        0.0,
                        0.008996602147817612
                    ],
                    [
                        0.0,
                        0.0,
                        0.007513847202062607
                    ],
                    [
                        0.0,
                        0.0,
                        0.037304166704416275
                    ],
                    [
                        0.0,
                        0.0,
                        0.037304166704416275
                    ],
                    [
                        0.0,
                        0.0,
                        0.02520212158560753
                    ],
                    [
                        0.0,
                        0.0,
                        0.033779580146074295
                    ],
                    [
                        0.0,
                        0.0,
                        0.037304166704416275
                    ],
                    [
                        0.0,
                        0.0,
                        0.02520212158560753
                    ],
                    [
                        0.0,
                        0.0,
                        0.033779580146074295
                    ],
                    [
                        0.0,
                        0.0,
                        0.019236020743846893
                    ],
                    [
                        0.0,
                        0.0,
                        0.019236017018556595
                    ],
                    [
                        0.0,
                        0.0,
                        0.015073975548148155
                    ],
                    [
                        0.0,
                        0.0,
                        0.015073975548148155
                    ],
                    [
                        0.0,
                        0.0,
                        0.020099788904190063
                    ],
                    [
                        0.0,
                        0.0,
                        0.0185064859688282
                    ],
                    [
                        0.0,
                        0.0,
                        0.016233710572123528
                    ],
                    [
                        0.0,
                        0.0,
                        0.020099788904190063
                    ],
                    [
                        0.0,
                        0.0,
                        0.0185064859688282
                    ],
                    [
                        0.0,
                        0.0,
                        0.016233710572123528
                    ]
                ]
            ]
        }
    ]
}