{
    "people": [
        {
            "person_id": [
                1
            ],
            "pose_keypoints_2d": [
                [
                    [
                        438.47393798828125,
                        424.15106201171875,
                        0.9434646368026733
                    ],
                    [
                        433.13543701171875,
                        384.64581298828125,
                        0.9033179879188538
                    ],
                    [
                        402.171875,
                        387.84893798828125,
                        0.9145652055740356
                    ],
                    [
                        357.328125,
                        398.52606201171875,
                        1.004791259765625
                    ],
                    [
                        376.546875,
                        439.09893798828125,
                        0.8913778066635132
                    ],
                    [
                        464.0989990234375,
                        381.44268798828125,
                        0.8920707702636719
                    ],
                    [
                        502.5364990234375,
                        385.7135009765625,
                        1.003775715827942
                    ],
                    [
                        491.859375,
                        428.421875,
                        0.9245402812957764
                    ],
                    [
                        423.52606201171875,
                        348.34375,
                        0.7992023229598999
                    ],
                    [
                        406.4427185058594,
                        349.41143798828125,
                        0.8318108320236206
                    ],
                    [
                        406.4427185058594,
                        336.59893798828125,
                        0.751205325126648
                    ],
                    [
                        410.71356201171875,
                        321.65106201171875,
                        0.9309406876564026
                    ],
                    [
                        440.609375,
                        347.27606201171875,
                        0.7665938138961792
                    ],
                    [
                        440.609375,
                        336.59893798828125,
                        0.7581785917282104
                    ],
                    [
                        434.203125,
                        319.515625,
                        0.9705580472946167
                    ],
                    [
                        434.203125,
                        419.88018798828125,
                        0.8951396942138672
                    ],
                    [
                        444.88018798828125,
                        419.88018798828125,
                        0.9344515800476074
                    ],
                    [
                        421.390625,
                        404.93231201171875,
                        0.7859631180763245
                    ],
                    [
                        453.421875,
                        402.796875,
                        0.723740816116333
                    ],
                    [
                        432.06768798828125,
                        319.515625,
                        0.4193360507488251
                    ],
                    [
                        436.33856201171875,
                        319.515625,
                        0.4474942088127136
                    ],
                    [
                        434.203125,
                        315.24481201171875,
                        0.7866374254226685
                    ],
                    [
                        412.84893798828125,
                        321.65106201171875,
                        0.40872305631637573
                    ],
                    [
                        408.578125,
                        323.78643798828125,
                        0.4522746801376343
                    ],
                    [
                        410.71356201171875,
                        317.38018798828125,
                        0.7943243980407715
                    ]
                ]
            ]
        },
        {
            "person_id": [
                2
            ],
            "pose_keypoints_2d": [
                [
                    [
                        0.0,
                        0.0,
                        0.02053990215063095
                    ],
                    [
                        0.0,
                        0.0,
                        0.02973298355937004
                    ],
                    [
                        0.0,
                        0.0,
                        0.02973298355937004
                    ],
                    [
                        0.0,
                        0.0,
                        0.01196254137903452
                    ],
                    [
                        0.0,
                        0.0,
                        0.007421588525176048
                    ],
                    [
                        0.0,
                        0.0,
                        0.02973298355937004
                    ],
                    [
                        0.0,
                        0.0,
                        0.008996602147817612
                    ],
                    [
                        0.0,
                        0.0,
                        0.007513847202062607
                    ],
                    [
                        0.0,
                        0.0,
                        0.037304166704416275
                    ],
                    [
                        0.0,
                        0.0,
                        0.037304166704416275
                    ],
                    [
                        0.0,
                        0.0,
                        0.02520212158560753
                    ],
                    [
                        0.0,
                        0.0,
                        0.033779580146074295
                    ],
                    [
                        0.0,
                        0.0,
                        0.037304166704416275
                    ],
                    [
                        0.0,
                        0.0,
                        0.02520212158560753
                    ],
                    [
                        0.0,
                        0.0,
                        0.033779580146074295
                    ],
                    [
                        0.0,
                        0.0,
                        0.019236018881201744
                    ],
                    [
                        0.0,
                        0.0,
                        0.019236020743846893
                    ],
                    [
                        0.0,
                        0.0,
                        0.015073975548148155
                    ],
                    [
                        0.0,
                        0.0,
                        0.015073975548148155
                    ],
                    [
                        0.0,
                        0.0,
                        0.020099785178899765
                    ],
                    [
                        0.0,
                        0.0,
                        0.0185064859688282
                    ],
                    [
                        0.0,
                        0.0,
                        0.016233710572123528
                    ],
                    [
                        0.0,
                        0.0,
                        0.020099785178899765
                    ],
                    [
                        0.0,
                        0.0,
                        0.0185064859688282
                    ],
                    [
                        0.0,
                        0.0,
                        0.016233710572123528
                    ]
                ]
            ]
        }
    ]
}