{
    "people": [
        {
            "person_id": [
                1
            ],
            "pose_keypoints_2d": [
                [
                    [
                        440.4921875,
                        410.8828125,
                        0.9116519689559937
                    ],
                    [
                        431.0,
                        375.0234375,
                        0.8488912582397461
                    ],
                    [
                        400.4140625,
                        381.3515625,
                        0.8398692607879639
                    ],
                    [
                        358.2265625,
                        398.2265625,
                        1.0093443393707275
                    ],
                    [
                        377.2109375,
                        438.3046875,
                        0.907459557056427
                    ],
                    [
                        461.5859375,
                        368.6953125,
                        0.8579132556915283
                    ],
                    [
                        501.6640625,
                        385.5703125,
                        0.9986063838005066
                    ],
                    [
                        491.1171875,
                        429.8671875,
                        0.9376721382141113
                    ],
                    [
                        421.5078125,
                        340.21875,
                        0.7536153197288513
                    ],
                    [
                        404.6328125,
                        343.3828125,
                        0.7959454655647278
                    ],
                    [
                        404.6328125,
                        334.9453125,
                        0.6713274717330933
                    ],
                    [
                        406.7421875,
                        322.2890625,
                        0.9744202494621277
                    ],
                    [
                        438.3828125,
                        337.0546875,
                        0.7112851738929749
                    ],
                    [
                        442.6015625,
                        334.9453125,
                        0.6852465867996216
                    ],
                    [
                        434.1640625,
                        320.1796875,
                        0.957221508026123
                    ],
                    [
                        434.1640625,
                        406.6640625,
                        0.9130750894546509
                    ],
                    [
                        444.7109375,
                        406.6640625,
                        0.8969981670379639
                    ],
                    [
                        421.5078125,
                        394.0078125,
                        0.7791385650634766
                    ],
                    [
                        455.2578125,
                        385.5703125,
                        0.7769007682800293
                    ],
                    [
                        432.0546875,
                        322.2890625,
                        0.3337658643722534
                    ],
                    [
                        436.2734375,
                        322.2890625,
                        0.40693962574005127
                    ],
                    [
                        432.0546875,
                        315.9609375,
                        0.7811244130134583
                    ],
                    [
                        410.9609375,
                        322.2890625,
                        0.4755887985229492
                    ],
                    [
                        404.6328125,
                        322.2890625,
                        0.48875612020492554
                    ],
                    [
                        406.7421875,
                        318.0703125,
                        0.8467996120452881
                    ]
                ]
            ]
        },
        {
            "person_id": [
                2
            ],
            "pose_keypoints_2d": [
                [
                    [
                        0.0,
                        0.0,
                        0.02053990215063095
                    ],
                    [
                        0.0,
                        0.0,
                        0.02973298355937004
                    ],
                    [
                        0.0,
                        0.0,
                        0.02973298355937004
                    ],
                    [
                        0.0,
                        0.0,
                        0.01196254137903452
                    ],
                    [
                        0.0,
                        0.0,
                        0.007421588525176048
                    ],
                    [
                        0.0,
                        0.0,
                        0.02973298355937004
                    ],
                    [
                        0.0,
                        0.0,
                        0.008996602147817612
                    ],
                    [
                        0.0,
                        0.0,
                        0.007513847202062607
                    ],
                    [
                        0.0,
                        0.0,
                        0.037304166704416275
                    ],
                    [
                        0.0,
                        0.0,
                        0.037304166704416275
                    ],
                    [
                        0.0,
                        0.0,
                        0.02520212158560753
                    ],
                    [
                        0.0,
                        0.0,
                        0.033779580146074295
                    ],
                    [
                        0.0,
                        0.0,
                        0.037304166704416275
                    ],
                    [
                        0.0,
                        0.0,
                        0.02520212158560753
                    ],
                    [
                        0.0,
                        0.0,
                        0.033779580146074295
                    ],
                    [
                        0.0,
                        0.0,
                        0.019236020743846893
                    ],
                    [
                        0.0,
                        0.0,
                        0.019236018881201744
                    ],
                    [
                        0.0,
                        0.0,
                        0.015073975548148155
                    ],
                    [
                        0.0,
                        0.0,
                        0.015073975548148155
                    ],
                    [
                        0.0,
                        0.0,
                        0.020099785178899765
                    ],
                    [
                        0.0,
                        0.0,
                        0.0185064859688282
                    ],
                    [
                        0.0,
                        0.0,
                        0.016233710572123528
                    ],
                    [
                        0.0,
                        0.0,
                        0.020099785178899765
                    ],
                    [
                        0.0,
                        0.0,
                        0.0185064859688282
                    ],
                    [
                        0.0,
                        0.0,
                        0.016233710572123528
                    ]
                ]
            ]
        }
    ]
}