{
    "people": [
        {
            "person_id": [
                1
            ],
            "pose_keypoints_2d": [
                [
                    [
                        436.21484375,
                        367.06640625,
                        0.9123302698135376
                    ],
                    [
                        429.8802185058594,
                        339.91796875,
                        0.6914041042327881
                    ],
                    [
                        398.20703125,
                        343.53778076171875,
                        0.6350213289260864
                    ],
                    [
                        380.1080627441406,
                        388.78515625,
                        0.9426300525665283
                    ],
                    [
                        378.2981872558594,
                        437.65234375,
                        0.8531599044799805
                    ],
                    [
                        461.55340576171875,
                        336.29815673828125,
                        0.7477868795394897
                    ],
                    [
                        483.27215576171875,
                        379.73565673828125,
                        0.9452219605445862
                    ],
                    [
                        490.51171875,
                        426.79296875,
                        0.8898996114730835
                    ],
                    [
                        421.7356872558594,
                        311.86456298828125,
                        0.863086462020874
                    ],
                    [
                        403.63671875,
                        314.57940673828125,
                        0.8431587815284729
                    ],
                    [
                        398.20703125,
                        334.48828125,
                        0.23737691342830658
                    ],
                    [
                        400.0169372558594,
                        318.19921875,
                        0.11822128295898438
                    ],
                    [
                        439.83465576171875,
                        309.14971923828125,
                        0.8830142021179199
                    ],
                    [
                        443.45440673828125,
                        332.67840576171875,
                        0.14992496371269226
                    ],
                    [
                        434.40496826171875,
                        312.76953125,
                        0.13460370898246765
                    ],
                    [
                        430.78515625,
                        363.44659423828125,
                        0.962090253829956
                    ],
                    [
                        441.64453125,
                        361.63671875,
                        0.9372222423553467
                    ],
                    [
                        418.11590576171875,
                        348.96746826171875,
                        0.756339967250824
                    ],
                    [
                        448.88409423828125,
                        347.15753173828125,
                        0.7287243604660034
                    ],
                    [
                        438.02471923828125,
                        318.19921875,
                        0.02532443404197693
                    ],
                    [
                        438.02471923828125,
                        318.19921875,
                        0.06725987792015076
                    ],
                    [
                        436.21484375,
                        327.24871826171875,
                        0.07936038076877594
                    ],
                    [
                        392.77734375,
                        459.37109375,
                        0.06508138030767441
                    ],
                    [
                        371.05859375,
                        455.75128173828125,
                        0.08615496009588242
                    ],
                    [
                        398.20703125,
                        439.46221923828125,
                        0.068874791264534
                    ]
                ]
            ]
        },
        {
            "person_id": [
                2
            ],
            "pose_keypoints_2d": [
                [
                    [
                        0.0,
                        0.0,
                        0.02053990215063095
                    ],
                    [
                        0.0,
                        0.0,
                        0.02973298355937004
                    ],
                    [
                        0.0,
                        0.0,
                        0.02973298355937004
                    ],
                    [
                        0.0,
                        0.0,
                        0.01196254137903452
                    ],
                    [
                        0.0,
                        0.0,
                        0.007421588525176048
                    ],
                    [
                        0.0,
                        0.0,
                        0.02973298355937004
                    ],
                    [
                        0.0,
                        0.0,
                        0.008996602147817612
                    ],
                    [
                        0.0,
                        0.0,
                        0.007513847202062607
                    ],
                    [
                        0.0,
                        0.0,
                        0.037304166704416275
                    ],
                    [
                        0.0,
                        0.0,
                        0.037304166704416275
                    ],
                    [
                        0.0,
                        0.0,
                        0.02520212158560753
                    ],
                    [
                        0.0,
                        0.0,
                        0.033779580146074295
                    ],
                    [
                        0.0,
                        0.0,
                        0.037304166704416275
                    ],
                    [
                        0.0,
                        0.0,
                        0.02520212158560753
                    ],
                    [
                        0.0,
                        0.0,
                        0.033779580146074295
                    ],
                    [
                        0.0,
                        0.0,
                        0.019236020743846893
                    ],
                    [
                        0.0,
                        0.0,
                        0.019236018881201744
                    ],
                    [
                        0.0,
                        0.0,
                        0.015073975548148155
                    ],
                    [
                        0.0,
                        0.0,
                        0.015073975548148155
                    ],
                    [
                        0.0,
                        0.0,
                        0.020099785178899765
                    ],
                    [
                        0.0,
                        0.0,
                        0.0185064859688282
                    ],
                    [
                        0.0,
                        0.0,
                        0.016233710572123528
                    ],
                    [
                        0.0,
                        0.0,
                        0.020099785178899765
                    ],
                    [
                        0.0,
                        0.0,
                        0.0185064859688282
                    ],
                    [
                        0.0,
                        0.0,
                        0.016233710572123528
                    ]
                ]
            ]
        }
    ]
}