{
    "people": [
        {
            "person_id": [
                1
            ],
            "pose_keypoints_2d": [
                [
                    [
                        443.6015625,
                        400.2265625,
                        0.9831738471984863
                    ],
                    [
                        435.1640625,
                        368.5859375,
                        0.8201673030853271
                    ],
                    [
                        405.6328125,
                        372.8046875,
                        0.8300386667251587
                    ],
                    [
                        361.3359375,
                        398.1171875,
                        0.9932662844657898
                    ],
                    [
                        378.2109375,
                        438.1953125,
                        0.9099307060241699
                    ],
                    [
                        464.6953125,
                        364.3671875,
                        0.8102959394454956
                    ],
                    [
                        502.6640625,
                        385.4609375,
                        0.9947465658187866
                    ],
                    [
                        492.1171875,
                        429.7578125,
                        0.9381147623062134
                    ],
                    [
                        424.6171875,
                        338.0,
                        0.6729175448417664
                    ],
                    [
                        407.7421875,
                        341.1640625,
                        0.6903765201568604
                    ],
                    [
                        405.6328125,
                        339.0546875,
                        0.6265845894813538
                    ],
                    [
                        409.8515625,
                        324.2890625,
                        0.9726261496543884
                    ],
                    [
                        441.4921875,
                        334.8359375,
                        0.6554585695266724
                    ],
                    [
                        449.9296875,
                        339.0546875,
                        0.5071026682853699
                    ],
                    [
                        437.2734375,
                        322.1796875,
                        0.9489348530769348
                    ],
                    [
                        437.2734375,
                        393.8984375,
                        0.9289413094520569
                    ],
                    [
                        449.9296875,
                        393.8984375,
                        0.971750020980835
                    ],
                    [
                        424.6171875,
                        381.2421875,
                        0.7978242635726929
                    ],
                    [
                        456.2578125,
                        383.3515625,
                        0.7416770458221436
                    ],
                    [
                        433.0546875,
                        324.2890625,
                        0.39675194025039673
                    ],
                    [
                        437.2734375,
                        324.2890625,
                        0.4459869861602783
                    ],
                    [
                        435.1640625,
                        315.8515625,
                        0.742743968963623
                    ],
                    [
                        414.0703125,
                        324.2890625,
                        0.4783870577812195
                    ],
                    [
                        407.7421875,
                        322.1796875,
                        0.5155087113380432
                    ],
                    [
                        409.8515625,
                        320.0703125,
                        0.8264525532722473
                    ]
                ]
            ]
        },
        {
            "person_id": [
                2
            ],
            "pose_keypoints_2d": [
                [
                    [
                        0.0,
                        0.0,
                        0.02053990215063095
                    ],
                    [
                        0.0,
                        0.0,
                        0.02973298355937004
                    ],
                    [
                        0.0,
                        0.0,
                        0.02973298355937004
                    ],
                    [
                        0.0,
                        0.0,
                        0.01196254137903452
                    ],
                    [
                        0.0,
                        0.0,
                        0.007421588525176048
                    ],
                    [
                        0.0,
                        0.0,
                        0.02973298355937004
                    ],
                    [
                        0.0,
                        0.0,
                        0.008996602147817612
                    ],
                    [
                        0.0,
                        0.0,
                        0.007513847202062607
                    ],
                    [
                        0.0,
                        0.0,
                        0.037304166704416275
                    ],
                    [
                        0.0,
                        0.0,
                        0.037304166704416275
                    ],
                    [
                        0.0,
                        0.0,
                        0.02520212158560753
                    ],
                    [
                        0.0,
                        0.0,
                        0.033779580146074295
                    ],
                    [
                        0.0,
                        0.0,
                        0.037304166704416275
                    ],
                    [
                        0.0,
                        0.0,
                        0.02520212158560753
                    ],
                    [
                        0.0,
                        0.0,
                        0.033779580146074295
                    ],
                    [
                        0.0,
                        0.0,
                        0.019236020743846893
                    ],
                    [
                        0.0,
                        0.0,
                        0.019236020743846893
                    ],
                    [
                        0.0,
                        0.0,
                        0.015073975548148155
                    ],
                    [
                        0.0,
                        0.0,
                        0.015073975548148155
                    ],
                    [
                        0.0,
                        0.0,
                        0.020099785178899765
                    ],
                    [
                        0.0,
                        0.0,
                        0.0185064859688282
                    ],
                    [
                        0.0,
                        0.0,
                        0.016233710572123528
                    ],
                    [
                        0.0,
                        0.0,
                        0.020099788904190063
                    ],
                    [
                        0.0,
                        0.0,
                        0.0185064859688282
                    ],
                    [
                        0.0,
                        0.0,
                        0.016233710572123528
                    ]
                ]
            ]
        }
    ]
}