{
    "people": [
        {
            "person_id": [
                1
            ],
            "pose_keypoints_2d": [
                [
                    [
                        440.38018798828125,
                        371.890625,
                        0.9637733697891235
                    ],
                    [
                        433.08856201171875,
                        345.4583435058594,
                        0.6612546443939209
                    ],
                    [
                        402.0989685058594,
                        348.1927185058594,
                        0.6479114294052124
                    ],
                    [
                        376.578125,
                        391.9427185058594,
                        0.9783384799957275
                    ],
                    [
                        378.4010314941406,
                        439.3385314941406,
                        0.8639085292816162
                    ],
                    [
                        464.078125,
                        342.7239685058594,
                        0.6745978593826294
                    ],
                    [
                        489.59893798828125,
                        381.0052185058594,
                        0.9474352598190308
                    ],
                    [
                        491.421875,
                        428.4010314941406,
                        0.8565148115158081
                    ],
                    [
                        424.88543701171875,
                        319.02606201171875,
                        0.8468753099441528
                    ],
                    [
                        407.5677185058594,
                        320.8489685058594,
                        0.8369722366333008
                    ],
                    [
                        398.453125,
                        355.484375,
                        0.20523542165756226
                    ],
                    [
                        433.08856201171875,
                        344.546875,
                        0.07035936415195465
                    ],
                    [
                        442.203125,
                        317.203125,
                        0.8567784428596497
                    ],
                    [
                        458.609375,
                        337.2552185058594,
                        0.2055102437734604
                    ],
                    [
                        440.38018798828125,
                        322.671875,
                        0.16690221428871155
                    ],
                    [
                        433.08856201171875,
                        366.421875,
                        0.9728511571884155
                    ],
                    [
                        445.84893798828125,
                        364.5989685058594,
                        0.9880412817001343
                    ],
                    [
                        420.328125,
                        351.8385314941406,
                        0.7640887498855591
                    ],
                    [
                        454.96356201171875,
                        353.6614685058594,
                        0.7761497497558594
                    ],
                    [
                        453.140625,
                        322.671875,
                        0.05820589140057564
                    ],
                    [
                        453.140625,
                        322.671875,
                        0.06577647477388382
                    ],
                    [
                        449.49481201171875,
                        344.546875,
                        0.09229658544063568
                    ],
                    [
                        394.8072814941406,
                        459.3905944824219,
                        0.06327320635318756
                    ],
                    [
                        400.2760314941406,
                        328.140625,
                        0.05126046761870384
                    ],
                    [
                        403.921875,
                        442.9843444824219,
                        0.08326148986816406
                    ]
                ]
            ]
        },
        {
            "person_id": [
                2
            ],
            "pose_keypoints_2d": [
                [
                    [
                        0.0,
                        0.0,
                        0.02053990215063095
                    ],
                    [
                        0.0,
                        0.0,
                        0.02973298355937004
                    ],
                    [
                        0.0,
                        0.0,
                        0.02973298355937004
                    ],
                    [
                        0.0,
                        0.0,
                        0.01196254137903452
                    ],
                    [
                        0.0,
                        0.0,
                        0.007421588525176048
                    ],
                    [
                        0.0,
                        0.0,
                        0.02973298355937004
                    ],
                    [
                        0.0,
                        0.0,
                        0.008996602147817612
                    ],
                    [
                        0.0,
                        0.0,
                        0.007513847202062607
                    ],
                    [
                        0.0,
                        0.0,
                        0.037304166704416275
                    ],
                    [
                        0.0,
                        0.0,
                        0.037304166704416275
                    ],
                    [
                        0.0,
                        0.0,
                        0.02520212158560753
                    ],
                    [
                        0.0,
                        0.0,
                        0.033779580146074295
                    ],
                    [
                        0.0,
                        0.0,
                        0.037304166704416275
                    ],
                    [
                        0.0,
                        0.0,
                        0.02520212158560753
                    ],
                    [
                        0.0,
                        0.0,
                        0.033779580146074295
                    ],
                    [
                        0.0,
                        0.0,
                        0.019236017018556595
                    ],
                    [
                        0.0,
                        0.0,
                        0.019236018881201744
                    ],
                    [
                        0.0,
                        0.0,
                        0.015073975548148155
                    ],
                    [
                        0.0,
                        0.0,
                        0.015073975548148155
                    ],
                    [
                        0.0,
                        0.0,
                        0.020099781453609467
                    ],
                    [
                        0.0,
                        0.0,
                        0.0185064859688282
                    ],
                    [
                        0.0,
                        0.0,
                        0.016233710572123528
                    ],
                    [
                        0.0,
                        0.0,
                        0.020099785178899765
                    ],
                    [
                        0.0,
                        0.0,
                        0.0185064859688282
                    ],
                    [
                        0.0,
                        0.0,
                        0.016233710572123528
                    ]
                ]
            ]
        }
    ]
}