{
    "people": [
        {
            "person_id": [
                1
            ],
            "pose_keypoints_2d": [
                [
                    [
                        444.31640625,
                        415.01953125,
                        0.9348950386047363
                    ],
                    [
                        435.72265625,
                        379.5703125,
                        0.8418954610824585
                    ],
                    [
                        405.64453125,
                        384.94140625,
                        0.8193122148513794
                    ],
                    [
                        358.37890625,
                        397.83203125,
                        1.013709306716919
                    ],
                    [
                        377.71484375,
                        438.65234375,
                        0.8879454135894775
                    ],
                    [
                        465.80078125,
                        374.19921875,
                        0.8644787073135376
                    ],
                    [
                        504.47265625,
                        387.08984375,
                        1.015620231628418
                    ],
                    [
                        491.58203125,
                        430.05859375,
                        0.9385092854499817
                    ],
                    [
                        424.98046875,
                        346.26953125,
                        0.7847307920455933
                    ],
                    [
                        407.79296875,
                        348.41796875,
                        0.8269867897033691
                    ],
                    [
                        407.79296875,
                        337.67578125,
                        0.750054657459259
                    ],
                    [
                        409.94140625,
                        322.63671875,
                        0.9653439521789551
                    ],
                    [
                        442.16796875,
                        344.12109375,
                        0.7424748539924622
                    ],
                    [
                        442.16796875,
                        335.52734375,
                        0.7589695453643799
                    ],
                    [
                        435.72265625,
                        318.33984375,
                        0.9467728137969971
                    ],
                    [
                        437.87109375,
                        408.57421875,
                        0.9478700757026672
                    ],
                    [
                        448.61328125,
                        408.57421875,
                        0.9686539173126221
                    ],
                    [
                        424.98046875,
                        393.53515625,
                        0.886821985244751
                    ],
                    [
                        459.35546875,
                        391.38671875,
                        0.7695308923721313
                    ],
                    [
                        433.57421875,
                        320.48828125,
                        0.41129806637763977
                    ],
                    [
                        435.72265625,
                        318.33984375,
                        0.45512351393699646
                    ],
                    [
                        433.57421875,
                        316.19140625,
                        0.7956650257110596
                    ],
                    [
                        414.23828125,
                        322.63671875,
                        0.5102689862251282
                    ],
                    [
                        407.79296875,
                        320.48828125,
                        0.5136940479278564
                    ],
                    [
                        409.94140625,
                        318.33984375,
                        0.7871353626251221
                    ]
                ]
            ]
        },
        {
            "person_id": [
                2
            ],
            "pose_keypoints_2d": [
                [
                    [
                        0.0,
                        0.0,
                        0.02053990215063095
                    ],
                    [
                        0.0,
                        0.0,
                        0.02973298355937004
                    ],
                    [
                        0.0,
                        0.0,
                        0.02973298355937004
                    ],
                    [
                        0.0,
                        0.0,
                        0.01196254137903452
                    ],
                    [
                        0.0,
                        0.0,
                        0.007421588525176048
                    ],
                    [
                        0.0,
                        0.0,
                        0.02973298355937004
                    ],
                    [
                        0.0,
                        0.0,
                        0.008996602147817612
                    ],
                    [
                        0.0,
                        0.0,
                        0.007513847202062607
                    ],
                    [
                        0.0,
                        0.0,
                        0.037304166704416275
                    ],
                    [
                        0.0,
                        0.0,
                        0.037304166704416275
                    ],
                    [
                        0.0,
                        0.0,
                        0.02520212158560753
                    ],
                    [
                        0.0,
                        0.0,
                        0.033779580146074295
                    ],
                    [
                        0.0,
                        0.0,
                        0.037304166704416275
                    ],
                    [
                        0.0,
                        0.0,
                        0.02520212158560753
                    ],
                    [
                        0.0,
                        0.0,
                        0.033779580146074295
                    ],
                    [
                        0.0,
                        0.0,
                        0.019236017018556595
                    ],
                    [
                        0.0,
                        0.0,
                        0.019236018881201744
                    ],
                    [
                        0.0,
                        0.0,
                        0.015073975548148155
                    ],
                    [
                        0.0,
                        0.0,
                        0.015073975548148155
                    ],
                    [
                        0.0,
                        0.0,
                        0.020099785178899765
                    ],
                    [
                        0.0,
                        0.0,
                        0.0185064859688282
                    ],
                    [
                        0.0,
                        0.0,
                        0.016233710572123528
                    ],
                    [
                        0.0,
                        0.0,
                        0.020099785178899765
                    ],
                    [
                        0.0,
                        0.0,
                        0.0185064859688282
                    ],
                    [
                        0.0,
                        0.0,
                        0.016233710572123528
                    ]
                ]
            ]
        }
    ]
}