{
    "people": [
        {
            "person_id": [
                1
            ],
            "pose_keypoints_2d": [
                [
                    [
                        443.31640625,
                        445.83984375,
                        0.9521536827087402
                    ],
                    [
                        434.72265625,
                        405.01953125,
                        0.8731768131256104
                    ],
                    [
                        404.64453125,
                        409.31640625,
                        0.8542129993438721
                    ],
                    [
                        357.37890625,
                        398.57421875,
                        0.9792509078979492
                    ],
                    [
                        376.71484375,
                        439.39453125,
                        0.8752027750015259
                    ],
                    [
                        464.80078125,
                        400.72265625,
                        0.8921406269073486
                    ],
                    [
                        503.47265625,
                        387.83203125,
                        0.9752905368804932
                    ],
                    [
                        492.73046875,
                        428.65234375,
                        0.8956443667411804
                    ],
                    [
                        425.0546875,
                        360.9765625,
                        0.8864098787307739
                    ],
                    [
                        406.79296875,
                        362.05078125,
                        0.8948974013328552
                    ],
                    [
                        406.79296875,
                        344.86328125,
                        0.856977641582489
                    ],
                    [
                        408.94140625,
                        321.23046875,
                        0.9082441329956055
                    ],
                    [
                        443.31640625,
                        359.90234375,
                        0.8779222965240479
                    ],
                    [
                        441.16796875,
                        340.56640625,
                        0.8180543184280396
                    ],
                    [
                        434.72265625,
                        319.08203125,
                        0.9210189580917358
                    ],
                    [
                        434.72265625,
                        439.39453125,
                        0.96888267993927
                    ],
                    [
                        447.61328125,
                        439.39453125,
                        0.9265388250350952
                    ],
                    [
                        421.83203125,
                        424.35546875,
                        0.808195173740387
                    ],
                    [
                        456.20703125,
                        424.35546875,
                        0.7493574619293213
                    ],
                    [
                        432.57421875,
                        327.67578125,
                        0.4228195250034332
                    ],
                    [
                        436.87109375,
                        321.23046875,
                        0.44087159633636475
                    ],
                    [
                        432.57421875,
                        316.93359375,
                        0.7742550373077393
                    ],
                    [
                        413.23828125,
                        323.37890625,
                        0.4640468955039978
                    ],
                    [
                        408.94140625,
                        323.37890625,
                        0.509445309638977
                    ],
                    [
                        411.08984375,
                        316.93359375,
                        0.7704851627349854
                    ]
                ]
            ]
        },
        {
            "person_id": [
                2
            ],
            "pose_keypoints_2d": [
                [
                    [
                        0.0,
                        0.0,
                        0.02053990215063095
                    ],
                    [
                        0.0,
                        0.0,
                        0.02973298355937004
                    ],
                    [
                        0.0,
                        0.0,
                        0.02973298355937004
                    ],
                    [
                        0.0,
                        0.0,
                        0.01196254137903452
                    ],
                    [
                        0.0,
                        0.0,
                        0.007421588525176048
                    ],
                    [
                        0.0,
                        0.0,
                        0.02973298355937004
                    ],
                    [
                        0.0,
                        0.0,
                        0.008996602147817612
                    ],
                    [
                        0.0,
                        0.0,
                        0.007513847202062607
                    ],
                    [
                        0.0,
                        0.0,
                        0.037304166704416275
                    ],
                    [
                        0.0,
                        0.0,
                        0.037304166704416275
                    ],
                    [
                        0.0,
                        0.0,
                        0.02520212158560753
                    ],
                    [
                        0.0,
                        0.0,
                        0.033779580146074295
                    ],
                    [
                        0.0,
                        0.0,
                        0.037304166704416275
                    ],
                    [
                        0.0,
                        0.0,
                        0.02520212158560753
                    ],
                    [
                        0.0,
                        0.0,
                        0.033779580146074295
                    ],
                    [
                        0.0,
                        0.0,
                        0.019236018881201744
                    ],
                    [
                        0.0,
                        0.0,
                        0.019236020743846893
                    ],
                    [
                        0.0,
                        0.0,
                        0.015073975548148155
                    ],
                    [
                        0.0,
                        0.0,
                        0.015073975548148155
                    ],
                    [
                        0.0,
                        0.0,
                        0.020099785178899765
                    ],
                    [
                        0.0,
                        0.0,
                        0.0185064859688282
                    ],
                    [
                        0.0,
                        0.0,
                        0.016233710572123528
                    ],
                    [
                        0.0,
                        0.0,
                        0.020099785178899765
                    ],
                    [
                        0.0,
                        0.0,
                        0.0185064859688282
                    ],
                    [
                        0.0,
                        0.0,
                        0.016233710572123528
                    ]
                ]
            ]
        }
    ]
}