{
    "people": [
        {
            "person_id": [
                1
            ],
            "pose_keypoints_2d": [
                [
                    [
                        444.4595947265625,
                        416.78515625,
                        0.9571146965026855
                    ],
                    [
                        435.76171875,
                        383.0807189941406,
                        0.8577468395233154
                    ],
                    [
                        405.3190002441406,
                        388.51690673828125,
                        0.8791833519935608
                    ],
                    [
                        357.48046875,
                        399.38934326171875,
                        1.0117321014404297
                    ],
                    [
                        377.05078125,
                        438.52996826171875,
                        0.8884563446044922
                    ],
                    [
                        466.20440673828125,
                        377.64453125,
                        0.8363102674484253
                    ],
                    [
                        505.34503173828125,
                        386.3424072265625,
                        1.0018048286437988
                    ],
                    [
                        492.29815673828125,
                        429.83203125,
                        0.9419257044792175
                    ],
                    [
                        425.9765625,
                        347.2018127441406,
                        0.7884079217910767
                    ],
                    [
                        409.66796875,
                        349.37628173828125,
                        0.8087986707687378
                    ],
                    [
                        407.49346923828125,
                        338.50390625,
                        0.7795655727386475
                    ],
                    [
                        409.66796875,
                        321.10809326171875,
                        0.9284619092941284
                    ],
                    [
                        442.28515625,
                        345.02734375,
                        0.7680172324180603
                    ],
                    [
                        442.28515625,
                        336.32940673828125,
                        0.7721672654151917
                    ],
                    [
                        435.76171875,
                        318.93359375,
                        0.9389642477035522
                    ],
                    [
                        437.9361572265625,
                        410.26171875,
                        0.9378007650375366
                    ],
                    [
                        448.80859375,
                        408.08721923828125,
                        0.9514249563217163
                    ],
                    [
                        424.8892822265625,
                        397.21484375,
                        0.8628716468811035
                    ],
                    [
                        457.5064697265625,
                        397.21484375,
                        0.8011600971221924
                    ],
                    [
                        431.4127197265625,
                        321.10809326171875,
                        0.3984847068786621
                    ],
                    [
                        433.58721923828125,
                        318.93359375,
                        0.4286045730113983
                    ],
                    [
                        433.58721923828125,
                        314.58465576171875,
                        0.774833619594574
                    ],
                    [
                        414.01690673828125,
                        321.10809326171875,
                        0.47494080662727356
                    ],
                    [
                        407.49346923828125,
                        321.10809326171875,
                        0.4682173728942871
                    ],
                    [
                        409.66796875,
                        318.93359375,
                        0.7800551652908325
                    ]
                ]
            ]
        },
        {
            "person_id": [
                2
            ],
            "pose_keypoints_2d": [
                [
                    [
                        0.0,
                        0.0,
                        0.02053990215063095
                    ],
                    [
                        0.0,
                        0.0,
                        0.02973298355937004
                    ],
                    [
                        0.0,
                        0.0,
                        0.02973298355937004
                    ],
                    [
                        0.0,
                        0.0,
                        0.01196254137903452
                    ],
                    [
                        0.0,
                        0.0,
                        0.007421588525176048
                    ],
                    [
                        0.0,
                        0.0,
                        0.02973298355937004
                    ],
                    [
                        0.0,
                        0.0,
                        0.008996602147817612
                    ],
                    [
                        0.0,
                        0.0,
                        0.007513847202062607
                    ],
                    [
                        0.0,
                        0.0,
                        0.037304166704416275
                    ],
                    [
                        0.0,
                        0.0,
                        0.037304166704416275
                    ],
                    [
                        0.0,
                        0.0,
                        0.02520212158560753
                    ],
                    [
                        0.0,
                        0.0,
                        0.033779580146074295
                    ],
                    [
                        0.0,
                        0.0,
                        0.037304166704416275
                    ],
                    [
                        0.0,
                        0.0,
                        0.02520212158560753
                    ],
                    [
                        0.0,
                        0.0,
                        0.033779580146074295
                    ],
                    [
                        0.0,
                        0.0,
                        0.019236018881201744
                    ],
                    [
                        0.0,
                        0.0,
                        0.019236018881201744
                    ],
                    [
                        0.0,
                        0.0,
                        0.015073975548148155
                    ],
                    [
                        0.0,
                        0.0,
                        0.015073975548148155
                    ],
                    [
                        0.0,
                        0.0,
                        0.020099785178899765
                    ],
                    [
                        0.0,
                        0.0,
                        0.0185064859688282
                    ],
                    [
                        0.0,
                        0.0,
                        0.016233710572123528
                    ],
                    [
                        0.0,
                        0.0,
                        0.020099785178899765
                    ],
                    [
                        0.0,
                        0.0,
                        0.0185064859688282
                    ],
                    [
                        0.0,
                        0.0,
                        0.016233710572123528
                    ]
                ]
            ]
        }
    ]
}