{
    "people": [
        {
            "person_id": [
                1
            ],
            "pose_keypoints_2d": [
                [
                    [
                        441.4921875,
                        398.8359375,
                        0.984977126121521
                    ],
                    [
                        434.109375,
                        366.140625,
                        0.8063902258872986
                    ],
                    [
                        403.5234375,
                        369.3046875,
                        0.827094316482544
                    ],
                    [
                        361.3359375,
                        396.7265625,
                        0.9970638155937195
                    ],
                    [
                        378.2109375,
                        438.9140625,
                        0.8943706750869751
                    ],
                    [
                        464.6953125,
                        362.9765625,
                        0.7856861352920532
                    ],
                    [
                        502.6640625,
                        384.0703125,
                        0.9985226392745972
                    ],
                    [
                        492.1171875,
                        428.3671875,
                        0.9283636808395386
                    ],
                    [
                        424.6171875,
                        337.6640625,
                        0.7282348275184631
                    ],
                    [
                        407.7421875,
                        339.7734375,
                        0.7542862892150879
                    ],
                    [
                        403.5234375,
                        339.7734375,
                        0.608810305595398
                    ],
                    [
                        409.8515625,
                        322.8984375,
                        0.9588320851325989
                    ],
                    [
                        441.4921875,
                        335.5546875,
                        0.7021833658218384
                    ],
                    [
                        445.7109375,
                        335.5546875,
                        0.5937497615814209
                    ],
                    [
                        437.2734375,
                        320.7890625,
                        0.9860321283340454
                    ],
                    [
                        435.1640625,
                        392.5078125,
                        0.9667701721191406
                    ],
                    [
                        445.7109375,
                        392.5078125,
                        0.9574379920959473
                    ],
                    [
                        422.5078125,
                        379.8515625,
                        0.8687797784805298
                    ],
                    [
                        456.2578125,
                        381.9609375,
                        0.8067229986190796
                    ],
                    [
                        433.0546875,
                        322.8984375,
                        0.38930660486221313
                    ],
                    [
                        437.2734375,
                        322.8984375,
                        0.47066372632980347
                    ],
                    [
                        435.1640625,
                        316.5703125,
                        0.7785562872886658
                    ],
                    [
                        414.0703125,
                        322.8984375,
                        0.5174820423126221
                    ],
                    [
                        409.8515625,
                        322.8984375,
                        0.5419421195983887
                    ],
                    [
                        409.8515625,
                        318.6796875,
                        0.8055344820022583
                    ]
                ]
            ]
        },
        {
            "person_id": [
                2
            ],
            "pose_keypoints_2d": [
                [
                    [
                        0.0,
                        0.0,
                        0.02053990215063095
                    ],
                    [
                        0.0,
                        0.0,
                        0.02973298355937004
                    ],
                    [
                        0.0,
                        0.0,
                        0.02973298355937004
                    ],
                    [
                        0.0,
                        0.0,
                        0.01196254137903452
                    ],
                    [
                        0.0,
                        0.0,
                        0.007421588525176048
                    ],
                    [
                        0.0,
                        0.0,
                        0.02973298355937004
                    ],
                    [
                        0.0,
                        0.0,
                        0.008996602147817612
                    ],
                    [
                        0.0,
                        0.0,
                        0.007513847202062607
                    ],
                    [
                        0.0,
                        0.0,
                        0.037304166704416275
                    ],
                    [
                        0.0,
                        0.0,
                        0.037304166704416275
                    ],
                    [
                        0.0,
                        0.0,
                        0.02520212158560753
                    ],
                    [
                        0.0,
                        0.0,
                        0.033779580146074295
                    ],
                    [
                        0.0,
                        0.0,
                        0.037304166704416275
                    ],
                    [
                        0.0,
                        0.0,
                        0.02520212158560753
                    ],
                    [
                        0.0,
                        0.0,
                        0.033779580146074295
                    ],
                    [
                        0.0,
                        0.0,
                        0.019236020743846893
                    ],
                    [
                        0.0,
                        0.0,
                        0.019236018881201744
                    ],
                    [
                        0.0,
                        0.0,
                        0.015073975548148155
                    ],
                    [
                        0.0,
                        0.0,
                        0.015073975548148155
                    ],
                    [
                        0.0,
                        0.0,
                        0.020099785178899765
                    ],
                    [
                        0.0,
                        0.0,
                        0.0185064859688282
                    ],
                    [
                        0.0,
                        0.0,
                        0.016233710572123528
                    ],
                    [
                        0.0,
                        0.0,
                        0.020099785178899765
                    ],
                    [
                        0.0,
                        0.0,
                        0.0185064859688282
                    ],
                    [
                        0.0,
                        0.0,
                        0.016233710572123528
                    ]
                ]
            ]
        }
    ]
}