{
    "people": [
        {
            "person_id": [
                1
            ],
            "pose_keypoints_2d": [
                [
                    [
                        442.01824951171875,
                        382.4609375,
                        0.9986693859100342
                    ],
                    [
                        432.9947814941406,
                        355.390625,
                        0.7455189824104309
                    ],
                    [
                        403.91925048828125,
                        360.40362548828125,
                        0.7822234630584717
                    ],
                    [
                        367.8255310058594,
                        394.4921875,
                        0.9806301593780518
                    ],
                    [
                        377.8515625,
                        438.60675048828125,
                        0.9244401454925537
                    ],
                    [
                        462.0703125,
                        350.37762451171875,
                        0.7088145017623901
                    ],
                    [
                        498.1640625,
                        384.4661865234375,
                        0.9644942283630371
                    ],
                    [
                        492.1484375,
                        428.58074951171875,
                        0.8937942385673523
                    ],
                    [
                        424.9739685058594,
                        327.31768798828125,
                        0.8247942328453064
                    ],
                    [
                        407.9296875,
                        330.32550048828125,
                        0.8092550039291382
                    ],
                    [
                        403.91925048828125,
                        340.3515625,
                        0.36322325468063354
                    ],
                    [
                        409.93487548828125,
                        322.3046875,
                        0.7903333902359009
                    ],
                    [
                        442.01824951171875,
                        324.30987548828125,
                        0.8403334617614746
                    ],
                    [
                        444.0234375,
                        324.30987548828125,
                        0.3427404761314392
                    ],
                    [
                        436.00262451171875,
                        316.2890625,
                        0.7584106922149658
                    ],
                    [
                        436.00262451171875,
                        376.4453125,
                        0.9960967302322388
                    ],
                    [
                        448.03387451171875,
                        374.44012451171875,
                        1.0089328289031982
                    ],
                    [
                        423.97137451171875,
                        364.4140625,
                        0.8507555723190308
                    ],
                    [
                        456.0546875,
                        364.4140625,
                        0.8225572109222412
                    ],
                    [
                        433.99737548828125,
                        320.29949951171875,
                        0.2478579878807068
                    ],
                    [
                        442.01824951171875,
                        316.2890625,
                        0.32997390627861023
                    ],
                    [
                        433.99737548828125,
                        314.28387451171875,
                        0.6516878604888916
                    ],
                    [
                        417.95574951171875,
                        320.29949951171875,
                        0.38909852504730225
                    ],
                    [
                        403.91925048828125,
                        322.3046875,
                        0.3809896409511566
                    ],
                    [
                        409.93487548828125,
                        318.29425048828125,
                        0.6877636909484863
                    ]
                ]
            ]
        },
        {
            "person_id": [
                2
            ],
            "pose_keypoints_2d": [
                [
                    [
                        0.0,
                        0.0,
                        0.02053990215063095
                    ],
                    [
                        0.0,
                        0.0,
                        0.02973298355937004
                    ],
                    [
                        0.0,
                        0.0,
                        0.02973298355937004
                    ],
                    [
                        0.0,
                        0.0,
                        0.01196254137903452
                    ],
                    [
                        0.0,
                        0.0,
                        0.007421588525176048
                    ],
                    [
                        0.0,
                        0.0,
                        0.02973298355937004
                    ],
                    [
                        0.0,
                        0.0,
                        0.008996602147817612
                    ],
                    [
                        0.0,
                        0.0,
                        0.007513847202062607
                    ],
                    [
                        0.0,
                        0.0,
                        0.037304166704416275
                    ],
                    [
                        0.0,
                        0.0,
                        0.037304166704416275
                    ],
                    [
                        0.0,
                        0.0,
                        0.02520212158560753
                    ],
                    [
                        0.0,
                        0.0,
                        0.033779580146074295
                    ],
                    [
                        0.0,
                        0.0,
                        0.037304166704416275
                    ],
                    [
                        0.0,
                        0.0,
                        0.02520212158560753
                    ],
                    [
                        0.0,
                        0.0,
                        0.033779580146074295
                    ],
                    [
                        0.0,
                        0.0,
                        0.019236020743846893
                    ],
                    [
                        0.0,
                        0.0,
                        0.019236017018556595
                    ],
                    [
                        0.0,
                        0.0,
                        0.015073975548148155
                    ],
                    [
                        0.0,
                        0.0,
                        0.015073975548148155
                    ],
                    [
                        0.0,
                        0.0,
                        0.020099788904190063
                    ],
                    [
                        0.0,
                        0.0,
                        0.0185064859688282
                    ],
                    [
                        0.0,
                        0.0,
                        0.016233710572123528
                    ],
                    [
                        0.0,
                        0.0,
                        0.020099788904190063
                    ],
                    [
                        0.0,
                        0.0,
                        0.0185064859688282
                    ],
                    [
                        0.0,
                        0.0,
                        0.016233710572123528
                    ]
                ]
            ]
        }
    ]
}