{
    "people": [
        {
            "person_id": [
                1
            ],
            "pose_keypoints_2d": [
                [
                    [
                        440.74481201171875,
                        377.265625,
                        0.974635124206543
                    ],
                    [
                        434.0,
                        350.2864685058594,
                        0.718410849571228
                    ],
                    [
                        404.1302185058594,
                        354.140625,
                        0.72557532787323
                    ],
                    [
                        371.3697814941406,
                        394.609375,
                        0.9924147129058838
                    ],
                    [
                        379.078125,
                        438.93231201171875,
                        0.8757892847061157
                    ],
                    [
                        463.86981201171875,
                        346.43231201171875,
                        0.7112463712692261
                    ],
                    [
                        494.703125,
                        383.046875,
                        0.983526349067688
                    ],
                    [
                        490.8489990234375,
                        429.296875,
                        0.8832746744155884
                    ],
                    [
                        424.3645935058594,
                        322.34375,
                        0.8355252742767334
                    ],
                    [
                        407.984375,
                        325.234375,
                        0.7913601398468018
                    ],
                    [
                        402.203125,
                        344.5052185058594,
                        0.3490093946456909
                    ],
                    [
                        409.9114685058594,
                        321.3802185058594,
                        0.3652712404727936
                    ],
                    [
                        440.74481201171875,
                        319.453125,
                        0.8796903491020203
                    ],
                    [
                        452.30731201171875,
                        334.86981201171875,
                        0.2653017044067383
                    ],
                    [
                        436.890625,
                        319.453125,
                        0.3174632489681244
                    ],
                    [
                        434.96356201171875,
                        369.55731201171875,
                        0.969576358795166
                    ],
                    [
                        446.52606201171875,
                        367.6302185058594,
                        0.9450303316116333
                    ],
                    [
                        423.40106201171875,
                        357.99481201171875,
                        0.8175364136695862
                    ],
                    [
                        454.234375,
                        359.921875,
                        0.7981373071670532
                    ],
                    [
                        438.81768798828125,
                        327.1614685058594,
                        0.09609617292881012
                    ],
                    [
                        440.74481201171875,
                        323.30731201171875,
                        0.11044006794691086
                    ],
                    [
                        425.328125,
                        315.5989685058594,
                        0.15669094026088715
                    ],
                    [
                        396.421875,
                        336.796875,
                        0.1579115241765976
                    ],
                    [
                        394.4947814941406,
                        334.86981201171875,
                        0.2058050036430359
                    ],
                    [
                        409.9114685058594,
                        319.453125,
                        0.30181336402893066
                    ]
                ]
            ]
        },
        {
            "person_id": [
                2
            ],
            "pose_keypoints_2d": [
                [
                    [
                        0.0,
                        0.0,
                        0.02053990215063095
                    ],
                    [
                        0.0,
                        0.0,
                        0.02973298355937004
                    ],
                    [
                        0.0,
                        0.0,
                        0.02973298355937004
                    ],
                    [
                        0.0,
                        0.0,
                        0.01196254137903452
                    ],
                    [
                        0.0,
                        0.0,
                        0.007421588525176048
                    ],
                    [
                        0.0,
                        0.0,
                        0.02973298355937004
                    ],
                    [
                        0.0,
                        0.0,
                        0.008996602147817612
                    ],
                    [
                        0.0,
                        0.0,
                        0.007513847202062607
                    ],
                    [
                        0.0,
                        0.0,
                        0.037304166704416275
                    ],
                    [
                        0.0,
                        0.0,
                        0.037304166704416275
                    ],
                    [
                        0.0,
                        0.0,
                        0.02520212158560753
                    ],
                    [
                        0.0,
                        0.0,
                        0.033779580146074295
                    ],
                    [
                        0.0,
                        0.0,
                        0.037304166704416275
                    ],
                    [
                        0.0,
                        0.0,
                        0.02520212158560753
                    ],
                    [
                        0.0,
                        0.0,
                        0.033779580146074295
                    ],
                    [
                        0.0,
                        0.0,
                        0.019236018881201744
                    ],
                    [
                        0.0,
                        0.0,
                        0.019236020743846893
                    ],
                    [
                        0.0,
                        0.0,
                        0.015073975548148155
                    ],
                    [
                        0.0,
                        0.0,
                        0.015073975548148155
                    ],
                    [
                        0.0,
                        0.0,
                        0.020099785178899765
                    ],
                    [
                        0.0,
                        0.0,
                        0.0185064859688282
                    ],
                    [
                        0.0,
                        0.0,
                        0.016233710572123528
                    ],
                    [
                        0.0,
                        0.0,
                        0.020099788904190063
                    ],
                    [
                        0.0,
                        0.0,
                        0.0185064859688282
                    ],
                    [
                        0.0,
                        0.0,
                        0.016233710572123528
                    ]
                ]
            ]
        }
    ]
}