{
    "people": [
        {
            "person_id": [
                1
            ],
            "pose_keypoints_2d": [
                [
                    [
                        438.95965576171875,
                        361.4986877441406,
                        1.006644606590271
                    ],
                    [
                        433.60809326171875,
                        338.30859375,
                        0.6841201782226562
                    ],
                    [
                        403.2825622558594,
                        340.09246826171875,
                        0.6339854001998901
                    ],
                    [
                        387.2278747558594,
                        386.47265625,
                        0.9315602779388428
                    ],
                    [
                        380.0924377441406,
                        436.4205627441406,
                        0.8733903169631958
                    ],
                    [
                        463.93359375,
                        336.5247497558594,
                        0.7342548966407776
                    ],
                    [
                        483.55596923828125,
                        381.12109375,
                        0.9329814314842224
                    ],
                    [
                        490.69140625,
                        427.5013122558594,
                        0.868151068687439
                    ],
                    [
                        424.68878173828125,
                        316.90234375,
                        0.7362936735153198
                    ],
                    [
                        406.8502502441406,
                        320.4700622558594,
                        0.7458612322807312
                    ],
                    [
                        389.01171875,
                        372.2018127441406,
                        0.17619255185127258
                    ],
                    [
                        406.8502502441406,
                        316.90234375,
                        0.14520980417728424
                    ],
                    [
                        442.52734375,
                        313.33465576171875,
                        0.7267261743545532
                    ],
                    [
                        444.31121826171875,
                        329.38934326171875,
                        0.1632658690214157
                    ],
                    [
                        440.74346923828125,
                        316.90234375,
                        0.19421008229255676
                    ],
                    [
                        431.82421875,
                        354.36328125,
                        0.9561376571655273
                    ],
                    [
                        446.09503173828125,
                        352.5794372558594,
                        0.9685618281364441
                    ],
                    [
                        421.12109375,
                        343.66015625,
                        0.8392997980117798
                    ],
                    [
                        453.23046875,
                        343.66015625,
                        0.831362247467041
                    ],
                    [
                        442.52734375,
                        315.1184997558594,
                        0.08987469971179962
                    ],
                    [
                        446.09503173828125,
                        315.1184997558594,
                        0.09050118923187256
                    ],
                    [
                        440.74346923828125,
                        320.4700622558594,
                        0.07917578518390656
                    ],
                    [
                        401.4986877441406,
                        322.25390625,
                        0.09012679755687714
                    ],
                    [
                        396.1471252441406,
                        322.25390625,
                        0.11286716163158417
                    ],
                    [
                        406.8502502441406,
                        309.7669372558594,
                        0.12565505504608154
                    ]
                ]
            ]
        },
        {
            "person_id": [
                2
            ],
            "pose_keypoints_2d": [
                [
                    [
                        0.0,
                        0.0,
                        0.02053990215063095
                    ],
                    [
                        0.0,
                        0.0,
                        0.02973298355937004
                    ],
                    [
                        0.0,
                        0.0,
                        0.02973298355937004
                    ],
                    [
                        0.0,
                        0.0,
                        0.01196254137903452
                    ],
                    [
                        0.0,
                        0.0,
                        0.007421588525176048
                    ],
                    [
                        0.0,
                        0.0,
                        0.02973298355937004
                    ],
                    [
                        0.0,
                        0.0,
                        0.008996602147817612
                    ],
                    [
                        0.0,
                        0.0,
                        0.007513847202062607
                    ],
                    [
                        0.0,
                        0.0,
                        0.037304166704416275
                    ],
                    [
                        0.0,
                        0.0,
                        0.037304166704416275
                    ],
                    [
                        0.0,
                        0.0,
                        0.02520212158560753
                    ],
                    [
                        0.0,
                        0.0,
                        0.033779580146074295
                    ],
                    [
                        0.0,
                        0.0,
                        0.037304166704416275
                    ],
                    [
                        0.0,
                        0.0,
                        0.02520212158560753
                    ],
                    [
                        0.0,
                        0.0,
                        0.033779580146074295
                    ],
                    [
                        0.0,
                        0.0,
                        0.019236020743846893
                    ],
                    [
                        0.0,
                        0.0,
                        0.019236018881201744
                    ],
                    [
                        0.0,
                        0.0,
                        0.015073975548148155
                    ],
                    [
                        0.0,
                        0.0,
                        0.015073975548148155
                    ],
                    [
                        0.0,
                        0.0,
                        0.020099785178899765
                    ],
                    [
                        0.0,
                        0.0,
                        0.0185064859688282
                    ],
                    [
                        0.0,
                        0.0,
                        0.016233710572123528
                    ],
                    [
                        0.0,
                        0.0,
                        0.020099788904190063
                    ],
                    [
                        0.0,
                        0.0,
                        0.0185064859688282
                    ],
                    [
                        0.0,
                        0.0,
                        0.016233710572123528
                    ]
                ]
            ]
        }
    ]
}