{
    "people": [
        {
            "person_id": [
                1
            ],
            "pose_keypoints_2d": [
                [
                    [
                        443.6015625,
                        408.0546875,
                        0.9662308692932129
                    ],
                    [
                        435.1640625,
                        376.4140625,
                        0.832342803478241
                    ],
                    [
                        405.6328125,
                        380.6328125,
                        0.8116899728775024
                    ],
                    [
                        359.2265625,
                        397.5078125,
                        1.0134146213531494
                    ],
                    [
                        378.2109375,
                        439.6953125,
                        0.8869646787643433
                    ],
                    [
                        464.6953125,
                        372.1953125,
                        0.8529956340789795
                    ],
                    [
                        504.7734375,
                        386.9609375,
                        0.993104875087738
                    ],
                    [
                        492.1171875,
                        429.1484375,
                        0.9347406625747681
                    ],
                    [
                        425.671875,
                        345.828125,
                        0.7694492340087891
                    ],
                    [
                        407.7421875,
                        346.8828125,
                        0.8091069459915161
                    ],
                    [
                        407.7421875,
                        336.3359375,
                        0.769132137298584
                    ],
                    [
                        409.8515625,
                        321.5703125,
                        0.9477853178977966
                    ],
                    [
                        443.6015625,
                        344.7734375,
                        0.729791522026062
                    ],
                    [
                        441.4921875,
                        334.2265625,
                        0.7711917757987976
                    ],
                    [
                        435.1640625,
                        319.4609375,
                        0.9651402235031128
                    ],
                    [
                        437.2734375,
                        403.8359375,
                        0.9883080720901489
                    ],
                    [
                        449.9296875,
                        401.7265625,
                        0.9789091944694519
                    ],
                    [
                        424.6171875,
                        391.1796875,
                        0.912853479385376
                    ],
                    [
                        458.3671875,
                        391.1796875,
                        0.7910299301147461
                    ],
                    [
                        433.0546875,
                        321.5703125,
                        0.43313002586364746
                    ],
                    [
                        435.1640625,
                        319.4609375,
                        0.47434693574905396
                    ],
                    [
                        433.0546875,
                        315.2421875,
                        0.7558506727218628
                    ],
                    [
                        414.0703125,
                        321.5703125,
                        0.4786633253097534
                    ],
                    [
                        407.7421875,
                        321.5703125,
                        0.5080058574676514
                    ],
                    [
                        409.8515625,
                        319.4609375,
                        0.7830847501754761
                    ]
                ]
            ]
        },
        {
            "person_id": [
                2
            ],
            "pose_keypoints_2d": [
                [
                    [
                        0.0,
                        0.0,
                        0.02053990215063095
                    ],
                    [
                        0.0,
                        0.0,
                        0.02973298355937004
                    ],
                    [
                        0.0,
                        0.0,
                        0.02973298355937004
                    ],
                    [
                        0.0,
                        0.0,
                        0.01196254137903452
                    ],
                    [
                        0.0,
                        0.0,
                        0.007421588525176048
                    ],
                    [
                        0.0,
                        0.0,
                        0.02973298355937004
                    ],
                    [
                        0.0,
                        0.0,
                        0.008996602147817612
                    ],
                    [
                        0.0,
                        0.0,
                        0.007513847202062607
                    ],
                    [
                        0.0,
                        0.0,
                        0.037304166704416275
                    ],
                    [
                        0.0,
                        0.0,
                        0.037304166704416275
                    ],
                    [
                        0.0,
                        0.0,
                        0.02520212158560753
                    ],
                    [
                        0.0,
                        0.0,
                        0.033779580146074295
                    ],
                    [
                        0.0,
                        0.0,
                        0.037304166704416275
                    ],
                    [
                        0.0,
                        0.0,
                        0.02520212158560753
                    ],
                    [
                        0.0,
                        0.0,
                        0.033779580146074295
                    ],
                    [
                        0.0,
                        0.0,
                        0.019236020743846893
                    ],
                    [
                        0.0,
                        0.0,
                        0.019236020743846893
                    ],
                    [
                        0.0,
                        0.0,
                        0.015073975548148155
                    ],
                    [
                        0.0,
                        0.0,
                        0.015073975548148155
                    ],
                    [
                        0.0,
                        0.0,
                        0.020099788904190063
                    ],
                    [
                        0.0,
                        0.0,
                        0.0185064859688282
                    ],
                    [
                        0.0,
                        0.0,
                        0.016233710572123528
                    ],
                    [
                        0.0,
                        0.0,
                        0.020099785178899765
                    ],
                    [
                        0.0,
                        0.0,
                        0.0185064859688282
                    ],
                    [
                        0.0,
                        0.0,
                        0.016233710572123528
                    ]
                ]
            ]
        }
    ]
}