{
    "people": [
        {
            "person_id": [
                1
            ],
            "pose_keypoints_2d": [
                [
                    [
                        440.2890625,
                        361.7578125,
                        1.005979299545288
                    ],
                    [
                        433.1015625,
                        339.296875,
                        0.6957608461380005
                    ],
                    [
                        402.5546875,
                        341.9921875,
                        0.6576191186904907
                    ],
                    [
                        384.5859375,
                        388.7109375,
                        0.9462745189666748
                    ],
                    [
                        379.1953125,
                        437.2265625,
                        0.8817183971405029
                    ],
                    [
                        463.6484375,
                        336.6015625,
                        0.7339025735855103
                    ],
                    [
                        483.4140625,
                        381.5234375,
                        0.9386172294616699
                    ],
                    [
                        490.6015625,
                        428.2421875,
                        0.8635985851287842
                    ],
                    [
                        424.1171875,
                        316.8359375,
                        0.7307592630386353
                    ],
                    [
                        406.1484375,
                        320.4296875,
                        0.7517437934875488
                    ],
                    [
                        397.1640625,
                        352.7734375,
                        0.1803148239850998
                    ],
                    [
                        406.1484375,
                        318.6328125,
                        0.08258236944675446
                    ],
                    [
                        442.0859375,
                        313.2421875,
                        0.7097747325897217
                    ],
                    [
                        443.8828125,
                        324.0234375,
                        0.1304892599582672
                    ],
                    [
                        440.2890625,
                        316.8359375,
                        0.18090306222438812
                    ],
                    [
                        433.1015625,
                        356.3671875,
                        0.9770288467407227
                    ],
                    [
                        445.6796875,
                        354.5703125,
                        0.9608364105224609
                    ],
                    [
                        420.5234375,
                        343.7890625,
                        0.8405619859695435
                    ],
                    [
                        454.6640625,
                        345.5859375,
                        0.8339842557907104
                    ],
                    [
                        443.8828125,
                        315.0390625,
                        0.06603003293275833
                    ],
                    [
                        445.6796875,
                        315.0390625,
                        0.06530414521694183
                    ],
                    [
                        472.6328125,
                        431.8359375,
                        0.08649804443120956
                    ],
                    [
                        393.5703125,
                        460.5859375,
                        0.0721859484910965
                    ],
                    [
                        395.3671875,
                        322.2265625,
                        0.10998144745826721
                    ],
                    [
                        398.9609375,
                        440.8203125,
                        0.1233111321926117
                    ]
                ]
            ]
        },
        {
            "person_id": [
                2
            ],
            "pose_keypoints_2d": [
                [
                    [
                        0.0,
                        0.0,
                        0.02053990215063095
                    ],
                    [
                        0.0,
                        0.0,
                        0.02973298355937004
                    ],
                    [
                        0.0,
                        0.0,
                        0.02973298355937004
                    ],
                    [
                        0.0,
                        0.0,
                        0.01196254137903452
                    ],
                    [
                        0.0,
                        0.0,
                        0.007421588525176048
                    ],
                    [
                        0.0,
                        0.0,
                        0.02973298355937004
                    ],
                    [
                        0.0,
                        0.0,
                        0.008996602147817612
                    ],
                    [
                        0.0,
                        0.0,
                        0.007513847202062607
                    ],
                    [
                        0.0,
                        0.0,
                        0.037304166704416275
                    ],
                    [
                        0.0,
                        0.0,
                        0.037304166704416275
                    ],
                    [
                        0.0,
                        0.0,
                        0.02520212158560753
                    ],
                    [
                        0.0,
                        0.0,
                        0.033779580146074295
                    ],
                    [
                        0.0,
                        0.0,
                        0.037304166704416275
                    ],
                    [
                        0.0,
                        0.0,
                        0.02520212158560753
                    ],
                    [
                        0.0,
                        0.0,
                        0.033779580146074295
                    ],
                    [
                        0.0,
                        0.0,
                        0.019236018881201744
                    ],
                    [
                        0.0,
                        0.0,
                        0.019236020743846893
                    ],
                    [
                        0.0,
                        0.0,
                        0.015073975548148155
                    ],
                    [
                        0.0,
                        0.0,
                        0.015073975548148155
                    ],
                    [
                        0.0,
                        0.0,
                        0.020099785178899765
                    ],
                    [
                        0.0,
                        0.0,
                        0.0185064859688282
                    ],
                    [
                        0.0,
                        0.0,
                        0.016233710572123528
                    ],
                    [
                        0.0,
                        0.0,
                        0.020099785178899765
                    ],
                    [
                        0.0,
                        0.0,
                        0.0185064859688282
                    ],
                    [
                        0.0,
                        0.0,
                        0.016233710572123528
                    ]
                ]
            ]
        }
    ]
}