{
    "people": [
        {
            "person_id": [
                1
            ],
            "pose_keypoints_2d": [
                [
                    [
                        440.92706298828125,
                        383.15625,
                        0.9853328466415405
                    ],
                    [
                        432.0208435058594,
                        354.45831298828125,
                        0.7345612645149231
                    ],
                    [
                        401.34375,
                        359.40625,
                        0.7776815891265869
                    ],
                    [
                        367.6979064941406,
                        395.0312805175781,
                        1.0017703771591187
                    ],
                    [
                        377.59375,
                        438.5729064941406,
                        0.9193511009216309
                    ],
                    [
                        462.69793701171875,
                        349.5104064941406,
                        0.6914409399032593
                    ],
                    [
                        496.34375,
                        383.15625,
                        0.9732879400253296
                    ],
                    [
                        492.3853759765625,
                        428.6770935058594,
                        0.8788841366767883
                    ],
                    [
                        424.1041564941406,
                        327.7395935058594,
                        0.8261147737503052
                    ],
                    [
                        407.28125,
                        329.71875,
                        0.8160470724105835
                    ],
                    [
                        403.3229064941406,
                        341.59375,
                        0.34384140372276306
                    ],
                    [
                        411.23956298828125,
                        319.82293701171875,
                        0.7389036417007446
                    ],
                    [
                        440.92706298828125,
                        325.76043701171875,
                        0.8361824750900269
                    ],
                    [
                        442.90625,
                        323.78125,
                        0.2921576499938965
                    ],
                    [
                        436.96875,
                        317.84375,
                        0.8433656096458435
                    ],
                    [
                        433.01043701171875,
                        377.21875,
                        1.0051445960998535
                    ],
                    [
                        446.86456298828125,
                        377.21875,
                        0.9909389615058899
                    ],
                    [
                        421.13543701171875,
                        365.34375,
                        0.8352994918823242
                    ],
                    [
                        454.78125,
                        365.34375,
                        0.8600624799728394
                    ],
                    [
                        436.96875,
                        317.84375,
                        0.2955389618873596
                    ],
                    [
                        440.92706298828125,
                        317.84375,
                        0.4075169265270233
                    ],
                    [
                        434.98956298828125,
                        313.88543701171875,
                        0.7068046927452087
                    ],
                    [
                        417.17706298828125,
                        321.8020935058594,
                        0.3337937593460083
                    ],
                    [
                        403.3229064941406,
                        323.78125,
                        0.31994497776031494
                    ],
                    [
                        411.23956298828125,
                        317.84375,
                        0.6541075706481934
                    ]
                ]
            ]
        },
        {
            "person_id": [
                2
            ],
            "pose_keypoints_2d": [
                [
                    [
                        0.0,
                        0.0,
                        0.02053990215063095
                    ],
                    [
                        0.0,
                        0.0,
                        0.02973298355937004
                    ],
                    [
                        0.0,
                        0.0,
                        0.02973298355937004
                    ],
                    [
                        0.0,
                        0.0,
                        0.01196254137903452
                    ],
                    [
                        0.0,
                        0.0,
                        0.007421588525176048
                    ],
                    [
                        0.0,
                        0.0,
                        0.02973298355937004
                    ],
                    [
                        0.0,
                        0.0,
                        0.008996602147817612
                    ],
                    [
                        0.0,
                        0.0,
                        0.007513847202062607
                    ],
                    [
                        0.0,
                        0.0,
                        0.037304166704416275
                    ],
                    [
                        0.0,
                        0.0,
                        0.037304166704416275
                    ],
                    [
                        0.0,
                        0.0,
                        0.02520212158560753
                    ],
                    [
                        0.0,
                        0.0,
                        0.033779580146074295
                    ],
                    [
                        0.0,
                        0.0,
                        0.037304166704416275
                    ],
                    [
                        0.0,
                        0.0,
                        0.02520212158560753
                    ],
                    [
                        0.0,
                        0.0,
                        0.033779580146074295
                    ],
                    [
                        0.0,
                        0.0,
                        0.019236020743846893
                    ],
                    [
                        0.0,
                        0.0,
                        0.019236017018556595
                    ],
                    [
                        0.0,
                        0.0,
                        0.015073975548148155
                    ],
                    [
                        0.0,
                        0.0,
                        0.015073975548148155
                    ],
                    [
                        0.0,
                        0.0,
                        0.020099785178899765
                    ],
                    [
                        0.0,
                        0.0,
                        0.0185064859688282
                    ],
                    [
                        0.0,
                        0.0,
                        0.016233710572123528
                    ],
                    [
                        0.0,
                        0.0,
                        0.020099785178899765
                    ],
                    [
                        0.0,
                        0.0,
                        0.0185064859688282
                    ],
                    [
                        0.0,
                        0.0,
                        0.016233710572123528
                    ]
                ]
            ]
        }
    ]
}