{
    "people": [
        {
            "person_id": [
                1
            ],
            "pose_keypoints_2d": [
                [
                    [
                        441.69921875,
                        395.8450927734375,
                        0.9484104514122009
                    ],
                    [
                        434.5442810058594,
                        365.1809997558594,
                        0.7988926768302917
                    ],
                    [
                        404.90234375,
                        369.26953125,
                        0.8177241086959839
                    ],
                    [
                        364.0169372558594,
                        395.8450927734375,
                        0.999097466468811
                    ],
                    [
                        378.32684326171875,
                        438.77471923828125,
                        0.8899163007736206
                    ],
                    [
                        464.18621826171875,
                        361.09246826171875,
                        0.7800612449645996
                    ],
                    [
                        500.98309326171875,
                        385.62371826171875,
                        1.0061427354812622
                    ],
                    [
                        492.8060302734375,
                        428.55340576171875,
                        0.9073672294616699
                    ],
                    [
                        426.3672180175781,
                        336.5611877441406,
                        0.6595944166183472
                    ],
                    [
                        408.99090576171875,
                        338.60546875,
                        0.6378186941146851
                    ],
                    [
                        404.90234375,
                        340.64971923828125,
                        0.6419458389282227
                    ],
                    [
                        408.99090576171875,
                        324.29559326171875,
                        0.9635411500930786
                    ],
                    [
                        443.7435302734375,
                        334.51690673828125,
                        0.681370198726654
                    ],
                    [
                        443.7435302734375,
                        330.42840576171875,
                        0.5913537740707397
                    ],
                    [
                        435.56640625,
                        318.16278076171875,
                        0.9478389024734497
                    ],
                    [
                        435.56640625,
                        387.66796875,
                        0.9413935542106628
                    ],
                    [
                        447.83203125,
                        387.66796875,
                        0.9659173488616943
                    ],
                    [
                        425.3450927734375,
                        377.44659423828125,
                        0.8598905205726624
                    ],
                    [
                        456.0091552734375,
                        377.44659423828125,
                        0.7976112365722656
                    ],
                    [
                        433.52215576171875,
                        322.25128173828125,
                        0.40706419944763184
                    ],
                    [
                        437.6107177734375,
                        318.16278076171875,
                        0.46607261896133423
                    ],
                    [
                        435.56640625,
                        316.11846923828125,
                        0.7580572962760925
                    ],
                    [
                        415.12371826171875,
                        324.29559326171875,
                        0.415582537651062
                    ],
                    [
                        408.99090576171875,
                        320.20703125,
                        0.4449053406715393
                    ],
                    [
                        408.99090576171875,
                        320.20703125,
                        0.8133137226104736
                    ]
                ]
            ]
        },
        {
            "person_id": [
                2
            ],
            "pose_keypoints_2d": [
                [
                    [
                        0.0,
                        0.0,
                        0.02053990215063095
                    ],
                    [
                        0.0,
                        0.0,
                        0.02973298355937004
                    ],
                    [
                        0.0,
                        0.0,
                        0.02973298355937004
                    ],
                    [
                        0.0,
                        0.0,
                        0.01196254137903452
                    ],
                    [
                        0.0,
                        0.0,
                        0.007421588525176048
                    ],
                    [
                        0.0,
                        0.0,
                        0.02973298355937004
                    ],
                    [
                        0.0,
                        0.0,
                        0.008996602147817612
                    ],
                    [
                        0.0,
                        0.0,
                        0.007513847202062607
                    ],
                    [
                        0.0,
                        0.0,
                        0.037304166704416275
                    ],
                    [
                        0.0,
                        0.0,
                        0.037304166704416275
                    ],
                    [
                        0.0,
                        0.0,
                        0.02520212158560753
                    ],
                    [
                        0.0,
                        0.0,
                        0.033779580146074295
                    ],
                    [
                        0.0,
                        0.0,
                        0.037304166704416275
                    ],
                    [
                        0.0,
                        0.0,
                        0.02520212158560753
                    ],
                    [
                        0.0,
                        0.0,
                        0.033779580146074295
                    ],
                    [
                        0.0,
                        0.0,
                        0.019236020743846893
                    ],
                    [
                        0.0,
                        0.0,
                        0.019236018881201744
                    ],
                    [
                        0.0,
                        0.0,
                        0.015073975548148155
                    ],
                    [
                        0.0,
                        0.0,
                        0.015073975548148155
                    ],
                    [
                        0.0,
                        0.0,
                        0.020099785178899765
                    ],
                    [
                        0.0,
                        0.0,
                        0.0185064859688282
                    ],
                    [
                        0.0,
                        0.0,
                        0.016233710572123528
                    ],
                    [
                        0.0,
                        0.0,
                        0.020099785178899765
                    ],
                    [
                        0.0,
                        0.0,
                        0.0185064859688282
                    ],
                    [
                        0.0,
                        0.0,
                        0.016233710572123528
                    ]
                ]
            ]
        }
    ]
}