{
    "people": [
        {
            "person_id": [
                1
            ],
            "pose_keypoints_2d": [
                [
                    [
                        441.46484375,
                        391.02734375,
                        0.9654324054718018
                    ],
                    [
                        432.5,
                        360.1484375,
                        0.7822536826133728
                    ],
                    [
                        401.62109375,
                        363.13671875,
                        0.8264824151992798
                    ],
                    [
                        365.76171875,
                        397.00390625,
                        0.9891718626022339
                    ],
                    [
                        377.71484375,
                        438.83984375,
                        0.9110181331634521
                    ],
                    [
                        463.37890625,
                        357.16015625,
                        0.7380249500274658
                    ],
                    [
                        497.24609375,
                        383.05859375,
                        0.9347914457321167
                    ],
                    [
                        491.26953125,
                        428.87890625,
                        0.8977681994438171
                    ],
                    [
                        424.53125,
                        332.2578125,
                        0.7052478194236755
                    ],
                    [
                        407.59765625,
                        335.24609375,
                        0.7111799716949463
                    ],
                    [
                        405.60546875,
                        339.23046875,
                        0.505926787853241
                    ],
                    [
                        409.58984375,
                        323.29296875,
                        0.934766948223114
                    ],
                    [
                        441.46484375,
                        329.26953125,
                        0.6993156671524048
                    ],
                    [
                        441.46484375,
                        325.28515625,
                        0.3843563199043274
                    ],
                    [
                        437.48046875,
                        319.30859375,
                        0.9158486127853394
                    ],
                    [
                        433.49609375,
                        383.05859375,
                        0.9518783688545227
                    ],
                    [
                        447.44140625,
                        383.05859375,
                        0.9870815277099609
                    ],
                    [
                        421.54296875,
                        371.10546875,
                        0.8162670135498047
                    ],
                    [
                        455.41015625,
                        371.10546875,
                        0.8114578723907471
                    ],
                    [
                        431.50390625,
                        321.30078125,
                        0.35903212428092957
                    ],
                    [
                        439.47265625,
                        319.30859375,
                        0.4533687233924866
                    ],
                    [
                        435.48828125,
                        315.32421875,
                        0.7430816888809204
                    ],
                    [
                        415.56640625,
                        321.30078125,
                        0.43652838468551636
                    ],
                    [
                        409.58984375,
                        323.29296875,
                        0.4573945105075836
                    ],
                    [
                        409.58984375,
                        319.30859375,
                        0.807231068611145
                    ]
                ]
            ]
        },
        {
            "person_id": [
                2
            ],
            "pose_keypoints_2d": [
                [
                    [
                        0.0,
                        0.0,
                        0.02053990215063095
                    ],
                    [
                        0.0,
                        0.0,
                        0.02973298355937004
                    ],
                    [
                        0.0,
                        0.0,
                        0.02973298355937004
                    ],
                    [
                        0.0,
                        0.0,
                        0.01196254137903452
                    ],
                    [
                        0.0,
                        0.0,
                        0.007421588525176048
                    ],
                    [
                        0.0,
                        0.0,
                        0.02973298355937004
                    ],
                    [
                        0.0,
                        0.0,
                        0.008996602147817612
                    ],
                    [
                        0.0,
                        0.0,
                        0.007513847202062607
                    ],
                    [
                        0.0,
                        0.0,
                        0.037304166704416275
                    ],
                    [
                        0.0,
                        0.0,
                        0.037304166704416275
                    ],
                    [
                        0.0,
                        0.0,
                        0.02520212158560753
                    ],
                    [
                        0.0,
                        0.0,
                        0.033779580146074295
                    ],
                    [
                        0.0,
                        0.0,
                        0.037304166704416275
                    ],
                    [
                        0.0,
                        0.0,
                        0.02520212158560753
                    ],
                    [
                        0.0,
                        0.0,
                        0.033779580146074295
                    ],
                    [
                        0.0,
                        0.0,
                        0.019236020743846893
                    ],
                    [
                        0.0,
                        0.0,
                        0.019236020743846893
                    ],
                    [
                        0.0,
                        0.0,
                        0.015073975548148155
                    ],
                    [
                        0.0,
                        0.0,
                        0.015073975548148155
                    ],
                    [
                        0.0,
                        0.0,
                        0.020099785178899765
                    ],
                    [
                        0.0,
                        0.0,
                        0.0185064859688282
                    ],
                    [
                        0.0,
                        0.0,
                        0.016233710572123528
                    ],
                    [
                        0.0,
                        0.0,
                        0.020099785178899765
                    ],
                    [
                        0.0,
                        0.0,
                        0.0185064859688282
                    ],
                    [
                        0.0,
                        0.0,
                        0.016233710572123528
                    ]
                ]
            ]
        }
    ]
}