{
    "people": [
        {
            "person_id": [
                1
            ],
            "pose_keypoints_2d": [
                [
                    [
                        443.74481201171875,
                        437.86981201171875,
                        0.9576151371002197
                    ],
                    [
                        436.2708435058594,
                        399.4322814941406,
                        0.886446475982666
                    ],
                    [
                        405.30731201171875,
                        403.703125,
                        0.8504539132118225
                    ],
                    [
                        358.328125,
                        399.43231201171875,
                        1.0032750368118286
                    ],
                    [
                        377.546875,
                        437.86981201171875,
                        0.894646406173706
                    ],
                    [
                        467.234375,
                        395.16143798828125,
                        0.9224390983581543
                    ],
                    [
                        505.671875,
                        386.6197509765625,
                        0.9855750799179077
                    ],
                    [
                        492.859375,
                        429.328125,
                        0.9147073030471802
                    ],
                    [
                        426.6614685058594,
                        359.9270935058594,
                        0.804472804069519
                    ],
                    [
                        409.578125,
                        360.99481201171875,
                        0.8414014577865601
                    ],
                    [
                        407.4427185058594,
                        346.046875,
                        0.8895570039749146
                    ],
                    [
                        409.578125,
                        322.55731201171875,
                        0.8799539804458618
                    ],
                    [
                        443.74481201171875,
                        358.859375,
                        0.767544150352478
                    ],
                    [
                        441.609375,
                        341.77606201171875,
                        0.8273478746414185
                    ],
                    [
                        435.203125,
                        320.421875,
                        0.9515105485916138
                    ],
                    [
                        437.33856201171875,
                        433.59893798828125,
                        0.9489420652389526
                    ],
                    [
                        448.015625,
                        431.46356201171875,
                        0.967003345489502
                    ],
                    [
                        424.52606201171875,
                        418.65106201171875,
                        0.8503192067146301
                    ],
                    [
                        456.55731201171875,
                        416.515625,
                        0.7209693193435669
                    ],
                    [
                        433.06768798828125,
                        320.421875,
                        0.3743084669113159
                    ],
                    [
                        435.203125,
                        320.421875,
                        0.39760714769363403
                    ],
                    [
                        435.203125,
                        314.015625,
                        0.816052258014679
                    ],
                    [
                        411.71356201171875,
                        324.69268798828125,
                        0.38483914732933044
                    ],
                    [
                        405.30731201171875,
                        324.69268798828125,
                        0.42974424362182617
                    ],
                    [
                        409.578125,
                        316.15106201171875,
                        0.7667659521102905
                    ]
                ]
            ]
        },
        {
            "person_id": [
                2
            ],
            "pose_keypoints_2d": [
                [
                    [
                        0.0,
                        0.0,
                        0.02053990215063095
                    ],
                    [
                        0.0,
                        0.0,
                        0.02973298355937004
                    ],
                    [
                        0.0,
                        0.0,
                        0.02973298355937004
                    ],
                    [
                        0.0,
                        0.0,
                        0.01196254137903452
                    ],
                    [
                        0.0,
                        0.0,
                        0.007421588525176048
                    ],
                    [
                        0.0,
                        0.0,
                        0.02973298355937004
                    ],
                    [
                        0.0,
                        0.0,
                        0.008996602147817612
                    ],
                    [
                        0.0,
                        0.0,
                        0.007513847202062607
                    ],
                    [
                        0.0,
                        0.0,
                        0.037304166704416275
                    ],
                    [
                        0.0,
                        0.0,
                        0.037304166704416275
                    ],
                    [
                        0.0,
                        0.0,
                        0.02520212158560753
                    ],
                    [
                        0.0,
                        0.0,
                        0.033779580146074295
                    ],
                    [
                        0.0,
                        0.0,
                        0.037304166704416275
                    ],
                    [
                        0.0,
                        0.0,
                        0.02520212158560753
                    ],
                    [
                        0.0,
                        0.0,
                        0.033779580146074295
                    ],
                    [
                        0.0,
                        0.0,
                        0.019236018881201744
                    ],
                    [
                        0.0,
                        0.0,
                        0.019236020743846893
                    ],
                    [
                        0.0,
                        0.0,
                        0.015073975548148155
                    ],
                    [
                        0.0,
                        0.0,
                        0.015073975548148155
                    ],
                    [
                        0.0,
                        0.0,
                        0.020099785178899765
                    ],
                    [
                        0.0,
                        0.0,
                        0.0185064859688282
                    ],
                    [
                        0.0,
                        0.0,
                        0.016233710572123528
                    ],
                    [
                        0.0,
                        0.0,
                        0.020099785178899765
                    ],
                    [
                        0.0,
                        0.0,
                        0.0185064859688282
                    ],
                    [
                        0.0,
                        0.0,
                        0.016233710572123528
                    ]
                ]
            ]
        }
    ]
}