{
    "people": [
        {
            "person_id": [
                1
            ],
            "pose_keypoints_2d": [
                [
                    [
                        440.47265625,
                        388.04296875,
                        0.9401599168777466
                    ],
                    [
                        433.5,
                        360.15234375,
                        0.7793110609054565
                    ],
                    [
                        402.62109375,
                        364.13671875,
                        0.8278025984764099
                    ],
                    [
                        364.76953125,
                        396.01171875,
                        1.0108951330184937
                    ],
                    [
                        376.72265625,
                        437.84765625,
                        0.9291263222694397
                    ],
                    [
                        464.37890625,
                        356.16796875,
                        0.730819582939148
                    ],
                    [
                        500.23828125,
                        384.05859375,
                        0.9702227115631104
                    ],
                    [
                        492.26953125,
                        429.87890625,
                        0.8686072826385498
                    ],
                    [
                        425.53125,
                        331.265625,
                        0.7386360168457031
                    ],
                    [
                        408.59765625,
                        334.25390625,
                        0.7469199299812317
                    ],
                    [
                        406.60546875,
                        336.24609375,
                        0.536647617816925
                    ],
                    [
                        408.59765625,
                        324.29296875,
                        0.9518333673477173
                    ],
                    [
                        442.46484375,
                        328.27734375,
                        0.7303521633148193
                    ],
                    [
                        442.46484375,
                        326.28515625,
                        0.4578738212585449
                    ],
                    [
                        436.48828125,
                        318.31640625,
                        0.9233932495117188
                    ],
                    [
                        434.49609375,
                        382.06640625,
                        0.9886353611946106
                    ],
                    [
                        446.44921875,
                        382.06640625,
                        0.9943525195121765
                    ],
                    [
                        422.54296875,
                        368.12109375,
                        0.77791428565979
                    ],
                    [
                        456.41015625,
                        372.10546875,
                        0.7799263596534729
                    ],
                    [
                        432.50390625,
                        322.30078125,
                        0.35288941860198975
                    ],
                    [
                        440.47265625,
                        318.31640625,
                        0.4422030448913574
                    ],
                    [
                        434.49609375,
                        314.33203125,
                        0.7598016262054443
                    ],
                    [
                        412.58203125,
                        318.31640625,
                        0.39839377999305725
                    ],
                    [
                        410.58984375,
                        318.31640625,
                        0.4031867980957031
                    ],
                    [
                        410.58984375,
                        318.31640625,
                        0.7948927879333496
                    ]
                ]
            ]
        },
        {
            "person_id": [
                2
            ],
            "pose_keypoints_2d": [
                [
                    [
                        0.0,
                        0.0,
                        0.02053990215063095
                    ],
                    [
                        0.0,
                        0.0,
                        0.02973298355937004
                    ],
                    [
                        0.0,
                        0.0,
                        0.02973298355937004
                    ],
                    [
                        0.0,
                        0.0,
                        0.01196254137903452
                    ],
                    [
                        0.0,
                        0.0,
                        0.007421588525176048
                    ],
                    [
                        0.0,
                        0.0,
                        0.02973298355937004
                    ],
                    [
                        0.0,
                        0.0,
                        0.008996602147817612
                    ],
                    [
                        0.0,
                        0.0,
                        0.007513847202062607
                    ],
                    [
                        0.0,
                        0.0,
                        0.037304166704416275
                    ],
                    [
                        0.0,
                        0.0,
                        0.037304166704416275
                    ],
                    [
                        0.0,
                        0.0,
                        0.02520212158560753
                    ],
                    [
                        0.0,
                        0.0,
                        0.033779580146074295
                    ],
                    [
                        0.0,
                        0.0,
                        0.037304166704416275
                    ],
                    [
                        0.0,
                        0.0,
                        0.02520212158560753
                    ],
                    [
                        0.0,
                        0.0,
                        0.033779580146074295
                    ],
                    [
                        0.0,
                        0.0,
                        0.019236018881201744
                    ],
                    [
                        0.0,
                        0.0,
                        0.019236020743846893
                    ],
                    [
                        0.0,
                        0.0,
                        0.015073975548148155
                    ],
                    [
                        0.0,
                        0.0,
                        0.015073975548148155
                    ],
                    [
                        0.0,
                        0.0,
                        0.020099788904190063
                    ],
                    [
                        0.0,
                        0.0,
                        0.0185064859688282
                    ],
                    [
                        0.0,
                        0.0,
                        0.016233710572123528
                    ],
                    [
                        0.0,
                        0.0,
                        0.020099785178899765
                    ],
                    [
                        0.0,
                        0.0,
                        0.0185064859688282
                    ],
                    [
                        0.0,
                        0.0,
                        0.016233710572123528
                    ]
                ]
            ]
        }
    ]
}