{
    "people": [
        {
            "person_id": [
                1
            ],
            "pose_keypoints_2d": [
                [
                    [
                        441.609375,
                        404.06768798828125,
                        0.9809045791625977
                    ],
                    [
                        433.0677185058594,
                        372.03643798828125,
                        0.8073166608810425
                    ],
                    [
                        403.171875,
                        376.3072509765625,
                        0.805899977684021
                    ],
                    [
                        360.4635314941406,
                        397.66143798828125,
                        1.0061982870101929
                    ],
                    [
                        377.546875,
                        438.234375,
                        0.9028816223144531
                    ],
                    [
                        462.96356201171875,
                        367.765625,
                        0.808733344078064
                    ],
                    [
                        503.5364990234375,
                        384.84893798828125,
                        0.9933597445487976
                    ],
                    [
                        492.859375,
                        429.69268798828125,
                        0.9499695897102356
                    ],
                    [
                        424.52606201171875,
                        340.0052185058594,
                        0.7593807578086853
                    ],
                    [
                        407.4427185058594,
                        342.140625,
                        0.7979135513305664
                    ],
                    [
                        407.4427185058594,
                        335.734375,
                        0.668583333492279
                    ],
                    [
                        409.578125,
                        320.78643798828125,
                        0.9987201690673828
                    ],
                    [
                        441.609375,
                        337.86981201171875,
                        0.7208479642868042
                    ],
                    [
                        443.74481201171875,
                        333.59893798828125,
                        0.7219259738922119
                    ],
                    [
                        437.33856201171875,
                        320.78643798828125,
                        0.9859898090362549
                    ],
                    [
                        435.203125,
                        397.66143798828125,
                        1.005266547203064
                    ],
                    [
                        448.015625,
                        397.66143798828125,
                        0.9864364862442017
                    ],
                    [
                        422.390625,
                        384.84893798828125,
                        0.9090452194213867
                    ],
                    [
                        456.55731201171875,
                        384.84893798828125,
                        0.8138532638549805
                    ],
                    [
                        433.06768798828125,
                        320.78643798828125,
                        0.4219929575920105
                    ],
                    [
                        437.33856201171875,
                        320.78643798828125,
                        0.4833812713623047
                    ],
                    [
                        435.203125,
                        316.515625,
                        0.8256349563598633
                    ],
                    [
                        413.84893798828125,
                        320.78643798828125,
                        0.4904823303222656
                    ],
                    [
                        409.578125,
                        322.921875,
                        0.5395236015319824
                    ],
                    [
                        409.578125,
                        316.515625,
                        0.8447677493095398
                    ]
                ]
            ]
        },
        {
            "person_id": [
                2
            ],
            "pose_keypoints_2d": [
                [
                    [
                        0.0,
                        0.0,
                        0.02053990215063095
                    ],
                    [
                        0.0,
                        0.0,
                        0.02973298355937004
                    ],
                    [
                        0.0,
                        0.0,
                        0.02973298355937004
                    ],
                    [
                        0.0,
                        0.0,
                        0.01196254137903452
                    ],
                    [
                        0.0,
                        0.0,
                        0.007421588525176048
                    ],
                    [
                        0.0,
                        0.0,
                        0.02973298355937004
                    ],
                    [
                        0.0,
                        0.0,
                        0.008996602147817612
                    ],
                    [
                        0.0,
                        0.0,
                        0.007513847202062607
                    ],
                    [
                        0.0,
                        0.0,
                        0.037304166704416275
                    ],
                    [
                        0.0,
                        0.0,
                        0.037304166704416275
                    ],
                    [
                        0.0,
                        0.0,
                        0.02520212158560753
                    ],
                    [
                        0.0,
                        0.0,
                        0.033779580146074295
                    ],
                    [
                        0.0,
                        0.0,
                        0.037304166704416275
                    ],
                    [
                        0.0,
                        0.0,
                        0.02520212158560753
                    ],
                    [
                        0.0,
                        0.0,
                        0.033779580146074295
                    ],
                    [
                        0.0,
                        0.0,
                        0.019236018881201744
                    ],
                    [
                        0.0,
                        0.0,
                        0.019236020743846893
                    ],
                    [
                        0.0,
                        0.0,
                        0.015073975548148155
                    ],
                    [
                        0.0,
                        0.0,
                        0.015073975548148155
                    ],
                    [
                        0.0,
                        0.0,
                        0.020099785178899765
                    ],
                    [
                        0.0,
                        0.0,
                        0.0185064859688282
                    ],
                    [
                        0.0,
                        0.0,
                        0.016233710572123528
                    ],
                    [
                        0.0,
                        0.0,
                        0.020099788904190063
                    ],
                    [
                        0.0,
                        0.0,
                        0.0185064859688282
                    ],
                    [
                        0.0,
                        0.0,
                        0.016233710572123528
                    ]
                ]
            ]
        }
    ]
}