{
    "people": [
        {
            "person_id": [
                1
            ],
            "pose_keypoints_2d": [
                [
                    [
                        444.6029052734375,
                        444.11065673828125,
                        0.9008434414863586
                    ],
                    [
                        435.80078125,
                        404.5013122558594,
                        0.8750663995742798
                    ],
                    [
                        404.9934997558594,
                        408.90234375,
                        0.8512733578681946
                    ],
                    [
                        358.7825622558594,
                        400.10028076171875,
                        0.9984704256057739
                    ],
                    [
                        376.38671875,
                        437.50909423828125,
                        0.8868918418884277
                    ],
                    [
                        466.60809326171875,
                        400.10028076171875,
                        0.8988593816757202
                    ],
                    [
                        506.21746826171875,
                        389.09765625,
                        0.9637662172317505
                    ],
                    [
                        493.01434326171875,
                        428.70703125,
                        0.9092919826507568
                    ],
                    [
                        428.0989685058594,
                        363.7916564941406,
                        0.8371054530143738
                    ],
                    [
                        409.39453125,
                        364.89190673828125,
                        0.837334156036377
                    ],
                    [
                        409.39453125,
                        347.28778076171875,
                        0.8041569590568542
                    ],
                    [
                        409.39453125,
                        323.08203125,
                        0.9455187916755676
                    ],
                    [
                        446.80340576171875,
                        362.69140625,
                        0.8368767499923706
                    ],
                    [
                        442.40234375,
                        345.08721923828125,
                        0.7986301183700562
                    ],
                    [
                        435.80078125,
                        320.88153076171875,
                        0.9262121915817261
                    ],
                    [
                        435.80078125,
                        439.70965576171875,
                        0.9379966259002686
                    ],
                    [
                        449.00390625,
                        439.70965576171875,
                        0.949339747428894
                    ],
                    [
                        424.7982177734375,
                        424.30596923828125,
                        0.8554064035415649
                    ],
                    [
                        460.00653076171875,
                        424.30596923828125,
                        0.7506092190742493
                    ],
                    [
                        433.60028076171875,
                        327.48309326171875,
                        0.4033653736114502
                    ],
                    [
                        438.0013427734375,
                        323.08203125,
                        0.43627163767814636
                    ],
                    [
                        433.60028076171875,
                        316.48046875,
                        0.7799271941184998
                    ],
                    [
                        413.79559326171875,
                        327.48309326171875,
                        0.4137338399887085
                    ],
                    [
                        407.19403076171875,
                        323.08203125,
                        0.480371356010437
                    ],
                    [
                        411.59503173828125,
                        318.68096923828125,
                        0.7783563137054443
                    ]
                ]
            ]
        },
        {
            "person_id": [
                2
            ],
            "pose_keypoints_2d": [
                [
                    [
                        0.0,
                        0.0,
                        0.02053990215063095
                    ],
                    [
                        0.0,
                        0.0,
                        0.02973298355937004
                    ],
                    [
                        0.0,
                        0.0,
                        0.02973298355937004
                    ],
                    [
                        0.0,
                        0.0,
                        0.01196254137903452
                    ],
                    [
                        0.0,
                        0.0,
                        0.007421588525176048
                    ],
                    [
                        0.0,
                        0.0,
                        0.02973298355937004
                    ],
                    [
                        0.0,
                        0.0,
                        0.008996602147817612
                    ],
                    [
                        0.0,
                        0.0,
                        0.007513847202062607
                    ],
                    [
                        0.0,
                        0.0,
                        0.037304166704416275
                    ],
                    [
                        0.0,
                        0.0,
                        0.037304166704416275
                    ],
                    [
                        0.0,
                        0.0,
                        0.02520212158560753
                    ],
                    [
                        0.0,
                        0.0,
                        0.033779580146074295
                    ],
                    [
                        0.0,
                        0.0,
                        0.037304166704416275
                    ],
                    [
                        0.0,
                        0.0,
                        0.02520212158560753
                    ],
                    [
                        0.0,
                        0.0,
                        0.033779580146074295
                    ],
                    [
                        0.0,
                        0.0,
                        0.019236020743846893
                    ],
                    [
                        0.0,
                        0.0,
                        0.019236020743846893
                    ],
                    [
                        0.0,
                        0.0,
                        0.015073975548148155
                    ],
                    [
                        0.0,
                        0.0,
                        0.015073975548148155
                    ],
                    [
                        0.0,
                        0.0,
                        0.020099785178899765
                    ],
                    [
                        0.0,
                        0.0,
                        0.0185064859688282
                    ],
                    [
                        0.0,
                        0.0,
                        0.016233710572123528
                    ],
                    [
                        0.0,
                        0.0,
                        0.020099788904190063
                    ],
                    [
                        0.0,
                        0.0,
                        0.0185064859688282
                    ],
                    [
                        0.0,
                        0.0,
                        0.016233710572123528
                    ]
                ]
            ]
        }
    ]
}