{
    "people": [
        {
            "person_id": [
                1
            ],
            "pose_keypoints_2d": [
                [
                    [
                        444.17449951171875,
                        445.8775939941406,
                        0.955535888671875
                    ],
                    [
                        436.4270935058594,
                        406.0338439941406,
                        0.8587905168533325
                    ],
                    [
                        406.54425048828125,
                        410.4609069824219,
                        0.83634352684021
                    ],
                    [
                        357.8463439941406,
                        399.3932189941406,
                        1.0128827095031738
                    ],
                    [
                        375.5546875,
                        437.0234069824219,
                        0.8629828691482544
                    ],
                    [
                        466.3099365234375,
                        401.6067810058594,
                        0.8812374472618103
                    ],
                    [
                        508.3671875,
                        390.5390319824219,
                        0.9551815986633301
                    ],
                    [
                        492.8724365234375,
                        428.1692810058594,
                        0.9110855460166931
                    ],
                    [
                        426.4661560058594,
                        366.19012451171875,
                        0.8448947668075562
                    ],
                    [
                        408.7578125,
                        368.4036560058594,
                        0.841606616973877
                    ],
                    [
                        406.54425048828125,
                        350.6953125,
                        0.8043365478515625
                    ],
                    [
                        408.7578125,
                        324.1328125,
                        0.9325041770935059
                    ],
                    [
                        444.17449951171875,
                        363.9765625,
                        0.8481829166412354
                    ],
                    [
                        441.9609375,
                        346.2682189941406,
                        0.8273811340332031
                    ],
                    [
                        435.3203125,
                        319.7057189941406,
                        0.9442404508590698
                    ],
                    [
                        437.53387451171875,
                        437.0234069824219,
                        0.9212038516998291
                    ],
                    [
                        450.81512451171875,
                        437.0234069824219,
                        0.9533067345619202
                    ],
                    [
                        426.46612548828125,
                        425.9557189941406,
                        0.8270728588104248
                    ],
                    [
                        459.6693115234375,
                        425.9557189941406,
                        0.7858288288116455
                    ],
                    [
                        433.10675048828125,
                        328.5599060058594,
                        0.3961392045021057
                    ],
                    [
                        437.53387451171875,
                        324.1328125,
                        0.44068774580955505
                    ],
                    [
                        435.3203125,
                        315.2786560058594,
                        0.7755494117736816
                    ],
                    [
                        410.97137451171875,
                        324.1328125,
                        0.43452268838882446
                    ],
                    [
                        406.54425048828125,
                        324.1328125,
                        0.4952264428138733
                    ],
                    [
                        408.7578125,
                        319.7057189941406,
                        0.7747370004653931
                    ]
                ]
            ]
        },
        {
            "person_id": [
                2
            ],
            "pose_keypoints_2d": [
                [
                    [
                        0.0,
                        0.0,
                        0.02053990215063095
                    ],
                    [
                        0.0,
                        0.0,
                        0.02973298355937004
                    ],
                    [
                        0.0,
                        0.0,
                        0.02973298355937004
                    ],
                    [
                        0.0,
                        0.0,
                        0.01196254137903452
                    ],
                    [
                        0.0,
                        0.0,
                        0.007421588525176048
                    ],
                    [
                        0.0,
                        0.0,
                        0.02973298355937004
                    ],
                    [
                        0.0,
                        0.0,
                        0.008996602147817612
                    ],
                    [
                        0.0,
                        0.0,
                        0.007513847202062607
                    ],
                    [
                        0.0,
                        0.0,
                        0.037304166704416275
                    ],
                    [
                        0.0,
                        0.0,
                        0.037304166704416275
                    ],
                    [
                        0.0,
                        0.0,
                        0.02520212158560753
                    ],
                    [
                        0.0,
                        0.0,
                        0.033779580146074295
                    ],
                    [
                        0.0,
                        0.0,
                        0.037304166704416275
                    ],
                    [
                        0.0,
                        0.0,
                        0.02520212158560753
                    ],
                    [
                        0.0,
                        0.0,
                        0.033779580146074295
                    ],
                    [
                        0.0,
                        0.0,
                        0.019236020743846893
                    ],
                    [
                        0.0,
                        0.0,
                        0.019236020743846893
                    ],
                    [
                        0.0,
                        0.0,
                        0.015073975548148155
                    ],
                    [
                        0.0,
                        0.0,
                        0.015073975548148155
                    ],
                    [
                        0.0,
                        0.0,
                        0.020099788904190063
                    ],
                    [
                        0.0,
                        0.0,
                        0.0185064859688282
                    ],
                    [
                        0.0,
                        0.0,
                        0.016233710572123528
                    ],
                    [
                        0.0,
                        0.0,
                        0.020099788904190063
                    ],
                    [
                        0.0,
                        0.0,
                        0.0185064859688282
                    ],
                    [
                        0.0,
                        0.0,
                        0.016233710572123528
                    ]
                ]
            ]
        }
    ]
}