{
    "people": [
        {
            "person_id": [
                1
            ],
            "pose_keypoints_2d": [
                [
                    [
                        441.81640625,
                        398.82421875,
                        0.9539012908935547
                    ],
                    [
                        434.5703125,
                        367.76953125,
                        0.8096091151237488
                    ],
                    [
                        404.55078125,
                        371.91015625,
                        0.8358008861541748
                    ],
                    [
                        363.14453125,
                        396.75390625,
                        1.007803201675415
                    ],
                    [
                        377.63671875,
                        438.16015625,
                        0.8899303674697876
                    ],
                    [
                        464.58984375,
                        363.62890625,
                        0.7834173440933228
                    ],
                    [
                        501.85546875,
                        386.40234375,
                        0.9947534203529358
                    ],
                    [
                        491.50390625,
                        429.87890625,
                        0.9425922632217407
                    ],
                    [
                        426.2890625,
                        337.75,
                        0.6999492645263672
                    ],
                    [
                        408.69140625,
                        340.85546875,
                        0.6882076859474182
                    ],
                    [
                        404.55078125,
                        338.78515625,
                        0.6786240935325623
                    ],
                    [
                        408.69140625,
                        324.29296875,
                        0.9397079944610596
                    ],
                    [
                        443.88671875,
                        334.64453125,
                        0.7116909027099609
                    ],
                    [
                        443.88671875,
                        334.64453125,
                        0.569524347782135
                    ],
                    [
                        437.67578125,
                        320.15234375,
                        0.9478281140327454
                    ],
                    [
                        435.60546875,
                        392.61328125,
                        0.9549576640129089
                    ],
                    [
                        448.02734375,
                        390.54296875,
                        0.9835437536239624
                    ],
                    [
                        423.18359375,
                        380.19140625,
                        0.9090551137924194
                    ],
                    [
                        456.30859375,
                        380.19140625,
                        0.769945502281189
                    ],
                    [
                        433.53515625,
                        322.22265625,
                        0.40208154916763306
                    ],
                    [
                        437.67578125,
                        320.15234375,
                        0.448853075504303
                    ],
                    [
                        435.60546875,
                        316.01171875,
                        0.7635830640792847
                    ],
                    [
                        414.90234375,
                        324.29296875,
                        0.45151716470718384
                    ],
                    [
                        408.69140625,
                        322.22265625,
                        0.4880603551864624
                    ],
                    [
                        408.69140625,
                        320.15234375,
                        0.8021848201751709
                    ]
                ]
            ]
        },
        {
            "person_id": [
                2
            ],
            "pose_keypoints_2d": [
                [
                    [
                        0.0,
                        0.0,
                        0.02053990215063095
                    ],
                    [
                        0.0,
                        0.0,
                        0.02973298355937004
                    ],
                    [
                        0.0,
                        0.0,
                        0.02973298355937004
                    ],
                    [
                        0.0,
                        0.0,
                        0.01196254137903452
                    ],
                    [
                        0.0,
                        0.0,
                        0.007421588525176048
                    ],
                    [
                        0.0,
                        0.0,
                        0.02973298355937004
                    ],
                    [
                        0.0,
                        0.0,
                        0.008996602147817612
                    ],
                    [
                        0.0,
                        0.0,
                        0.007513847202062607
                    ],
                    [
                        0.0,
                        0.0,
                        0.037304166704416275
                    ],
                    [
                        0.0,
                        0.0,
                        0.037304166704416275
                    ],
                    [
                        0.0,
                        0.0,
                        0.02520212158560753
                    ],
                    [
                        0.0,
                        0.0,
                        0.033779580146074295
                    ],
                    [
                        0.0,
                        0.0,
                        0.037304166704416275
                    ],
                    [
                        0.0,
                        0.0,
                        0.02520212158560753
                    ],
                    [
                        0.0,
                        0.0,
                        0.033779580146074295
                    ],
                    [
                        0.0,
                        0.0,
                        0.019236020743846893
                    ],
                    [
                        0.0,
                        0.0,
                        0.019236018881201744
                    ],
                    [
                        0.0,
                        0.0,
                        0.015073975548148155
                    ],
                    [
                        0.0,
                        0.0,
                        0.015073975548148155
                    ],
                    [
                        0.0,
                        0.0,
                        0.020099788904190063
                    ],
                    [
                        0.0,
                        0.0,
                        0.0185064859688282
                    ],
                    [
                        0.0,
                        0.0,
                        0.016233710572123528
                    ],
                    [
                        0.0,
                        0.0,
                        0.020099785178899765
                    ],
                    [
                        0.0,
                        0.0,
                        0.0185064859688282
                    ],
                    [
                        0.0,
                        0.0,
                        0.016233710572123528
                    ]
                ]
            ]
        }
    ]
}