{
    "people": [
        {
            "person_id": [
                1
            ],
            "pose_keypoints_2d": [
                [
                    [
                        435.083984375,
                        370.916015625,
                        0.9197835922241211
                    ],
                    [
                        426.412109375,
                        330.80859375,
                        0.7267802953720093
                    ],
                    [
                        396.060546875,
                        334.060546875,
                        0.6930543184280396
                    ],
                    [
                        383.052734375,
                        386.091796875,
                        0.9459240436553955
                    ],
                    [
                        378.716796875,
                        435.955078125,
                        0.8829081058502197
                    ],
                    [
                        456.763671875,
                        327.556640625,
                        0.760506272315979
                    ],
                    [
                        476.275390625,
                        375.251953125,
                        0.9802178144454956
                    ],
                    [
                        491.451171875,
                        427.283203125,
                        0.8799154758453369
                    ],
                    [
                        417.740234375,
                        273.357421875,
                        0.8752935528755188
                    ],
                    [
                        398.228515625,
                        275.525390625,
                        0.8558276891708374
                    ],
                    [
                        391.724609375,
                        351.404296875,
                        0.7846955060958862
                    ],
                    [
                        417.740234375,
                        381.755859375,
                        0.8168578147888184
                    ],
                    [
                        437.251953125,
                        271.189453125,
                        0.8947594165802002
                    ],
                    [
                        448.091796875,
                        321.052734375,
                        0.35710132122039795
                    ],
                    [
                        435.083984375,
                        344.900390625,
                        0.18057063221931458
                    ],
                    [
                        430.748046875,
                        366.580078125,
                        0.8970730304718018
                    ],
                    [
                        439.419921875,
                        366.580078125,
                        0.8966277241706848
                    ],
                    [
                        417.740234375,
                        353.572265625,
                        0.6502130031585693
                    ],
                    [
                        450.259765625,
                        351.404296875,
                        0.6772767305374146
                    ],
                    [
                        413.404296875,
                        401.267578125,
                        0.044170081615448
                    ],
                    [
                        415.572265625,
                        386.091796875,
                        0.02771434374153614
                    ],
                    [
                        415.572265625,
                        344.900390625,
                        0.10793504118919373
                    ],
                    [
                        417.740234375,
                        399.099609375,
                        0.705601155757904
                    ],
                    [
                        411.236328125,
                        394.763671875,
                        0.7277381420135498
                    ],
                    [
                        419.908203125,
                        383.923828125,
                        0.6433054208755493
                    ]
                ]
            ]
        },
        {
            "person_id": [
                2
            ],
            "pose_keypoints_2d": [
                [
                    [
                        0.0,
                        0.0,
                        0.02053990215063095
                    ],
                    [
                        0.0,
                        0.0,
                        0.02973298355937004
                    ],
                    [
                        0.0,
                        0.0,
                        0.02973298355937004
                    ],
                    [
                        0.0,
                        0.0,
                        0.01196254137903452
                    ],
                    [
                        0.0,
                        0.0,
                        0.007421588525176048
                    ],
                    [
                        0.0,
                        0.0,
                        0.02973298355937004
                    ],
                    [
                        0.0,
                        0.0,
                        0.008996602147817612
                    ],
                    [
                        0.0,
                        0.0,
                        0.007513847202062607
                    ],
                    [
                        0.0,
                        0.0,
                        0.037304166704416275
                    ],
                    [
                        0.0,
                        0.0,
                        0.037304166704416275
                    ],
                    [
                        0.0,
                        0.0,
                        0.02520212158560753
                    ],
                    [
                        0.0,
                        0.0,
                        0.033779580146074295
                    ],
                    [
                        0.0,
                        0.0,
                        0.037304166704416275
                    ],
                    [
                        0.0,
                        0.0,
                        0.02520212158560753
                    ],
                    [
                        0.0,
                        0.0,
                        0.033779580146074295
                    ],
                    [
                        0.0,
                        0.0,
                        0.019236020743846893
                    ],
                    [
                        0.0,
                        0.0,
                        0.019236020743846893
                    ],
                    [
                        0.0,
                        0.0,
                        0.015073975548148155
                    ],
                    [
                        0.0,
                        0.0,
                        0.015073975548148155
                    ],
                    [
                        0.0,
                        0.0,
                        0.020099785178899765
                    ],
                    [
                        0.0,
                        0.0,
                        0.0185064859688282
                    ],
                    [
                        0.0,
                        0.0,
                        0.016233710572123528
                    ],
                    [
                        0.0,
                        0.0,
                        0.020099785178899765
                    ],
                    [
                        0.0,
                        0.0,
                        0.0185064859688282
                    ],
                    [
                        0.0,
                        0.0,
                        0.016233710572123528
                    ]
                ]
            ]
        }
    ]
}