{
    "people": [
        {
            "person_id": [
                1
            ],
            "pose_keypoints_2d": [
                [
                    [
                        440.4560546875,
                        367.6318359375,
                        1.0116506814956665
                    ],
                    [
                        433.517578125,
                        337.8955078125,
                        0.7429279088973999
                    ],
                    [
                        400.8076171875,
                        341.8603515625,
                        0.7329757809638977
                    ],
                    [
                        386.9306640625,
                        387.4560546875,
                        0.9227748513221741
                    ],
                    [
                        379.0009765625,
                        437.0166015625,
                        0.9123501777648926
                    ],
                    [
                        466.2275390625,
                        333.9306640625,
                        0.7528800964355469
                    ],
                    [
                        486.0517578125,
                        379.5263671875,
                        0.9411218762397766
                    ],
                    [
                        491.9990234375,
                        427.1044921875,
                        0.8760464191436768
                    ],
                    [
                        427.5703125,
                        294.2822265625,
                        0.8811823129653931
                    ],
                    [
                        408.7373046875,
                        296.2646484375,
                        0.8438423871994019
                    ],
                    [
                        394.8603515625,
                        337.8955078125,
                        0.40271079540252686
                    ],
                    [
                        412.7021484375,
                        302.2119140625,
                        0.1052803099155426
                    ],
                    [
                        446.4033203125,
                        292.2998046875,
                        0.9185221791267395
                    ],
                    [
                        454.3330078125,
                        320.0537109375,
                        0.3668314814567566
                    ],
                    [
                        436.4912109375,
                        341.8603515625,
                        0.18201608955860138
                    ],
                    [
                        434.5087890625,
                        361.6845703125,
                        0.9883970618247986
                    ],
                    [
                        446.4033203125,
                        359.7021484375,
                        1.0131713151931763
                    ],
                    [
                        420.6318359375,
                        347.8076171875,
                        0.8417356610298157
                    ],
                    [
                        454.3330078125,
                        349.7900390625,
                        0.7353061437606812
                    ],
                    [
                        442.4384765625,
                        304.1943359375,
                        0.027545329183340073
                    ],
                    [
                        444.4208984375,
                        306.1767578125,
                        0.055839620530605316
                    ],
                    [
                        438.4736328125,
                        329.9658203125,
                        0.1357177495956421
                    ],
                    [
                        400.8076171875,
                        320.0537109375,
                        0.06974000483751297
                    ],
                    [
                        369.0888671875,
                        456.8408203125,
                        0.08087108284235
                    ],
                    [
                        420.6318359375,
                        341.8603515625,
                        0.07987604290246964
                    ]
                ]
            ]
        },
        {
            "person_id": [
                2
            ],
            "pose_keypoints_2d": [
                [
                    [
                        0.0,
                        0.0,
                        0.02053990215063095
                    ],
                    [
                        0.0,
                        0.0,
                        0.02973298355937004
                    ],
                    [
                        0.0,
                        0.0,
                        0.02973298355937004
                    ],
                    [
                        0.0,
                        0.0,
                        0.01196254137903452
                    ],
                    [
                        0.0,
                        0.0,
                        0.007421588525176048
                    ],
                    [
                        0.0,
                        0.0,
                        0.02973298355937004
                    ],
                    [
                        0.0,
                        0.0,
                        0.008996602147817612
                    ],
                    [
                        0.0,
                        0.0,
                        0.007513847202062607
                    ],
                    [
                        0.0,
                        0.0,
                        0.037304166704416275
                    ],
                    [
                        0.0,
                        0.0,
                        0.037304166704416275
                    ],
                    [
                        0.0,
                        0.0,
                        0.02520212158560753
                    ],
                    [
                        0.0,
                        0.0,
                        0.033779580146074295
                    ],
                    [
                        0.0,
                        0.0,
                        0.037304166704416275
                    ],
                    [
                        0.0,
                        0.0,
                        0.02520212158560753
                    ],
                    [
                        0.0,
                        0.0,
                        0.033779580146074295
                    ],
                    [
                        0.0,
                        0.0,
                        0.019236020743846893
                    ],
                    [
                        0.0,
                        0.0,
                        0.019236018881201744
                    ],
                    [
                        0.0,
                        0.0,
                        0.015073975548148155
                    ],
                    [
                        0.0,
                        0.0,
                        0.015073975548148155
                    ],
                    [
                        0.0,
                        0.0,
                        0.020099785178899765
                    ],
                    [
                        0.0,
                        0.0,
                        0.0185064859688282
                    ],
                    [
                        0.0,
                        0.0,
                        0.016233710572123528
                    ],
                    [
                        0.0,
                        0.0,
                        0.020099785178899765
                    ],
                    [
                        0.0,
                        0.0,
                        0.0185064859688282
                    ],
                    [
                        0.0,
                        0.0,
                        0.016233710572123528
                    ]
                ]
            ]
        }
    ]
}