{
    "people": [
        {
            "person_id": [
                1
            ],
            "pose_keypoints_2d": [
                [
                    [
                        446.95703125,
                        395.89453125,
                        1.0092854499816895
                    ],
                    [
                        435.5703125,
                        364.83984375,
                        0.8035559058189392
                    ],
                    [
                        405.55078125,
                        368.98046875,
                        0.8075646758079529
                    ],
                    [
                        364.14453125,
                        397.96484375,
                        1.003768801689148
                    ],
                    [
                        378.63671875,
                        439.37109375,
                        0.8890799283981323
                    ],
                    [
                        465.58984375,
                        360.69921875,
                        0.7995471358299255
                    ],
                    [
                        504.92578125,
                        385.54296875,
                        0.9832850694656372
                    ],
                    [
                        492.50390625,
                        429.01953125,
                        0.9006683826446533
                    ],
                    [
                        425.21875,
                        332.75,
                        0.7457402944564819
                    ],
                    [
                        407.62109375,
                        335.85546875,
                        0.7413440346717834
                    ],
                    [
                        403.48046875,
                        339.99609375,
                        0.6048440933227539
                    ],
                    [
                        405.55078125,
                        323.43359375,
                        0.9384666681289673
                    ],
                    [
                        442.81640625,
                        329.64453125,
                        0.7501366138458252
                    ],
                    [
                        451.09765625,
                        339.99609375,
                        0.4901021122932434
                    ],
                    [
                        436.60546875,
                        319.29296875,
                        0.9144165515899658
                    ],
                    [
                        438.67578125,
                        389.68359375,
                        0.9613093137741089
                    ],
                    [
                        453.16796875,
                        387.61328125,
                        0.9527621269226074
                    ],
                    [
                        426.25390625,
                        375.19140625,
                        0.9023382663726807
                    ],
                    [
                        459.37890625,
                        377.26171875,
                        0.709652304649353
                    ],
                    [
                        434.53515625,
                        319.29296875,
                        0.3801717162132263
                    ],
                    [
                        436.60546875,
                        321.36328125,
                        0.44244247674942017
                    ],
                    [
                        434.53515625,
                        315.15234375,
                        0.7692976593971252
                    ],
                    [
                        407.62109375,
                        323.43359375,
                        0.4920434057712555
                    ],
                    [
                        405.55078125,
                        323.43359375,
                        0.4798358678817749
                    ],
                    [
                        407.62109375,
                        319.29296875,
                        0.7635799646377563
                    ]
                ]
            ]
        },
        {
            "person_id": [
                2
            ],
            "pose_keypoints_2d": [
                [
                    [
                        0.0,
                        0.0,
                        0.02053990215063095
                    ],
                    [
                        0.0,
                        0.0,
                        0.02973298355937004
                    ],
                    [
                        0.0,
                        0.0,
                        0.02973298355937004
                    ],
                    [
                        0.0,
                        0.0,
                        0.01196254137903452
                    ],
                    [
                        0.0,
                        0.0,
                        0.007421588525176048
                    ],
                    [
                        0.0,
                        0.0,
                        0.02973298355937004
                    ],
                    [
                        0.0,
                        0.0,
                        0.008996602147817612
                    ],
                    [
                        0.0,
                        0.0,
                        0.007513847202062607
                    ],
                    [
                        0.0,
                        0.0,
                        0.037304166704416275
                    ],
                    [
                        0.0,
                        0.0,
                        0.037304166704416275
                    ],
                    [
                        0.0,
                        0.0,
                        0.02520212158560753
                    ],
                    [
                        0.0,
                        0.0,
                        0.033779580146074295
                    ],
                    [
                        0.0,
                        0.0,
                        0.037304166704416275
                    ],
                    [
                        0.0,
                        0.0,
                        0.02520212158560753
                    ],
                    [
                        0.0,
                        0.0,
                        0.033779580146074295
                    ],
                    [
                        0.0,
                        0.0,
                        0.019236017018556595
                    ],
                    [
                        0.0,
                        0.0,
                        0.019236018881201744
                    ],
                    [
                        0.0,
                        0.0,
                        0.015073975548148155
                    ],
                    [
                        0.0,
                        0.0,
                        0.015073975548148155
                    ],
                    [
                        0.0,
                        0.0,
                        0.020099785178899765
                    ],
                    [
                        0.0,
                        0.0,
                        0.0185064859688282
                    ],
                    [
                        0.0,
                        0.0,
                        0.016233710572123528
                    ],
                    [
                        0.0,
                        0.0,
                        0.020099785178899765
                    ],
                    [
                        0.0,
                        0.0,
                        0.0185064859688282
                    ],
                    [
                        0.0,
                        0.0,
                        0.016233710572123528
                    ]
                ]
            ]
        }
    ]
}