{
    "people": [
        {
            "person_id": [
                1
            ],
            "pose_keypoints_2d": [
                [
                    [
                        444.671875,
                        377.546875,
                        0.9956214427947998
                    ],
                    [
                        436.0,
                        348.640625,
                        0.7375530004501343
                    ],
                    [
                        404.203125,
                        352.49481201171875,
                        0.7513860464096069
                    ],
                    [
                        373.3697814941406,
                        392.96356201171875,
                        0.9825916290283203
                    ],
                    [
                        379.1510314941406,
                        439.21356201171875,
                        0.8892790079116821
                    ],
                    [
                        467.796875,
                        344.7864685058594,
                        0.7237199544906616
                    ],
                    [
                        496.703125,
                        383.328125,
                        0.9361113905906677
                    ],
                    [
                        490.921875,
                        429.578125,
                        0.9029392600059509
                    ],
                    [
                        425.40106201171875,
                        314.91668701171875,
                        0.931728184223175
                    ],
                    [
                        408.05731201171875,
                        317.80731201171875,
                        0.8979346752166748
                    ],
                    [
                        400.3489685058594,
                        346.71356201171875,
                        0.3716573417186737
                    ],
                    [
                        406.1302185058594,
                        325.515625,
                        0.08305929601192474
                    ],
                    [
                        442.74481201171875,
                        312.02606201171875,
                        0.9655216932296753
                    ],
                    [
                        454.30731201171875,
                        331.296875,
                        0.2451709806919098
                    ],
                    [
                        442.74481201171875,
                        321.6614685058594,
                        0.1541896015405655
                    ],
                    [
                        436.96356201171875,
                        371.765625,
                        0.9596151113510132
                    ],
                    [
                        450.453125,
                        369.83856201171875,
                        0.9869159460067749
                    ],
                    [
                        425.40106201171875,
                        358.27606201171875,
                        0.8836057186126709
                    ],
                    [
                        458.16143798828125,
                        360.203125,
                        0.7726877331733704
                    ],
                    [
                        477.43231201171875,
                        448.84893798828125,
                        0.042217548936605453
                    ],
                    [
                        442.74481201171875,
                        319.734375,
                        0.05294908210635185
                    ],
                    [
                        442.74481201171875,
                        321.6614685058594,
                        0.052985623478889465
                    ],
                    [
                        400.3489685058594,
                        331.296875,
                        0.044129833579063416
                    ],
                    [
                        400.3489685058594,
                        331.296875,
                        0.06279650330543518
                    ],
                    [
                        400.3489685058594,
                        441.140625,
                        0.06876716762781143
                    ]
                ]
            ]
        },
        {
            "person_id": [
                2
            ],
            "pose_keypoints_2d": [
                [
                    [
                        0.0,
                        0.0,
                        0.02053990215063095
                    ],
                    [
                        0.0,
                        0.0,
                        0.02973298355937004
                    ],
                    [
                        0.0,
                        0.0,
                        0.02973298355937004
                    ],
                    [
                        0.0,
                        0.0,
                        0.01196254137903452
                    ],
                    [
                        0.0,
                        0.0,
                        0.007421588525176048
                    ],
                    [
                        0.0,
                        0.0,
                        0.02973298355937004
                    ],
                    [
                        0.0,
                        0.0,
                        0.008996602147817612
                    ],
                    [
                        0.0,
                        0.0,
                        0.007513847202062607
                    ],
                    [
                        0.0,
                        0.0,
                        0.037304166704416275
                    ],
                    [
                        0.0,
                        0.0,
                        0.037304166704416275
                    ],
                    [
                        0.0,
                        0.0,
                        0.02520212158560753
                    ],
                    [
                        0.0,
                        0.0,
                        0.033779580146074295
                    ],
                    [
                        0.0,
                        0.0,
                        0.037304166704416275
                    ],
                    [
                        0.0,
                        0.0,
                        0.02520212158560753
                    ],
                    [
                        0.0,
                        0.0,
                        0.033779580146074295
                    ],
                    [
                        0.0,
                        0.0,
                        0.019236020743846893
                    ],
                    [
                        0.0,
                        0.0,
                        0.019236018881201744
                    ],
                    [
                        0.0,
                        0.0,
                        0.015073975548148155
                    ],
                    [
                        0.0,
                        0.0,
                        0.015073975548148155
                    ],
                    [
                        0.0,
                        0.0,
                        0.020099788904190063
                    ],
                    [
                        0.0,
                        0.0,
                        0.0185064859688282
                    ],
                    [
                        0.0,
                        0.0,
                        0.016233710572123528
                    ],
                    [
                        0.0,
                        0.0,
                        0.020099788904190063
                    ],
                    [
                        0.0,
                        0.0,
                        0.0185064859688282
                    ],
                    [
                        0.0,
                        0.0,
                        0.016233710572123528
                    ]
                ]
            ]
        }
    ]
}