{
    "people": [
        {
            "person_id": [
                1
            ],
            "pose_keypoints_2d": [
                [
                    [
                        434.6328125,
                        364.6015625,
                        0.9164546728134155
                    ],
                    [
                        424.4375,
                        328.3515625,
                        0.7959277629852295
                    ],
                    [
                        393.8515625,
                        330.6171875,
                        0.7803363800048828
                    ],
                    [
                        382.5234375,
                        384.9921875,
                        0.9569994211196899
                    ],
                    [
                        377.9921875,
                        437.1015625,
                        0.8987412452697754
                    ],
                    [
                        455.0234375,
                        326.0859375,
                        0.8115191459655762
                    ],
                    [
                        473.1484375,
                        373.6640625,
                        0.9748749136924744
                    ],
                    [
                        489.0078125,
                        425.7734375,
                        0.8705077171325684
                    ],
                    [
                        413.109375,
                        270.578125,
                        0.8977224826812744
                    ],
                    [
                        393.8515625,
                        273.9765625,
                        0.9151877760887146
                    ],
                    [
                        391.5859375,
                        346.4765625,
                        0.7332226037979126
                    ],
                    [
                        418.7734375,
                        382.7265625,
                        0.8634564876556396
                    ],
                    [
                        432.3671875,
                        267.1796875,
                        0.880257248878479
                    ],
                    [
                        443.6953125,
                        317.0234375,
                        0.2882755994796753
                    ],
                    [
                        432.3671875,
                        339.6796875,
                        0.143020898103714
                    ],
                    [
                        430.1015625,
                        362.3359375,
                        0.9026806354522705
                    ],
                    [
                        439.1640625,
                        360.0703125,
                        0.8952375650405884
                    ],
                    [
                        416.5078125,
                        348.7421875,
                        0.7062483429908752
                    ],
                    [
                        448.2265625,
                        346.4765625,
                        0.6090141534805298
                    ],
                    [
                        411.9765625,
                        400.8515625,
                        0.05378829315304756
                    ],
                    [
                        500.3359375,
                        446.1640625,
                        0.04515382647514343
                    ],
                    [
                        411.9765625,
                        339.6796875,
                        0.10959771275520325
                    ],
                    [
                        416.5078125,
                        400.8515625,
                        0.7698309421539307
                    ],
                    [
                        409.7109375,
                        398.5859375,
                        0.8031972646713257
                    ],
                    [
                        421.0390625,
                        382.7265625,
                        0.7148855924606323
                    ]
                ]
            ]
        },
        {
            "person_id": [
                2
            ],
            "pose_keypoints_2d": [
                [
                    [
                        0.0,
                        0.0,
                        0.02053990215063095
                    ],
                    [
                        0.0,
                        0.0,
                        0.02973298355937004
                    ],
                    [
                        0.0,
                        0.0,
                        0.02973298355937004
                    ],
                    [
                        0.0,
                        0.0,
                        0.01196254137903452
                    ],
                    [
                        0.0,
                        0.0,
                        0.007421588525176048
                    ],
                    [
                        0.0,
                        0.0,
                        0.02973298355937004
                    ],
                    [
                        0.0,
                        0.0,
                        0.008996602147817612
                    ],
                    [
                        0.0,
                        0.0,
                        0.007513847202062607
                    ],
                    [
                        0.0,
                        0.0,
                        0.037304166704416275
                    ],
                    [
                        0.0,
                        0.0,
                        0.037304166704416275
                    ],
                    [
                        0.0,
                        0.0,
                        0.02520212158560753
                    ],
                    [
                        0.0,
                        0.0,
                        0.033779580146074295
                    ],
                    [
                        0.0,
                        0.0,
                        0.037304166704416275
                    ],
                    [
                        0.0,
                        0.0,
                        0.02520212158560753
                    ],
                    [
                        0.0,
                        0.0,
                        0.033779580146074295
                    ],
                    [
                        0.0,
                        0.0,
                        0.019236020743846893
                    ],
                    [
                        0.0,
                        0.0,
                        0.019236020743846893
                    ],
                    [
                        0.0,
                        0.0,
                        0.015073975548148155
                    ],
                    [
                        0.0,
                        0.0,
                        0.015073975548148155
                    ],
                    [
                        0.0,
                        0.0,
                        0.020099785178899765
                    ],
                    [
                        0.0,
                        0.0,
                        0.0185064859688282
                    ],
                    [
                        0.0,
                        0.0,
                        0.016233710572123528
                    ],
                    [
                        0.0,
                        0.0,
                        0.020099788904190063
                    ],
                    [
                        0.0,
                        0.0,
                        0.0185064859688282
                    ],
                    [
                        0.0,
                        0.0,
                        0.016233710572123528
                    ]
                ]
            ]
        }
    ]
}