{
    "people": [
        {
            "person_id": [
                1
            ],
            "pose_keypoints_2d": [
                [
                    [
                        446.31378173828125,
                        381.7200622558594,
                        0.9710947871208191
                    ],
                    [
                        435.5,
                        353.2109375,
                        0.7213647961616516
                    ],
                    [
                        405.0247497558594,
                        358.1263122558594,
                        0.7549793720245361
                    ],
                    [
                        369.6341247558594,
                        395.4830627441406,
                        0.9840430617332458
                    ],
                    [
                        377.4986877441406,
                        438.7383117675781,
                        0.8609851598739624
                    ],
                    [
                        465.97528076171875,
                        348.2955627441406,
                        0.6877502202987671
                    ],
                    [
                        499.3997802734375,
                        383.6861877441406,
                        0.969813346862793
                    ],
                    [
                        491.53515625,
                        428.9075622558594,
                        0.897433876991272
                    ],
                    [
                        425.6692810058594,
                        318.8033752441406,
                        0.9159194827079773
                    ],
                    [
                        408.95703125,
                        320.76953125,
                        0.8816657066345215
                    ],
                    [
                        405.0247497558594,
                        346.3294372558594,
                        0.28771573305130005
                    ],
                    [
                        412.88934326171875,
                        324.7018127441406,
                        0.11043426394462585
                    ],
                    [
                        442.38153076171875,
                        316.83721923828125,
                        0.9501732587814331
                    ],
                    [
                        458.11065673828125,
                        346.3294372558594,
                        0.2688695788383484
                    ],
                    [
                        450.24609375,
                        354.1940002441406,
                        0.1498720496892929
                    ],
                    [
                        438.44921875,
                        375.8216247558594,
                        1.0000581741333008
                    ],
                    [
                        452.21221923828125,
                        373.85546875,
                        0.9920815825462341
                    ],
                    [
                        426.65234375,
                        364.0247497558594,
                        0.9277029633522034
                    ],
                    [
                        460.07684326171875,
                        364.0247497558594,
                        0.7934871912002563
                    ],
                    [
                        477.77215576171875,
                        450.5351867675781,
                        0.039434339851140976
                    ],
                    [
                        454.17840576171875,
                        330.6002502441406,
                        0.048491016030311584
                    ],
                    [
                        452.21221923828125,
                        354.1940002441406,
                        0.09426963329315186
                    ],
                    [
                        399.1263122558594,
                        332.56640625,
                        0.03174855560064316
                    ],
                    [
                        399.1263122558594,
                        332.56640625,
                        0.05050855502486229
                    ],
                    [
                        403.05859375,
                        444.6367492675781,
                        0.07154162973165512
                    ]
                ]
            ]
        },
        {
            "person_id": [
                2
            ],
            "pose_keypoints_2d": [
                [
                    [
                        0.0,
                        0.0,
                        0.02053990215063095
                    ],
                    [
                        0.0,
                        0.0,
                        0.02973298355937004
                    ],
                    [
                        0.0,
                        0.0,
                        0.02973298355937004
                    ],
                    [
                        0.0,
                        0.0,
                        0.01196254137903452
                    ],
                    [
                        0.0,
                        0.0,
                        0.007421588525176048
                    ],
                    [
                        0.0,
                        0.0,
                        0.02973298355937004
                    ],
                    [
                        0.0,
                        0.0,
                        0.008996602147817612
                    ],
                    [
                        0.0,
                        0.0,
                        0.007513847202062607
                    ],
                    [
                        0.0,
                        0.0,
                        0.037304166704416275
                    ],
                    [
                        0.0,
                        0.0,
                        0.037304166704416275
                    ],
                    [
                        0.0,
                        0.0,
                        0.02520212158560753
                    ],
                    [
                        0.0,
                        0.0,
                        0.033779580146074295
                    ],
                    [
                        0.0,
                        0.0,
                        0.037304166704416275
                    ],
                    [
                        0.0,
                        0.0,
                        0.02520212158560753
                    ],
                    [
                        0.0,
                        0.0,
                        0.033779580146074295
                    ],
                    [
                        0.0,
                        0.0,
                        0.019236017018556595
                    ],
                    [
                        0.0,
                        0.0,
                        0.019236017018556595
                    ],
                    [
                        0.0,
                        0.0,
                        0.015073975548148155
                    ],
                    [
                        0.0,
                        0.0,
                        0.015073975548148155
                    ],
                    [
                        0.0,
                        0.0,
                        0.020099788904190063
                    ],
                    [
                        0.0,
                        0.0,
                        0.0185064859688282
                    ],
                    [
                        0.0,
                        0.0,
                        0.016233710572123528
                    ],
                    [
                        0.0,
                        0.0,
                        0.020099785178899765
                    ],
                    [
                        0.0,
                        0.0,
                        0.0185064859688282
                    ],
                    [
                        0.0,
                        0.0,
                        0.016233710572123528
                    ]
                ]
            ]
        }
    ]
}