{
    "people": [
        {
            "person_id": [
                1
            ],
            "pose_keypoints_2d": [
                [
                    [
                        437.466796875,
                        253.892578125,
                        0.9173756837844849
                    ],
                    [
                        424.224609375,
                        245.064453125,
                        0.7474846839904785
                    ],
                    [
                        395.533203125,
                        247.271484375,
                        0.7300790548324585
                    ],
                    [
                        364.634765625,
                        302.447265625,
                        0.9532935619354248
                    ],
                    [
                        375.669921875,
                        357.623046875,
                        0.8854429721832275
                    ],
                    [
                        452.916015625,
                        242.857421875,
                        0.7648902535438538
                    ],
                    [
                        470.572265625,
                        278.169921875,
                        0.9661110639572144
                    ],
                    [
                        466.158203125,
                        320.103515625,
                        0.8430673480033875
                    ],
                    [
                        415.396484375,
                        279.2734375,
                        0.7929933071136475
                    ],
                    [
                        397.740234375,
                        280.376953125,
                        0.7981102466583252
                    ],
                    [
                        404.361328125,
                        337.759765625,
                        0.8383921980857849
                    ],
                    [
                        419.810546875,
                        379.693359375,
                        0.8847484588623047
                    ],
                    [
                        433.052734375,
                        278.169921875,
                        0.7878763675689697
                    ],
                    [
                        437.466796875,
                        333.345703125,
                        0.8697855472564697
                    ],
                    [
                        430.845703125,
                        348.794921875,
                        0.9429527521133423
                    ],
                    [
                        428.638671875,
                        247.271484375,
                        0.9888681769371033
                    ],
                    [
                        441.880859375,
                        247.271484375,
                        0.9297626614570618
                    ],
                    [
                        413.189453125,
                        240.650390625,
                        0.8672688007354736
                    ],
                    [
                        446.294921875,
                        240.650390625,
                        0.781604528427124
                    ],
                    [
                        435.259765625,
                        373.072265625,
                        0.8987997174263
                    ],
                    [
                        441.880859375,
                        368.658203125,
                        0.840330958366394
                    ],
                    [
                        426.431640625,
                        348.794921875,
                        0.7902474403381348
                    ],
                    [
                        417.603515625,
                        397.349609375,
                        0.7804735898971558
                    ],
                    [
                        410.982421875,
                        397.349609375,
                        0.7255266308784485
                    ],
                    [
                        422.017578125,
                        381.900390625,
                        0.8036227226257324
                    ]
                ]
            ]
        },
        {
            "person_id": [
                2
            ],
            "pose_keypoints_2d": [
                [
                    [
                        0.0,
                        0.0,
                        0.02053990215063095
                    ],
                    [
                        0.0,
                        0.0,
                        0.02973298355937004
                    ],
                    [
                        0.0,
                        0.0,
                        0.02973298355937004
                    ],
                    [
                        0.0,
                        0.0,
                        0.01196254137903452
                    ],
                    [
                        0.0,
                        0.0,
                        0.007421588525176048
                    ],
                    [
                        0.0,
                        0.0,
                        0.02973298355937004
                    ],
                    [
                        0.0,
                        0.0,
                        0.008996602147817612
                    ],
                    [
                        0.0,
                        0.0,
                        0.007513847202062607
                    ],
                    [
                        0.0,
                        0.0,
                        0.037304166704416275
                    ],
                    [
                        0.0,
                        0.0,
                        0.037304166704416275
                    ],
                    [
                        0.0,
                        0.0,
                        0.02520212158560753
                    ],
                    [
                        0.0,
                        0.0,
                        0.033779580146074295
                    ],
                    [
                        0.0,
                        0.0,
                        0.037304166704416275
                    ],
                    [
                        0.0,
                        0.0,
                        0.02520212158560753
                    ],
                    [
                        0.0,
                        0.0,
                        0.033779580146074295
                    ],
                    [
                        0.0,
                        0.0,
                        0.019236017018556595
                    ],
                    [
                        0.0,
                        0.0,
                        0.019236018881201744
                    ],
                    [
                        0.0,
                        0.0,
                        0.015073975548148155
                    ],
                    [
                        0.0,
                        0.0,
                        0.015073975548148155
                    ],
                    [
                        0.0,
                        0.0,
                        0.020099788904190063
                    ],
                    [
                        0.0,
                        0.0,
                        0.0185064859688282
                    ],
                    [
                        0.0,
                        0.0,
                        0.016233710572123528
                    ],
                    [
                        0.0,
                        0.0,
                        0.020099785178899765
                    ],
                    [
                        0.0,
                        0.0,
                        0.0185064859688282
                    ],
                    [
                        0.0,
                        0.0,
                        0.016233710572123528
                    ]
                ]
            ]
        }
    ]
}