{
    "people": [
        {
            "person_id": [
                1
            ],
            "pose_keypoints_2d": [
                [
                    [
                        432.8623046875,
                        359.5361328125,
                        0.892955482006073
                    ],
                    [
                        422.623046875,
                        323.1298828125,
                        0.7762553691864014
                    ],
                    [
                        394.1806640625,
                        327.6806640625,
                        0.7498580813407898
                    ],
                    [
                        382.8037109375,
                        382.2900390625,
                        0.970312774181366
                    ],
                    [
                        380.5283203125,
                        434.6240234375,
                        0.9023944139480591
                    ],
                    [
                        451.0654296875,
                        318.5791015625,
                        0.8026527166366577
                    ],
                    [
                        471.5439453125,
                        368.6376953125,
                        0.9704675674438477
                    ],
                    [
                        487.4716796875,
                        423.2470703125,
                        0.9086074829101562
                    ],
                    [
                        411.24609375,
                        267.3828125,
                        0.8964473605155945
                    ],
                    [
                        391.9052734375,
                        270.7958984375,
                        0.9131208658218384
                    ],
                    [
                        391.9052734375,
                        348.1591796875,
                        0.7508735060691833
                    ],
                    [
                        419.2099609375,
                        382.2900390625,
                        0.9102026224136353
                    ],
                    [
                        430.5869140625,
                        263.9697265625,
                        0.8797738552093506
                    ],
                    [
                        444.2392578125,
                        316.3037109375,
                        0.2629295885562897
                    ],
                    [
                        426.0361328125,
                        329.9560546875,
                        0.0986938327550888
                    ],
                    [
                        428.3115234375,
                        354.9853515625,
                        0.8551560640335083
                    ],
                    [
                        437.4130859375,
                        354.9853515625,
                        0.9223381280899048
                    ],
                    [
                        416.9345703125,
                        341.3330078125,
                        0.544171929359436
                    ],
                    [
                        444.2392578125,
                        341.3330078125,
                        0.6138845682144165
                    ],
                    [
                        412.3837890625,
                        400.4931640625,
                        0.05716399475932121
                    ],
                    [
                        501.1240234375,
                        446.0009765625,
                        0.07412625849246979
                    ],
                    [
                        416.9345703125,
                        329.9560546875,
                        0.08665204793214798
                    ],
                    [
                        416.9345703125,
                        400.4931640625,
                        0.7767928838729858
                    ],
                    [
                        410.1083984375,
                        398.2177734375,
                        0.8204429745674133
                    ],
                    [
                        423.7607421875,
                        382.2900390625,
                        0.813042402267456
                    ]
                ]
            ]
        },
        {
            "person_id": [
                2
            ],
            "pose_keypoints_2d": [
                [
                    [
                        0.0,
                        0.0,
                        0.02053990215063095
                    ],
                    [
                        0.0,
                        0.0,
                        0.02973298355937004
                    ],
                    [
                        0.0,
                        0.0,
                        0.02973298355937004
                    ],
                    [
                        0.0,
                        0.0,
                        0.01196254137903452
                    ],
                    [
                        0.0,
                        0.0,
                        0.007421588525176048
                    ],
                    [
                        0.0,
                        0.0,
                        0.02973298355937004
                    ],
                    [
                        0.0,
                        0.0,
                        0.008996602147817612
                    ],
                    [
                        0.0,
                        0.0,
                        0.007513847202062607
                    ],
                    [
                        0.0,
                        0.0,
                        0.037304166704416275
                    ],
                    [
                        0.0,
                        0.0,
                        0.037304166704416275
                    ],
                    [
                        0.0,
                        0.0,
                        0.02520212158560753
                    ],
                    [
                        0.0,
                        0.0,
                        0.033779580146074295
                    ],
                    [
                        0.0,
                        0.0,
                        0.037304166704416275
                    ],
                    [
                        0.0,
                        0.0,
                        0.02520212158560753
                    ],
                    [
                        0.0,
                        0.0,
                        0.033779580146074295
                    ],
                    [
                        0.0,
                        0.0,
                        0.019236018881201744
                    ],
                    [
                        0.0,
                        0.0,
                        0.019236020743846893
                    ],
                    [
                        0.0,
                        0.0,
                        0.015073975548148155
                    ],
                    [
                        0.0,
                        0.0,
                        0.015073975548148155
                    ],
                    [
                        0.0,
                        0.0,
                        0.020099785178899765
                    ],
                    [
                        0.0,
                        0.0,
                        0.0185064859688282
                    ],
                    [
                        0.0,
                        0.0,
                        0.016233710572123528
                    ],
                    [
                        0.0,
                        0.0,
                        0.020099785178899765
                    ],
                    [
                        0.0,
                        0.0,
                        0.0185064859688282
                    ],
                    [
                        0.0,
                        0.0,
                        0.016233710572123528
                    ]
                ]
            ]
        }
    ]
}