{
    "people": [
        {
            "person_id": [
                1
            ],
            "pose_keypoints_2d": [
                [
                    [
                        497.9736328125,
                        136.50489807128906,
                        0.947731077671051
                    ],
                    [
                        466.708984375,
                        157.89649963378906,
                        0.9373925924301147
                    ],
                    [
                        494.6826171875,
                        159.54200744628906,
                        0.9033424854278564
                    ],
                    [
                        511.1376953125,
                        208.90724182128906,
                        0.9955180883407593
                    ],
                    [
                        524.3017578125,
                        251.69044494628906,
                        0.8894469738006592
                    ],
                    [
                        438.7353515625,
                        156.25099182128906,
                        0.971442699432373
                    ],
                    [
                        412.4072265625,
                        199.03419494628906,
                        0.9889764785766602
                    ],
                    [
                        412.4072265625,
                        241.81739807128906,
                        0.9196808338165283
                    ],
                    [
                        460.126953125,
                        251.69044494628906,
                        0.8571206331253052
                    ],
                    [
                        478.2275390625,
                        251.69044494628906,
                        0.8486509323120117
                    ],
                    [
                        478.2275390625,
                        320.8017578125,
                        0.905915379524231
                    ],
                    [
                        471.6455078125,
                        393.2041015625,
                        0.8808507919311523
                    ],
                    [
                        442.0263671875,
                        251.69044494628906,
                        0.8655903339385986
                    ],
                    [
                        451.8994140625,
                        304.3466796875,
                        0.9382746815681458
                    ],
                    [
                        451.8994140625,
                        373.4580078125,
                        0.927108645439148
                    ],
                    [
                        497.9736328125,
                        129.92286682128906,
                        0.9512625336647034
                    ],
                    [
                        497.9736328125,
                        133.21388244628906,
                        0.8379858732223511
                    ],
                    [
                        491.3916015625,
                        126.63185119628906,
                        1.0014320611953735
                    ],
                    [
                        471.6455078125,
                        123.34083557128906,
                        0.7390375733375549
                    ],
                    [
                        461.7724609375,
                        373.4580078125,
                        0.8279449939727783
                    ],
                    [
                        455.1904296875,
                        373.4580078125,
                        0.7934273481369019
                    ],
                    [
                        448.6083984375,
                        380.0400390625,
                        0.8801466226577759
                    ],
                    [
                        484.8095703125,
                        389.9130859375,
                        0.8455045819282532
                    ],
                    [
                        484.8095703125,
                        396.4951171875,
                        0.9034658670425415
                    ],
                    [
                        468.3544921875,
                        399.7861328125,
                        0.8938038945198059
                    ]
                ]
            ]
        },
        {
            "person_id": [
                2
            ],
            "pose_keypoints_2d": [
                [
                    [
                        0.0,
                        0.0,
                        0.020518917590379715
                    ],
                    [
                        0.0,
                        0.0,
                        0.029968533664941788
                    ],
                    [
                        0.0,
                        0.0,
                        0.029968533664941788
                    ],
                    [
                        0.0,
                        0.0,
                        0.012063602916896343
                    ],
                    [
                        0.0,
                        0.0,
                        0.007581429556012154
                    ],
                    [
                        0.0,
                        0.0,
                        0.029968533664941788
                    ],
                    [
                        0.0,
                        0.0,
                        0.009143782779574394
                    ],
                    [
                        0.0,
                        0.0,
                        0.0075843557715415955
                    ],
                    [
                        0.0,
                        0.0,
                        0.037558868527412415
                    ],
                    [
                        0.0,
                        0.0,
                        0.037558868527412415
                    ],
                    [
                        0.0,
                        0.0,
                        0.02542298100888729
                    ],
                    [
                        0.0,
                        0.0,
                        0.034213125705718994
                    ],
                    [
                        0.0,
                        0.0,
                        0.037558868527412415
                    ],
                    [
                        0.0,
                        0.0,
                        0.02542298100888729
                    ],
                    [
                        0.0,
                        0.0,
                        0.034213125705718994
                    ],
                    [
                        0.0,
                        0.0,
                        0.01922135055065155
                    ],
                    [
                        0.0,
                        0.0,
                        0.01922135055065155
                    ],
                    [
                        0.0,
                        0.0,
                        0.015117987990379333
                    ],
                    [
                        0.0,
                        0.0,
                        0.015117987990379333
                    ],
                    [
                        0.0,
                        0.0,
                        0.02062181383371353
                    ],
                    [
                        0.0,
                        0.0,
                        0.018430981785058975
                    ],
                    [
                        0.0,
                        0.0,
                        0.01670534908771515
                    ],
                    [
                        0.0,
                        0.0,
                        0.02062181383371353
                    ],
                    [
                        0.0,
                        0.0,
                        0.018430981785058975
                    ],
                    [
                        0.0,
                        0.0,
                        0.01670534908771515
                    ]
                ]
            ]
        }
    ]
}