{
    "people": [
        {
            "person_id": [
                1
            ],
            "pose_keypoints_2d": [
                [
                    [
                        477.9619140625,
                        138.3330078125,
                        0.8956431150436401
                    ],
                    [
                        448.8212890625,
                        169.294921875,
                        0.9090065956115723
                    ],
                    [
                        477.9619140625,
                        171.1162109375,
                        0.8784386515617371
                    ],
                    [
                        488.8896484375,
                        225.7548828125,
                        0.9855355620384216
                    ],
                    [
                        496.1748046875,
                        273.1083984375,
                        0.927649974822998
                    ],
                    [
                        419.6806640625,
                        167.4736328125,
                        0.9395744800567627
                    ],
                    [
                        397.8251953125,
                        218.4697265625,
                        0.9801350831985474
                    ],
                    [
                        405.1103515625,
                        262.1806640625,
                        0.9484855532646179
                    ],
                    [
                        445.1787109375,
                        269.4658203125,
                        0.8282310962677002
                    ],
                    [
                        463.3916015625,
                        269.4658203125,
                        0.8376936912536621
                    ],
                    [
                        470.6767578125,
                        331.3896484375,
                        0.917910635471344
                    ],
                    [
                        470.6767578125,
                        393.3134765625,
                        0.960065484046936
                    ],
                    [
                        426.9658203125,
                        269.4658203125,
                        0.8187685608863831
                    ],
                    [
                        419.6806640625,
                        345.9599609375,
                        0.9026621580123901
                    ],
                    [
                        405.1103515625,
                        426.0966796875,
                        0.9043208360671997
                    ],
                    [
                        477.9619140625,
                        134.6904296875,
                        0.9241048693656921
                    ],
                    [
                        477.9619140625,
                        134.6904296875,
                        0.8143790364265442
                    ],
                    [
                        474.3193359375,
                        131.0478515625,
                        0.9486545324325562
                    ],
                    [
                        448.8212890625,
                        131.0478515625,
                        0.8377370834350586
                    ],
                    [
                        430.6083984375,
                        437.0244140625,
                        1.0075643062591553
                    ],
                    [
                        423.3232421875,
                        437.0244140625,
                        0.9063031077384949
                    ],
                    [
                        397.8251953125,
                        433.3818359375,
                        0.8504757881164551
                    ],
                    [
                        477.9619140625,
                        386.0283203125,
                        0.7691290378570557
                    ],
                    [
                        481.6044921875,
                        393.3134765625,
                        0.9015915393829346
                    ],
                    [
                        467.0341796875,
                        404.2412109375,
                        0.9340065717697144
                    ]
                ]
            ]
        },
        {
            "person_id": [
                2
            ],
            "pose_keypoints_2d": [
                [
                    [
                        0.0,
                        0.0,
                        0.02053990215063095
                    ],
                    [
                        0.0,
                        0.0,
                        0.02973298355937004
                    ],
                    [
                        0.0,
                        0.0,
                        0.02973298355937004
                    ],
                    [
                        0.0,
                        0.0,
                        0.01196254137903452
                    ],
                    [
                        0.0,
                        0.0,
                        0.007421588525176048
                    ],
                    [
                        0.0,
                        0.0,
                        0.02973298355937004
                    ],
                    [
                        0.0,
                        0.0,
                        0.008996602147817612
                    ],
                    [
                        0.0,
                        0.0,
                        0.007513847202062607
                    ],
                    [
                        0.0,
                        0.0,
                        0.037304166704416275
                    ],
                    [
                        0.0,
                        0.0,
                        0.037304166704416275
                    ],
                    [
                        0.0,
                        0.0,
                        0.02520212158560753
                    ],
                    [
                        0.0,
                        0.0,
                        0.033779580146074295
                    ],
                    [
                        0.0,
                        0.0,
                        0.037304166704416275
                    ],
                    [
                        0.0,
                        0.0,
                        0.02520212158560753
                    ],
                    [
                        0.0,
                        0.0,
                        0.033779580146074295
                    ],
                    [
                        0.0,
                        0.0,
                        0.019236017018556595
                    ],
                    [
                        0.0,
                        0.0,
                        0.019236020743846893
                    ],
                    [
                        0.0,
                        0.0,
                        0.015073975548148155
                    ],
                    [
                        0.0,
                        0.0,
                        0.015073975548148155
                    ],
                    [
                        0.0,
                        0.0,
                        0.020099781453609467
                    ],
                    [
                        0.0,
                        0.0,
                        0.0185064859688282
                    ],
                    [
                        0.0,
                        0.0,
                        0.016233710572123528
                    ],
                    [
                        0.0,
                        0.0,
                        0.020099788904190063
                    ],
                    [
                        0.0,
                        0.0,
                        0.0185064859688282
                    ],
                    [
                        0.0,
                        0.0,
                        0.016233710572123528
                    ]
                ]
            ]
        }
    ]
}