{
    "people": [
        {
            "person_id": [
                1
            ],
            "pose_keypoints_2d": [
                [
                    [
                        463.681640625,
                        140.560546875,
                        0.9107056260108948
                    ],
                    [
                        429.404296875,
                        167.220703125,
                        0.8836135268211365
                    ],
                    [
                        456.064453125,
                        167.220703125,
                        0.8548988103866577
                    ],
                    [
                        459.873046875,
                        224.349609375,
                        1.005259394645691
                    ],
                    [
                        475.107421875,
                        273.861328125,
                        0.9039745330810547
                    ],
                    [
                        402.744140625,
                        167.220703125,
                        0.9123282432556152
                    ],
                    [
                        379.892578125,
                        220.541015625,
                        0.95463627576828
                    ],
                    [
                        379.892578125,
                        266.244140625,
                        0.9594393968582153
                    ],
                    [
                        423.69140625,
                        277.669921875,
                        0.8285053968429565
                    ],
                    [
                        440.830078125,
                        277.669921875,
                        0.8537744283676147
                    ],
                    [
                        463.681640625,
                        342.416015625,
                        0.9193791151046753
                    ],
                    [
                        452.255859375,
                        422.396484375,
                        0.9520968198776245
                    ],
                    [
                        406.552734375,
                        277.669921875,
                        0.8032363653182983
                    ],
                    [
                        402.744140625,
                        357.650390625,
                        0.8841119408607483
                    ],
                    [
                        398.935546875,
                        441.439453125,
                        0.8864871263504028
                    ],
                    [
                        463.681640625,
                        132.943359375,
                        0.8930466771125793
                    ],
                    [
                        463.681640625,
                        136.751953125,
                        0.8281369209289551
                    ],
                    [
                        456.064453125,
                        132.943359375,
                        0.9659351706504822
                    ],
                    [
                        433.212890625,
                        129.134765625,
                        0.8257813453674316
                    ],
                    [
                        425.595703125,
                        441.439453125,
                        1.0648276805877686
                    ],
                    [
                        421.787109375,
                        437.630859375,
                        0.9021056890487671
                    ],
                    [
                        395.126953125,
                        452.865234375,
                        0.8604961633682251
                    ],
                    [
                        475.107421875,
                        418.587890625,
                        0.8313137292861938
                    ],
                    [
                        475.107421875,
                        426.205078125,
                        0.9217028617858887
                    ],
                    [
                        444.638671875,
                        433.822265625,
                        0.8496944904327393
                    ]
                ]
            ]
        },
        {
            "person_id": [
                2
            ],
            "pose_keypoints_2d": [
                [
                    [
                        0.0,
                        0.0,
                        0.02053990215063095
                    ],
                    [
                        0.0,
                        0.0,
                        0.02973298355937004
                    ],
                    [
                        0.0,
                        0.0,
                        0.02973298355937004
                    ],
                    [
                        0.0,
                        0.0,
                        0.01196254137903452
                    ],
                    [
                        0.0,
                        0.0,
                        0.007421588525176048
                    ],
                    [
                        0.0,
                        0.0,
                        0.02973298355937004
                    ],
                    [
                        0.0,
                        0.0,
                        0.008996602147817612
                    ],
                    [
                        0.0,
                        0.0,
                        0.007513847202062607
                    ],
                    [
                        0.0,
                        0.0,
                        0.037304166704416275
                    ],
                    [
                        0.0,
                        0.0,
                        0.037304166704416275
                    ],
                    [
                        0.0,
                        0.0,
                        0.02520212158560753
                    ],
                    [
                        0.0,
                        0.0,
                        0.033779580146074295
                    ],
                    [
                        0.0,
                        0.0,
                        0.037304166704416275
                    ],
                    [
                        0.0,
                        0.0,
                        0.02520212158560753
                    ],
                    [
                        0.0,
                        0.0,
                        0.033779580146074295
                    ],
                    [
                        0.0,
                        0.0,
                        0.019236017018556595
                    ],
                    [
                        0.0,
                        0.0,
                        0.019236018881201744
                    ],
                    [
                        0.0,
                        0.0,
                        0.015073975548148155
                    ],
                    [
                        0.0,
                        0.0,
                        0.015073975548148155
                    ],
                    [
                        0.0,
                        0.0,
                        0.020099785178899765
                    ],
                    [
                        0.0,
                        0.0,
                        0.0185064859688282
                    ],
                    [
                        0.0,
                        0.0,
                        0.016233710572123528
                    ],
                    [
                        0.0,
                        0.0,
                        0.020099785178899765
                    ],
                    [
                        0.0,
                        0.0,
                        0.0185064859688282
                    ],
                    [
                        0.0,
                        0.0,
                        0.016233710572123528
                    ]
                ]
            ]
        }
    ]
}