{
    "people": [
        {
            "person_id": [
                1
            ],
            "pose_keypoints_2d": [
                [
                    [
                        460.3564453125,
                        144.7021484375,
                        0.9335517883300781
                    ],
                    [
                        422.1240234375,
                        172.314453125,
                        0.9189104437828064
                    ],
                    [
                        443.3642578125,
                        174.4384765625,
                        0.9014239311218262
                    ],
                    [
                        443.3642578125,
                        238.1591796875,
                        0.968726634979248
                    ],
                    [
                        468.8525390625,
                        297.6318359375,
                        0.8848574161529541
                    ],
                    [
                        400.8837890625,
                        170.1904296875,
                        0.9363969564437866
                    ],
                    [
                        375.3955078125,
                        216.9189453125,
                        0.9747937917709351
                    ],
                    [
                        366.8994140625,
                        259.3994140625,
                        0.9231822490692139
                    ],
                    [
                        411.50390625,
                        287.01171875,
                        0.8350727558135986
                    ],
                    [
                        426.3720703125,
                        289.1357421875,
                        0.8588188290596008
                    ],
                    [
                        443.3642578125,
                        374.0966796875,
                        0.9186341166496277
                    ],
                    [
                        417.8759765625,
                        467.5537109375,
                        0.875903844833374
                    ],
                    [
                        396.6357421875,
                        284.8876953125,
                        0.8113266229629517
                    ],
                    [
                        409.3798828125,
                        365.6005859375,
                        0.937171459197998
                    ],
                    [
                        400.8837890625,
                        442.0654296875,
                        0.9655017852783203
                    ],
                    [
                        460.3564453125,
                        136.2060546875,
                        0.918647050857544
                    ],
                    [
                        460.3564453125,
                        140.4541015625,
                        0.8515897989273071
                    ],
                    [
                        451.8603515625,
                        131.9580078125,
                        0.9726238250732422
                    ],
                    [
                        430.6201171875,
                        131.9580078125,
                        0.8317183256149292
                    ],
                    [
                        426.3720703125,
                        442.0654296875,
                        0.5589192509651184
                    ],
                    [
                        413.6279296875,
                        442.0654296875,
                        0.6010770797729492
                    ],
                    [
                        392.3876953125,
                        450.5615234375,
                        0.8995156288146973
                    ],
                    [
                        439.1162109375,
                        488.7939453125,
                        0.8264600038528442
                    ],
                    [
                        434.8681640625,
                        493.0419921875,
                        0.8878319263458252
                    ],
                    [
                        405.1318359375,
                        476.0498046875,
                        0.9191057085990906
                    ]
                ]
            ]
        },
        {
            "person_id": [
                2
            ],
            "pose_keypoints_2d": [
                [
                    [
                        0.0,
                        0.0,
                        0.02053990215063095
                    ],
                    [
                        0.0,
                        0.0,
                        0.02973298355937004
                    ],
                    [
                        0.0,
                        0.0,
                        0.02973298355937004
                    ],
                    [
                        0.0,
                        0.0,
                        0.01196254137903452
                    ],
                    [
                        0.0,
                        0.0,
                        0.007421588525176048
                    ],
                    [
                        0.0,
                        0.0,
                        0.02973298355937004
                    ],
                    [
                        0.0,
                        0.0,
                        0.008996602147817612
                    ],
                    [
                        0.0,
                        0.0,
                        0.007513847202062607
                    ],
                    [
                        0.0,
                        0.0,
                        0.037304166704416275
                    ],
                    [
                        0.0,
                        0.0,
                        0.037304166704416275
                    ],
                    [
                        0.0,
                        0.0,
                        0.02520212158560753
                    ],
                    [
                        0.0,
                        0.0,
                        0.033779580146074295
                    ],
                    [
                        0.0,
                        0.0,
                        0.037304166704416275
                    ],
                    [
                        0.0,
                        0.0,
                        0.02520212158560753
                    ],
                    [
                        0.0,
                        0.0,
                        0.033779580146074295
                    ],
                    [
                        0.0,
                        0.0,
                        0.019236020743846893
                    ],
                    [
                        0.0,
                        0.0,
                        0.019236017018556595
                    ],
                    [
                        0.0,
                        0.0,
                        0.015073975548148155
                    ],
                    [
                        0.0,
                        0.0,
                        0.015073975548148155
                    ],
                    [
                        0.0,
                        0.0,
                        0.020099785178899765
                    ],
                    [
                        0.0,
                        0.0,
                        0.0185064859688282
                    ],
                    [
                        0.0,
                        0.0,
                        0.016233710572123528
                    ],
                    [
                        0.0,
                        0.0,
                        0.020099788904190063
                    ],
                    [
                        0.0,
                        0.0,
                        0.0185064859688282
                    ],
                    [
                        0.0,
                        0.0,
                        0.016233710572123528
                    ]
                ]
            ]
        }
    ]
}