{
    "people": [
        {
            "person_id": [
                1
            ],
            "pose_keypoints_2d": [
                [
                    [
                        488.8056640625,
                        136.51271057128906,
                        0.8924199342727661
                    ],
                    [
                        457.2529296875,
                        164.55958557128906,
                        0.9359651803970337
                    ],
                    [
                        488.8056640625,
                        168.06544494628906,
                        0.9076090455055237
                    ],
                    [
                        499.3232421875,
                        220.65333557128906,
                        0.9910624027252197
                    ],
                    [
                        506.3349609375,
                        266.2294921875,
                        0.897102952003479
                    ],
                    [
                        425.7001953125,
                        161.05372619628906,
                        0.9643213748931885
                    ],
                    [
                        404.6650390625,
                        210.13575744628906,
                        0.9571939706802368
                    ],
                    [
                        411.6767578125,
                        252.20606994628906,
                        0.9412105679512024
                    ],
                    [
                        451.994140625,
                        260.970703125,
                        0.846872866153717
                    ],
                    [
                        471.2763671875,
                        262.7236328125,
                        0.8656126260757446
                    ],
                    [
                        471.2763671875,
                        325.8291015625,
                        0.9240024089813232
                    ],
                    [
                        471.2763671875,
                        392.4404296875,
                        0.9215576648712158
                    ],
                    [
                        432.7119140625,
                        259.2177734375,
                        0.8281331062316895
                    ],
                    [
                        436.2177734375,
                        325.8291015625,
                        0.9316387176513672
                    ],
                    [
                        415.1826171875,
                        395.9462890625,
                        0.8996067643165588
                    ],
                    [
                        485.2998046875,
                        133.00685119628906,
                        0.912035346031189
                    ],
                    [
                        485.2998046875,
                        133.00685119628906,
                        0.7985585927963257
                    ],
                    [
                        481.7939453125,
                        129.50099182128906,
                        0.9764302372932434
                    ],
                    [
                        457.2529296875,
                        129.50099182128906,
                        0.7888451218605042
                    ],
                    [
                        432.7119140625,
                        423.9931640625,
                        0.9664626717567444
                    ],
                    [
                        425.7001953125,
                        423.9931640625,
                        0.8293583393096924
                    ],
                    [
                        408.1708984375,
                        402.9580078125,
                        0.8551903963088989
                    ],
                    [
                        478.2880859375,
                        388.9345703125,
                        0.846677303314209
                    ],
                    [
                        481.7939453125,
                        392.4404296875,
                        0.858704149723053
                    ],
                    [
                        467.7705078125,
                        402.9580078125,
                        0.8791717886924744
                    ]
                ]
            ]
        },
        {
            "person_id": [
                2
            ],
            "pose_keypoints_2d": [
                [
                    [
                        0.0,
                        0.0,
                        0.020531099289655685
                    ],
                    [
                        0.0,
                        0.0,
                        0.029849819839000702
                    ],
                    [
                        0.0,
                        0.0,
                        0.029849819839000702
                    ],
                    [
                        0.0,
                        0.0,
                        0.012015359476208687
                    ],
                    [
                        0.0,
                        0.0,
                        0.007502174004912376
                    ],
                    [
                        0.0,
                        0.0,
                        0.029849819839000702
                    ],
                    [
                        0.0,
                        0.0,
                        0.009054431691765785
                    ],
                    [
                        0.0,
                        0.0,
                        0.007550043519586325
                    ],
                    [
                        0.0,
                        0.0,
                        0.037438396364450455
                    ],
                    [
                        0.0,
                        0.0,
                        0.037438396364450455
                    ],
                    [
                        0.0,
                        0.0,
                        0.025315171107649803
                    ],
                    [
                        0.0,
                        0.0,
                        0.03399762138724327
                    ],
                    [
                        0.0,
                        0.0,
                        0.037438396364450455
                    ],
                    [
                        0.0,
                        0.0,
                        0.025315171107649803
                    ],
                    [
                        0.0,
                        0.0,
                        0.03399762138724327
                    ],
                    [
                        0.0,
                        0.0,
                        0.019224030897021294
                    ],
                    [
                        0.0,
                        0.0,
                        0.019224030897021294
                    ],
                    [
                        0.0,
                        0.0,
                        0.015098605304956436
                    ],
                    [
                        0.0,
                        0.0,
                        0.015098605304956436
                    ],
                    [
                        0.0,
                        0.0,
                        0.0203581340610981
                    ],
                    [
                        0.0,
                        0.0,
                        0.018469566479325294
                    ],
                    [
                        0.0,
                        0.0,
                        0.01647251471877098
                    ],
                    [
                        0.0,
                        0.0,
                        0.020358137786388397
                    ],
                    [
                        0.0,
                        0.0,
                        0.018469566479325294
                    ],
                    [
                        0.0,
                        0.0,
                        0.01647251471877098
                    ]
                ]
            ]
        }
    ]
}