{
    "people": [
        {
            "person_id": [
                1
            ],
            "pose_keypoints_2d": [
                [
                    [
                        474.0263671875,
                        141.0810546875,
                        0.9412838220596313
                    ],
                    [
                        426.6533203125,
                        177.6875,
                        0.8795668482780457
                    ],
                    [
                        409.4267578125,
                        179.8408203125,
                        0.8932300806045532
                    ],
                    [
                        374.9736328125,
                        244.4404296875,
                        0.931746244430542
                    ],
                    [
                        387.8935546875,
                        317.6533203125,
                        0.8689365386962891
                    ],
                    [
                        443.8798828125,
                        175.5341796875,
                        0.8659036159515381
                    ],
                    [
                        439.5732421875,
                        227.2138671875,
                        0.9206441044807434
                    ],
                    [
                        461.1064453125,
                        248.7470703125,
                        0.9278203248977661
                    ],
                    [
                        424.5,
                        304.7333984375,
                        0.8243440389633179
                    ],
                    [
                        409.4267578125,
                        309.0400390625,
                        0.8029911518096924
                    ],
                    [
                        413.7333984375,
                        395.1728515625,
                        0.8503989577293396
                    ],
                    [
                        409.4267578125,
                        481.3056640625,
                        0.8961700201034546
                    ],
                    [
                        439.5732421875,
                        300.4267578125,
                        0.8456969261169434
                    ],
                    [
                        443.8798828125,
                        369.3330078125,
                        0.8574784398078918
                    ],
                    [
                        426.6533203125,
                        433.9326171875,
                        0.8512016534805298
                    ],
                    [
                        469.7197265625,
                        132.4677734375,
                        0.9663681387901306
                    ],
                    [
                        474.0263671875,
                        132.4677734375,
                        0.929014265537262
                    ],
                    [
                        448.1865234375,
                        132.4677734375,
                        0.9666610956192017
                    ],
                    [
                        456.7998046875,
                        136.7744140625,
                        0.7148383259773254
                    ],
                    [
                        452.4931640625,
                        451.1591796875,
                        0.9472682476043701
                    ],
                    [
                        452.4931640625,
                        446.8525390625,
                        0.9120242595672607
                    ],
                    [
                        422.3466796875,
                        438.2392578125,
                        0.6958516836166382
                    ],
                    [
                        439.5732421875,
                        502.8388671875,
                        0.8182414174079895
                    ],
                    [
                        426.6533203125,
                        507.1455078125,
                        0.8503828048706055
                    ],
                    [
                        405.1201171875,
                        485.6123046875,
                        0.8920648097991943
                    ]
                ]
            ]
        },
        {
            "person_id": [
                2
            ],
            "pose_keypoints_2d": [
                [
                    [
                        0.0,
                        0.0,
                        0.02053990215063095
                    ],
                    [
                        0.0,
                        0.0,
                        0.02973298355937004
                    ],
                    [
                        0.0,
                        0.0,
                        0.02973298355937004
                    ],
                    [
                        0.0,
                        0.0,
                        0.01196254137903452
                    ],
                    [
                        0.0,
                        0.0,
                        0.007421588525176048
                    ],
                    [
                        0.0,
                        0.0,
                        0.02973298355937004
                    ],
                    [
                        0.0,
                        0.0,
                        0.008996602147817612
                    ],
                    [
                        0.0,
                        0.0,
                        0.007513847202062607
                    ],
                    [
                        0.0,
                        0.0,
                        0.037304166704416275
                    ],
                    [
                        0.0,
                        0.0,
                        0.037304166704416275
                    ],
                    [
                        0.0,
                        0.0,
                        0.02520212158560753
                    ],
                    [
                        0.0,
                        0.0,
                        0.033779580146074295
                    ],
                    [
                        0.0,
                        0.0,
                        0.037304166704416275
                    ],
                    [
                        0.0,
                        0.0,
                        0.02520212158560753
                    ],
                    [
                        0.0,
                        0.0,
                        0.033779580146074295
                    ],
                    [
                        0.0,
                        0.0,
                        0.019236020743846893
                    ],
                    [
                        0.0,
                        0.0,
                        0.019236018881201744
                    ],
                    [
                        0.0,
                        0.0,
                        0.015073975548148155
                    ],
                    [
                        0.0,
                        0.0,
                        0.015073975548148155
                    ],
                    [
                        0.0,
                        0.0,
                        0.020099785178899765
                    ],
                    [
                        0.0,
                        0.0,
                        0.0185064859688282
                    ],
                    [
                        0.0,
                        0.0,
                        0.016233710572123528
                    ],
                    [
                        0.0,
                        0.0,
                        0.020099788904190063
                    ],
                    [
                        0.0,
                        0.0,
                        0.0185064859688282
                    ],
                    [
                        0.0,
                        0.0,
                        0.016233710572123528
                    ]
                ]
            ]
        }
    ]
}