{
    "people": [
        {
            "person_id": [
                1
            ],
            "pose_keypoints_2d": [
                [
                    [
                        479.4619140625,
                        137.3330078125,
                        0.8917850255966187
                    ],
                    [
                        452.142578125,
                        168.294921875,
                        0.9131606817245483
                    ],
                    [
                        483.1044921875,
                        170.1162109375,
                        0.8849387168884277
                    ],
                    [
                        490.3896484375,
                        224.7548828125,
                        0.9925153851509094
                    ],
                    [
                        497.6748046875,
                        272.1083984375,
                        0.9435932636260986
                    ],
                    [
                        421.1806640625,
                        166.4736328125,
                        0.941382646560669
                    ],
                    [
                        399.3251953125,
                        217.4697265625,
                        0.9870544672012329
                    ],
                    [
                        406.6103515625,
                        261.1806640625,
                        0.9514750838279724
                    ],
                    [
                        446.6787109375,
                        268.4658203125,
                        0.836489200592041
                    ],
                    [
                        464.8916015625,
                        268.4658203125,
                        0.8489400148391724
                    ],
                    [
                        472.1767578125,
                        330.3896484375,
                        0.9212175607681274
                    ],
                    [
                        468.5341796875,
                        392.3134765625,
                        0.9541623592376709
                    ],
                    [
                        428.4658203125,
                        268.4658203125,
                        0.8240383267402649
                    ],
                    [
                        424.8232421875,
                        344.9599609375,
                        0.912291407585144
                    ],
                    [
                        402.9677734375,
                        421.4541015625,
                        0.9231473803520203
                    ],
                    [
                        479.4619140625,
                        133.6904296875,
                        0.92463618516922
                    ],
                    [
                        479.4619140625,
                        133.6904296875,
                        0.8149868249893188
                    ],
                    [
                        475.8193359375,
                        133.6904296875,
                        0.9490348100662231
                    ],
                    [
                        450.3212890625,
                        130.0478515625,
                        0.8150820732116699
                    ],
                    [
                        428.4658203125,
                        436.0244140625,
                        0.9754199981689453
                    ],
                    [
                        424.8232421875,
                        436.0244140625,
                        0.8640317916870117
                    ],
                    [
                        399.3251953125,
                        428.7392578125,
                        0.8826519846916199
                    ],
                    [
                        479.4619140625,
                        388.6708984375,
                        0.7993981838226318
                    ],
                    [
                        483.1044921875,
                        392.3134765625,
                        0.8863253593444824
                    ],
                    [
                        468.5341796875,
                        403.2412109375,
                        0.9133727550506592
                    ]
                ]
            ]
        },
        {
            "person_id": [
                2
            ],
            "pose_keypoints_2d": [
                [
                    [
                        0.0,
                        0.0,
                        0.02053990215063095
                    ],
                    [
                        0.0,
                        0.0,
                        0.02973298355937004
                    ],
                    [
                        0.0,
                        0.0,
                        0.02973298355937004
                    ],
                    [
                        0.0,
                        0.0,
                        0.01196254137903452
                    ],
                    [
                        0.0,
                        0.0,
                        0.007421588525176048
                    ],
                    [
                        0.0,
                        0.0,
                        0.02973298355937004
                    ],
                    [
                        0.0,
                        0.0,
                        0.008996602147817612
                    ],
                    [
                        0.0,
                        0.0,
                        0.007513847202062607
                    ],
                    [
                        0.0,
                        0.0,
                        0.037304166704416275
                    ],
                    [
                        0.0,
                        0.0,
                        0.037304166704416275
                    ],
                    [
                        0.0,
                        0.0,
                        0.02520212158560753
                    ],
                    [
                        0.0,
                        0.0,
                        0.033779580146074295
                    ],
                    [
                        0.0,
                        0.0,
                        0.037304166704416275
                    ],
                    [
                        0.0,
                        0.0,
                        0.02520212158560753
                    ],
                    [
                        0.0,
                        0.0,
                        0.033779580146074295
                    ],
                    [
                        0.0,
                        0.0,
                        0.019236017018556595
                    ],
                    [
                        0.0,
                        0.0,
                        0.019236017018556595
                    ],
                    [
                        0.0,
                        0.0,
                        0.015073975548148155
                    ],
                    [
                        0.0,
                        0.0,
                        0.015073975548148155
                    ],
                    [
                        0.0,
                        0.0,
                        0.020099788904190063
                    ],
                    [
                        0.0,
                        0.0,
                        0.0185064859688282
                    ],
                    [
                        0.0,
                        0.0,
                        0.016233710572123528
                    ],
                    [
                        0.0,
                        0.0,
                        0.020099785178899765
                    ],
                    [
                        0.0,
                        0.0,
                        0.0185064859688282
                    ],
                    [
                        0.0,
                        0.0,
                        0.016233710572123528
                    ]
                ]
            ]
        }
    ]
}