{
    "people": [
        {
            "person_id": [
                1
            ],
            "pose_keypoints_2d": [
                [
                    [
                        463.2197265625,
                        145.3876953125,
                        0.941571831703186
                    ],
                    [
                        422.306640625,
                        173.380859375,
                        0.9248766303062439
                    ],
                    [
                        437.3798828125,
                        175.5341796875,
                        0.8990029096603394
                    ],
                    [
                        433.0732421875,
                        244.4404296875,
                        0.9014073610305786
                    ],
                    [
                        450.2998046875,
                        309.0400390625,
                        0.9260401129722595
                    ],
                    [
                        407.2333984375,
                        171.2275390625,
                        0.9507503509521484
                    ],
                    [
                        385.7001953125,
                        218.6005859375,
                        0.9503999948501587
                    ],
                    [
                        381.3935546875,
                        261.6669921875,
                        0.9029247760772705
                    ],
                    [
                        411.5400390625,
                        291.8134765625,
                        0.8264124393463135
                    ],
                    [
                        420.1533203125,
                        296.1201171875,
                        0.8044145703315735
                    ],
                    [
                        424.4599609375,
                        382.2529296875,
                        0.8832224011421204
                    ],
                    [
                        411.5400390625,
                        476.9990234375,
                        0.889082133769989
                    ],
                    [
                        402.9267578125,
                        287.5068359375,
                        0.8484102487564087
                    ],
                    [
                        411.5400390625,
                        369.3330078125,
                        0.8371527194976807
                    ],
                    [
                        407.2333984375,
                        442.5458984375,
                        0.8822368383407593
                    ],
                    [
                        463.2197265625,
                        136.7744140625,
                        0.9472681283950806
                    ],
                    [
                        463.2197265625,
                        136.7744140625,
                        0.8964099884033203
                    ],
                    [
                        454.6064453125,
                        136.7744140625,
                        0.9772475957870483
                    ],
                    [
                        433.0732421875,
                        136.7744140625,
                        0.7716093063354492
                    ],
                    [
                        433.0732421875,
                        438.2392578125,
                        0.9613656997680664
                    ],
                    [
                        428.7666015625,
                        438.2392578125,
                        0.9337981343269348
                    ],
                    [
                        394.3134765625,
                        451.1591796875,
                        0.7904307842254639
                    ],
                    [
                        441.6865234375,
                        498.5322265625,
                        0.832586407661438
                    ],
                    [
                        428.7666015625,
                        502.8388671875,
                        0.8804715871810913
                    ],
                    [
                        402.9267578125,
                        485.6123046875,
                        0.9271567463874817
                    ]
                ]
            ]
        },
        {
            "person_id": [
                2
            ],
            "pose_keypoints_2d": [
                [
                    [
                        0.0,
                        0.0,
                        0.02053990215063095
                    ],
                    [
                        0.0,
                        0.0,
                        0.02973298355937004
                    ],
                    [
                        0.0,
                        0.0,
                        0.02973298355937004
                    ],
                    [
                        0.0,
                        0.0,
                        0.01196254137903452
                    ],
                    [
                        0.0,
                        0.0,
                        0.007421588525176048
                    ],
                    [
                        0.0,
                        0.0,
                        0.02973298355937004
                    ],
                    [
                        0.0,
                        0.0,
                        0.008996602147817612
                    ],
                    [
                        0.0,
                        0.0,
                        0.007513847202062607
                    ],
                    [
                        0.0,
                        0.0,
                        0.037304166704416275
                    ],
                    [
                        0.0,
                        0.0,
                        0.037304166704416275
                    ],
                    [
                        0.0,
                        0.0,
                        0.02520212158560753
                    ],
                    [
                        0.0,
                        0.0,
                        0.033779580146074295
                    ],
                    [
                        0.0,
                        0.0,
                        0.037304166704416275
                    ],
                    [
                        0.0,
                        0.0,
                        0.02520212158560753
                    ],
                    [
                        0.0,
                        0.0,
                        0.033779580146074295
                    ],
                    [
                        0.0,
                        0.0,
                        0.019236020743846893
                    ],
                    [
                        0.0,
                        0.0,
                        0.019236018881201744
                    ],
                    [
                        0.0,
                        0.0,
                        0.015073975548148155
                    ],
                    [
                        0.0,
                        0.0,
                        0.015073975548148155
                    ],
                    [
                        0.0,
                        0.0,
                        0.020099785178899765
                    ],
                    [
                        0.0,
                        0.0,
                        0.0185064859688282
                    ],
                    [
                        0.0,
                        0.0,
                        0.016233710572123528
                    ],
                    [
                        0.0,
                        0.0,
                        0.020099785178899765
                    ],
                    [
                        0.0,
                        0.0,
                        0.0185064859688282
                    ],
                    [
                        0.0,
                        0.0,
                        0.016233710572123528
                    ]
                ]
            ]
        }
    ]
}