{
    "people": [
        {
            "person_id": [
                1
            ],
            "pose_keypoints_2d": [
                [
                    [
                        454.923828125,
                        127.869140625,
                        0.9702893495559692
                    ],
                    [
                        426.8671875,
                        171.033203125,
                        0.9322953820228577
                    ],
                    [
                        390.177734375,
                        171.033203125,
                        0.9213166236877441
                    ],
                    [
                        364.279296875,
                        227.146484375,
                        0.9717088341712952
                    ],
                    [
                        368.595703125,
                        287.576171875,
                        0.8910026550292969
                    ],
                    [
                        463.556640625,
                        171.033203125,
                        0.9432741403579712
                    ],
                    [
                        485.138671875,
                        214.197265625,
                        0.9120497107505798
                    ],
                    [
                        502.404296875,
                        257.361328125,
                        0.9215342998504639
                    ],
                    [
                        431.18359375,
                        285.41796875,
                        0.8396543860435486
                    ],
                    [
                        411.759765625,
                        287.576171875,
                        0.8330579996109009
                    ],
                    [
                        420.392578125,
                        373.904296875,
                        0.9263092279434204
                    ],
                    [
                        411.759765625,
                        464.548828125,
                        0.9215453863143921
                    ],
                    [
                        450.607421875,
                        283.259765625,
                        0.8462507724761963
                    ],
                    [
                        454.923828125,
                        365.271484375,
                        0.8917254209518433
                    ],
                    [
                        450.607421875,
                        434.333984375,
                        0.8856579065322876
                    ],
                    [
                        446.291015625,
                        119.236328125,
                        0.9963113069534302
                    ],
                    [
                        454.923828125,
                        119.236328125,
                        0.9572857618331909
                    ],
                    [
                        420.392578125,
                        123.552734375,
                        0.9543689489364624
                    ],
                    [
                        454.923828125,
                        123.552734375,
                        0.7657591104507446
                    ],
                    [
                        454.923828125,
                        455.916015625,
                        0.8382922410964966
                    ],
                    [
                        463.556640625,
                        451.599609375,
                        0.8680559992790222
                    ],
                    [
                        446.291015625,
                        438.650390625,
                        0.8198829293251038
                    ],
                    [
                        429.025390625,
                        486.130859375,
                        0.7686533331871033
                    ],
                    [
                        416.076171875,
                        486.130859375,
                        0.8163208365440369
                    ],
                    [
                        407.443359375,
                        468.865234375,
                        0.8646814227104187
                    ]
                ]
            ]
        },
        {
            "person_id": [
                2
            ],
            "pose_keypoints_2d": [
                [
                    [
                        0.0,
                        0.0,
                        0.02053990215063095
                    ],
                    [
                        0.0,
                        0.0,
                        0.02973298355937004
                    ],
                    [
                        0.0,
                        0.0,
                        0.02973298355937004
                    ],
                    [
                        0.0,
                        0.0,
                        0.01196254137903452
                    ],
                    [
                        0.0,
                        0.0,
                        0.007421588525176048
                    ],
                    [
                        0.0,
                        0.0,
                        0.02973298355937004
                    ],
                    [
                        0.0,
                        0.0,
                        0.008996602147817612
                    ],
                    [
                        0.0,
                        0.0,
                        0.007513847202062607
                    ],
                    [
                        0.0,
                        0.0,
                        0.037304166704416275
                    ],
                    [
                        0.0,
                        0.0,
                        0.037304166704416275
                    ],
                    [
                        0.0,
                        0.0,
                        0.02520212158560753
                    ],
                    [
                        0.0,
                        0.0,
                        0.033779580146074295
                    ],
                    [
                        0.0,
                        0.0,
                        0.037304166704416275
                    ],
                    [
                        0.0,
                        0.0,
                        0.02520212158560753
                    ],
                    [
                        0.0,
                        0.0,
                        0.033779580146074295
                    ],
                    [
                        0.0,
                        0.0,
                        0.019236017018556595
                    ],
                    [
                        0.0,
                        0.0,
                        0.019236018881201744
                    ],
                    [
                        0.0,
                        0.0,
                        0.015073975548148155
                    ],
                    [
                        0.0,
                        0.0,
                        0.015073975548148155
                    ],
                    [
                        0.0,
                        0.0,
                        0.020099785178899765
                    ],
                    [
                        0.0,
                        0.0,
                        0.0185064859688282
                    ],
                    [
                        0.0,
                        0.0,
                        0.016233710572123528
                    ],
                    [
                        0.0,
                        0.0,
                        0.020099785178899765
                    ],
                    [
                        0.0,
                        0.0,
                        0.0185064859688282
                    ],
                    [
                        0.0,
                        0.0,
                        0.016233710572123528
                    ]
                ]
            ]
        }
    ]
}