{
    "people": [
        {
            "person_id": [
                1
            ],
            "pose_keypoints_2d": [
                [
                    [
                        545.79296875,
                        236.82421875,
                        0.8789881467819214
                    ],
                    [
                        520.08984375,
                        238.66015625,
                        0.8760542869567871
                    ],
                    [
                        542.12109375,
                        242.33203125,
                        0.8475247025489807
                    ],
                    [
                        553.13671875,
                        280.88671875,
                        0.9367001056671143
                    ],
                    [
                        553.13671875,
                        323.11328125,
                        0.8802490234375
                    ],
                    [
                        498.05859375,
                        234.98828125,
                        0.9045838117599487
                    ],
                    [
                        477.86328125,
                        279.05078125,
                        0.997402548789978
                    ],
                    [
                        503.56640625,
                        279.05078125,
                        0.5772562026977539
                    ],
                    [
                        503.56640625,
                        316.6875,
                        0.8350616097450256
                    ],
                    [
                        520.08984375,
                        317.60546875,
                        0.8594683408737183
                    ],
                    [
                        549.46484375,
                        291.90234375,
                        0.7799279689788818
                    ],
                    [
                        540.28515625,
                        354.32421875,
                        0.6525344252586365
                    ],
                    [
                        487.04296875,
                        315.76953125,
                        0.810654878616333
                    ],
                    [
                        485.20703125,
                        302.91796875,
                        0.570968508720398
                    ],
                    [
                        481.53515625,
                        359.83203125,
                        0.8614048957824707
                    ],
                    [
                        545.79296875,
                        229.48046875,
                        0.9006391763687134
                    ],
                    [
                        547.62890625,
                        231.31640625,
                        0.8162046074867249
                    ],
                    [
                        536.61328125,
                        222.13671875,
                        0.9744558334350586
                    ],
                    [
                        525.59765625,
                        223.97265625,
                        0.5866656303405762
                    ],
                    [
                        485.20703125,
                        356.16015625,
                        0.598808765411377
                    ],
                    [
                        477.86328125,
                        359.83203125,
                        0.5985597968101501
                    ],
                    [
                        481.53515625,
                        365.33984375,
                        0.8337026834487915
                    ],
                    [
                        545.79296875,
                        352.48828125,
                        0.4401674270629883
                    ],
                    [
                        551.30078125,
                        357.99609375,
                        0.36204832792282104
                    ],
                    [
                        540.28515625,
                        357.99609375,
                        0.5207093954086304
                    ]
                ]
            ]
        },
        {
            "person_id": [
                2
            ],
            "pose_keypoints_2d": [
                [
                    [
                        0.0,
                        0.0,
                        0.020545179024338722
                    ],
                    [
                        0.0,
                        0.0,
                        0.02961822971701622
                    ],
                    [
                        0.0,
                        0.0,
                        0.02961822971701622
                    ],
                    [
                        0.0,
                        0.0,
                        0.011905848048627377
                    ],
                    [
                        0.0,
                        0.0,
                        0.007338991388678551
                    ],
                    [
                        0.0,
                        0.0,
                        0.02961822971701622
                    ],
                    [
                        0.0,
                        0.0,
                        0.00895625725388527
                    ],
                    [
                        0.0,
                        0.0,
                        0.007475945632904768
                    ],
                    [
                        0.0,
                        0.0,
                        0.037155795842409134
                    ],
                    [
                        0.0,
                        0.0,
                        0.037155795842409134
                    ],
                    [
                        0.0,
                        0.0,
                        0.025083687156438828
                    ],
                    [
                        0.0,
                        0.0,
                        0.033558908849954605
                    ],
                    [
                        0.0,
                        0.0,
                        0.037155795842409134
                    ],
                    [
                        0.0,
                        0.0,
                        0.025083687156438828
                    ],
                    [
                        0.0,
                        0.0,
                        0.033558908849954605
                    ],
                    [
                        0.0,
                        0.0,
                        0.01924316957592964
                    ],
                    [
                        0.0,
                        0.0,
                        0.01924316957592964
                    ],
                    [
                        0.0,
                        0.0,
                        0.015040154568850994
                    ],
                    [
                        0.0,
                        0.0,
                        0.015040154568850994
                    ],
                    [
                        0.0,
                        0.0,
                        0.019837716594338417
                    ],
                    [
                        0.0,
                        0.0,
                        0.018537156283855438
                    ],
                    [
                        0.0,
                        0.0,
                        0.015998275950551033
                    ],
                    [
                        0.0,
                        0.0,
                        0.01983771286904812
                    ],
                    [
                        0.0,
                        0.0,
                        0.018537156283855438
                    ],
                    [
                        0.0,
                        0.0,
                        0.015998275950551033
                    ]
                ]
            ]
        }
    ]
}