{
    "people": [
        {
            "person_id": [
                1
            ],
            "pose_keypoints_2d": [
                [
                    [
                        549.1796875,
                        225.7109375,
                        0.8600221872329712
                    ],
                    [
                        521.8359375,
                        225.7109375,
                        0.845170259475708
                    ],
                    [
                        541.3671875,
                        229.6171875,
                        0.8096393346786499
                    ],
                    [
                        553.0859375,
                        274.5390625,
                        0.9572904109954834
                    ],
                    [
                        553.0859375,
                        315.5546875,
                        0.8850572109222412
                    ],
                    [
                        502.3046875,
                        221.8046875,
                        0.8807011246681213
                    ],
                    [
                        492.5390625,
                        260.8671875,
                        0.5501962900161743
                    ],
                    [
                        504.2578125,
                        280.3984375,
                        0.22519774734973907
                    ],
                    [
                        496.4453125,
                        297.0,
                        0.8533719182014465
                    ],
                    [
                        512.0703125,
                        297.9765625,
                        0.8262022733688354
                    ],
                    [
                        549.1796875,
                        290.1640625,
                        0.809212327003479
                    ],
                    [
                        537.4609375,
                        352.6640625,
                        0.7193049192428589
                    ],
                    [
                        480.8203125,
                        296.0234375,
                        0.8805415630340576
                    ],
                    [
                        486.6796875,
                        296.0234375,
                        0.557550311088562
                    ],
                    [
                        480.8203125,
                        360.4765625,
                        0.855069637298584
                    ],
                    [
                        551.1328125,
                        221.8046875,
                        0.9433252215385437
                    ],
                    [
                        551.1328125,
                        223.7578125,
                        0.8127205967903137
                    ],
                    [
                        543.3203125,
                        212.0390625,
                        1.0040287971496582
                    ],
                    [
                        531.6015625,
                        210.0859375,
                        0.591900110244751
                    ],
                    [
                        484.7265625,
                        356.5703125,
                        0.6605890989303589
                    ],
                    [
                        478.8671875,
                        358.5234375,
                        0.6654171347618103
                    ],
                    [
                        480.8203125,
                        366.3359375,
                        0.8472551107406616
                    ],
                    [
                        547.2265625,
                        350.7109375,
                        0.4022895097732544
                    ],
                    [
                        545.2734375,
                        356.5703125,
                        0.3485180139541626
                    ],
                    [
                        537.4609375,
                        356.5703125,
                        0.5139092803001404
                    ]
                ]
            ]
        },
        {
            "person_id": [
                2
            ],
            "pose_keypoints_2d": [
                [
                    [
                        0.0,
                        0.0,
                        0.020545179024338722
                    ],
                    [
                        0.0,
                        0.0,
                        0.02961822971701622
                    ],
                    [
                        0.0,
                        0.0,
                        0.02961822971701622
                    ],
                    [
                        0.0,
                        0.0,
                        0.011905848048627377
                    ],
                    [
                        0.0,
                        0.0,
                        0.007338991388678551
                    ],
                    [
                        0.0,
                        0.0,
                        0.02961822971701622
                    ],
                    [
                        0.0,
                        0.0,
                        0.00895625725388527
                    ],
                    [
                        0.0,
                        0.0,
                        0.007475945632904768
                    ],
                    [
                        0.0,
                        0.0,
                        0.037155795842409134
                    ],
                    [
                        0.0,
                        0.0,
                        0.037155795842409134
                    ],
                    [
                        0.0,
                        0.0,
                        0.025083687156438828
                    ],
                    [
                        0.0,
                        0.0,
                        0.033558908849954605
                    ],
                    [
                        0.0,
                        0.0,
                        0.037155795842409134
                    ],
                    [
                        0.0,
                        0.0,
                        0.025083687156438828
                    ],
                    [
                        0.0,
                        0.0,
                        0.033558908849954605
                    ],
                    [
                        0.0,
                        0.0,
                        0.01924316957592964
                    ],
                    [
                        0.0,
                        0.0,
                        0.01924316957592964
                    ],
                    [
                        0.0,
                        0.0,
                        0.015040154568850994
                    ],
                    [
                        0.0,
                        0.0,
                        0.015040154568850994
                    ],
                    [
                        0.0,
                        0.0,
                        0.01983770914375782
                    ],
                    [
                        0.0,
                        0.0,
                        0.018537156283855438
                    ],
                    [
                        0.0,
                        0.0,
                        0.015998275950551033
                    ],
                    [
                        0.0,
                        0.0,
                        0.01983771286904812
                    ],
                    [
                        0.0,
                        0.0,
                        0.018537156283855438
                    ],
                    [
                        0.0,
                        0.0,
                        0.015998275950551033
                    ]
                ]
            ]
        }
    ]
}