{
    "people": [
        {
            "person_id": [
                1
            ],
            "pose_keypoints_2d": [
                [
                    [
                        524.1005859375,
                        145.66502380371094,
                        0.9558984041213989
                    ],
                    [
                        491.64453125,
                        155.54295349121094,
                        0.8981838822364807
                    ],
                    [
                        512.8115234375,
                        159.77635192871094,
                        0.8804298639297485
                    ],
                    [
                        509.9892578125,
                        202.11033630371094,
                        0.9602950811386108
                    ],
                    [
                        521.2783203125,
                        238.79978942871094,
                        0.8873416185379028
                    ],
                    [
                        470.4775390625,
                        151.30955505371094,
                        0.9159379005432129
                    ],
                    [
                        447.8994140625,
                        193.64353942871094,
                        0.9366072416305542
                    ],
                    [
                        459.1884765625,
                        221.86619567871094,
                        0.885177731513977
                    ],
                    [
                        473.2998046875,
                        241.62205505371094,
                        0.8337067365646362
                    ],
                    [
                        487.4111328125,
                        241.62205505371094,
                        0.8226298093795776
                    ],
                    [
                        509.9892578125,
                        286.7783203125,
                        0.9084147214889526
                    ],
                    [
                        495.8779296875,
                        346.0458984375,
                        0.8476675748825073
                    ],
                    [
                        459.1884765625,
                        241.62205505371094,
                        0.8447836637496948
                    ],
                    [
                        470.4775390625,
                        298.0673828125,
                        0.9136118292808533
                    ],
                    [
                        473.2998046875,
                        357.3349609375,
                        0.9014610648155212
                    ],
                    [
                        526.9228515625,
                        140.02049255371094,
                        0.9589731097221375
                    ],
                    [
                        526.9228515625,
                        140.02049255371094,
                        0.906469464302063
                    ],
                    [
                        515.6337890625,
                        131.55369567871094,
                        0.9590533375740051
                    ],
                    [
                        507.1669921875,
                        128.73143005371094,
                        0.6565823554992676
                    ],
                    [
                        484.5888671875,
                        354.5126953125,
                        0.9478326439857483
                    ],
                    [
                        481.7666015625,
                        354.5126953125,
                        0.7773623466491699
                    ],
                    [
                        470.4775390625,
                        362.9794921875,
                        0.8829823136329651
                    ],
                    [
                        515.6337890625,
                        343.2236328125,
                        0.5215722322463989
                    ],
                    [
                        507.1669921875,
                        351.6904296875,
                        0.6288415193557739
                    ],
                    [
                        493.0556640625,
                        354.5126953125,
                        0.7508615851402283
                    ]
                ]
            ]
        },
        {
            "person_id": [
                2
            ],
            "pose_keypoints_2d": [
                [
                    [
                        0.0,
                        0.0,
                        0.020545179024338722
                    ],
                    [
                        0.0,
                        0.0,
                        0.02961822971701622
                    ],
                    [
                        0.0,
                        0.0,
                        0.02961822971701622
                    ],
                    [
                        0.0,
                        0.0,
                        0.011905848048627377
                    ],
                    [
                        0.0,
                        0.0,
                        0.007338991388678551
                    ],
                    [
                        0.0,
                        0.0,
                        0.02961822971701622
                    ],
                    [
                        0.0,
                        0.0,
                        0.00895625725388527
                    ],
                    [
                        0.0,
                        0.0,
                        0.007475945632904768
                    ],
                    [
                        0.0,
                        0.0,
                        0.037155795842409134
                    ],
                    [
                        0.0,
                        0.0,
                        0.037155795842409134
                    ],
                    [
                        0.0,
                        0.0,
                        0.025083687156438828
                    ],
                    [
                        0.0,
                        0.0,
                        0.03355890512466431
                    ],
                    [
                        0.0,
                        0.0,
                        0.037155795842409134
                    ],
                    [
                        0.0,
                        0.0,
                        0.025083687156438828
                    ],
                    [
                        0.0,
                        0.0,
                        0.033558908849954605
                    ],
                    [
                        0.0,
                        0.0,
                        0.01924316957592964
                    ],
                    [
                        0.0,
                        0.0,
                        0.01924316957592964
                    ],
                    [
                        0.0,
                        0.0,
                        0.015040154568850994
                    ],
                    [
                        0.0,
                        0.0,
                        0.015040154568850994
                    ],
                    [
                        0.0,
                        0.0,
                        0.01983770914375782
                    ],
                    [
                        0.0,
                        0.0,
                        0.018537156283855438
                    ],
                    [
                        0.0,
                        0.0,
                        0.015998275950551033
                    ],
                    [
                        0.0,
                        0.0,
                        0.01983770914375782
                    ],
                    [
                        0.0,
                        0.0,
                        0.018537156283855438
                    ],
                    [
                        0.0,
                        0.0,
                        0.015998275950551033
                    ]
                ]
            ]
        }
    ]
}