{
    "people": [
        {
            "person_id": [
                1
            ],
            "pose_keypoints_2d": [
                [
                    [
                        511.0498046875,
                        140.67677307128906,
                        0.9055737257003784
                    ],
                    [
                        478.134765625,
                        159.48536682128906,
                        0.9039677381515503
                    ],
                    [
                        504.7802734375,
                        162.62013244628906,
                        0.8786419630050659
                    ],
                    [
                        511.0498046875,
                        206.50685119628906,
                        0.9639538526535034
                    ],
                    [
                        523.5888671875,
                        244.12403869628906,
                        0.9059157371520996
                    ],
                    [
                        451.4892578125,
                        156.35060119628906,
                        0.9292935132980347
                    ],
                    [
                        429.5458984375,
                        197.10255432128906,
                        0.9392123222351074
                    ],
                    [
                        426.4111328125,
                        240.98927307128906,
                        0.9369496703147888
                    ],
                    [
                        470.2978515625,
                        244.12403869628906,
                        0.8330634236335754
                    ],
                    [
                        485.9716796875,
                        244.12403869628906,
                        0.8507605195045471
                    ],
                    [
                        479.7021484375,
                        309.9541015625,
                        0.9218001365661621
                    ],
                    [
                        470.2978515625,
                        382.0537109375,
                        0.9228775501251221
                    ],
                    [
                        454.6240234375,
                        244.12403869628906,
                        0.8153663277626038
                    ],
                    [
                        464.0283203125,
                        300.5498046875,
                        0.8837054967880249
                    ],
                    [
                        476.5673828125,
                        356.9755859375,
                        0.8957376480102539
                    ],
                    [
                        511.0498046875,
                        134.40724182128906,
                        0.9118486642837524
                    ],
                    [
                        511.0498046875,
                        137.54200744628906,
                        0.8574672341346741
                    ],
                    [
                        501.6455078125,
                        131.27247619628906,
                        0.9746391773223877
                    ],
                    [
                        489.1064453125,
                        128.13771057128906,
                        0.7067749500274658
                    ],
                    [
                        489.1064453125,
                        356.9755859375,
                        0.8298990726470947
                    ],
                    [
                        485.9716796875,
                        356.9755859375,
                        0.8226216435432434
                    ],
                    [
                        473.4326171875,
                        366.3798828125,
                        0.6988351345062256
                    ],
                    [
                        479.7021484375,
                        388.3232421875,
                        0.8686830997467041
                    ],
                    [
                        479.7021484375,
                        391.4580078125,
                        0.7977257370948792
                    ],
                    [
                        464.0283203125,
                        388.3232421875,
                        0.8923891186714172
                    ]
                ]
            ]
        },
        {
            "person_id": [
                2
            ],
            "pose_keypoints_2d": [
                [
                    [
                        0.0,
                        0.0,
                        0.020531099289655685
                    ],
                    [
                        0.0,
                        0.0,
                        0.029849819839000702
                    ],
                    [
                        0.0,
                        0.0,
                        0.029849819839000702
                    ],
                    [
                        0.0,
                        0.0,
                        0.012015359476208687
                    ],
                    [
                        0.0,
                        0.0,
                        0.007502174004912376
                    ],
                    [
                        0.0,
                        0.0,
                        0.029849819839000702
                    ],
                    [
                        0.0,
                        0.0,
                        0.009054431691765785
                    ],
                    [
                        0.0,
                        0.0,
                        0.007550043519586325
                    ],
                    [
                        0.0,
                        0.0,
                        0.037438396364450455
                    ],
                    [
                        0.0,
                        0.0,
                        0.037438396364450455
                    ],
                    [
                        0.0,
                        0.0,
                        0.025315171107649803
                    ],
                    [
                        0.0,
                        0.0,
                        0.03399762138724327
                    ],
                    [
                        0.0,
                        0.0,
                        0.037438396364450455
                    ],
                    [
                        0.0,
                        0.0,
                        0.025315171107649803
                    ],
                    [
                        0.0,
                        0.0,
                        0.03399762138724327
                    ],
                    [
                        0.0,
                        0.0,
                        0.019224032759666443
                    ],
                    [
                        0.0,
                        0.0,
                        0.019224030897021294
                    ],
                    [
                        0.0,
                        0.0,
                        0.015098605304956436
                    ],
                    [
                        0.0,
                        0.0,
                        0.015098605304956436
                    ],
                    [
                        0.0,
                        0.0,
                        0.020358137786388397
                    ],
                    [
                        0.0,
                        0.0,
                        0.018469566479325294
                    ],
                    [
                        0.0,
                        0.0,
                        0.01647251471877098
                    ],
                    [
                        0.0,
                        0.0,
                        0.0203581340610981
                    ],
                    [
                        0.0,
                        0.0,
                        0.018469566479325294
                    ],
                    [
                        0.0,
                        0.0,
                        0.01647251471877098
                    ]
                ]
            ]
        }
    ]
}