{
    "people": [
        {
            "person_id": [
                1
            ],
            "pose_keypoints_2d": [
                [
                    [
                        515.376953125,
                        141.958984375,
                        0.9363400340080261
                    ],
                    [
                        483.365234375,
                        156.509765625,
                        0.9048346877098083
                    ],
                    [
                        506.646484375,
                        159.419921875,
                        0.8944569826126099
                    ],
                    [
                        506.646484375,
                        203.072265625,
                        0.991857647895813
                    ],
                    [
                        521.197265625,
                        240.904296875,
                        0.9327806830406189
                    ],
                    [
                        460.083984375,
                        153.599609375,
                        0.9152123928070068
                    ],
                    [
                        436.802734375,
                        197.251953125,
                        0.9711954593658447
                    ],
                    [
                        436.802734375,
                        235.083984375,
                        0.949217677116394
                    ],
                    [
                        470.26953125,
                        242.359375,
                        0.8487873077392578
                    ],
                    [
                        486.275390625,
                        243.814453125,
                        0.8491263389587402
                    ],
                    [
                        495.005859375,
                        299.107421875,
                        0.9339438676834106
                    ],
                    [
                        465.904296875,
                        357.310546875,
                        0.9167066812515259
                    ],
                    [
                        454.263671875,
                        240.904296875,
                        0.8484482169151306
                    ],
                    [
                        468.814453125,
                        299.107421875,
                        0.9373854398727417
                    ],
                    [
                        474.634765625,
                        354.400390625,
                        0.9300757646560669
                    ],
                    [
                        515.376953125,
                        136.138671875,
                        0.9267016053199768
                    ],
                    [
                        518.287109375,
                        136.138671875,
                        0.8941861391067505
                    ],
                    [
                        506.646484375,
                        130.318359375,
                        0.9622094631195068
                    ],
                    [
                        497.916015625,
                        130.318359375,
                        0.6821759939193726
                    ],
                    [
                        489.185546875,
                        357.310546875,
                        0.8423107862472534
                    ],
                    [
                        483.365234375,
                        357.310546875,
                        0.9215776920318604
                    ],
                    [
                        471.724609375,
                        360.220703125,
                        0.7216181755065918
                    ],
                    [
                        477.544921875,
                        371.861328125,
                        0.7925479412078857
                    ],
                    [
                        474.634765625,
                        374.771484375,
                        0.7965312004089355
                    ],
                    [
                        460.083984375,
                        360.220703125,
                        0.8238738775253296
                    ]
                ]
            ]
        },
        {
            "person_id": [
                2
            ],
            "pose_keypoints_2d": [
                [
                    [
                        0.0,
                        0.0,
                        0.020531099289655685
                    ],
                    [
                        0.0,
                        0.0,
                        0.029849819839000702
                    ],
                    [
                        0.0,
                        0.0,
                        0.029849819839000702
                    ],
                    [
                        0.0,
                        0.0,
                        0.012015359476208687
                    ],
                    [
                        0.0,
                        0.0,
                        0.007502174004912376
                    ],
                    [
                        0.0,
                        0.0,
                        0.029849819839000702
                    ],
                    [
                        0.0,
                        0.0,
                        0.009054431691765785
                    ],
                    [
                        0.0,
                        0.0,
                        0.007550043519586325
                    ],
                    [
                        0.0,
                        0.0,
                        0.037438396364450455
                    ],
                    [
                        0.0,
                        0.0,
                        0.037438396364450455
                    ],
                    [
                        0.0,
                        0.0,
                        0.025315171107649803
                    ],
                    [
                        0.0,
                        0.0,
                        0.03399762138724327
                    ],
                    [
                        0.0,
                        0.0,
                        0.037438396364450455
                    ],
                    [
                        0.0,
                        0.0,
                        0.025315171107649803
                    ],
                    [
                        0.0,
                        0.0,
                        0.03399762138724327
                    ],
                    [
                        0.0,
                        0.0,
                        0.019224030897021294
                    ],
                    [
                        0.0,
                        0.0,
                        0.019224030897021294
                    ],
                    [
                        0.0,
                        0.0,
                        0.015098605304956436
                    ],
                    [
                        0.0,
                        0.0,
                        0.015098605304956436
                    ],
                    [
                        0.0,
                        0.0,
                        0.020358137786388397
                    ],
                    [
                        0.0,
                        0.0,
                        0.018469566479325294
                    ],
                    [
                        0.0,
                        0.0,
                        0.01647251471877098
                    ],
                    [
                        0.0,
                        0.0,
                        0.020358137786388397
                    ],
                    [
                        0.0,
                        0.0,
                        0.018469566479325294
                    ],
                    [
                        0.0,
                        0.0,
                        0.01647251471877098
                    ]
                ]
            ]
        }
    ]
}