{
    "people": [
        {
            "person_id": [
                1
            ],
            "pose_keypoints_2d": [
                [
                    [
                        520.732421875,
                        144.798828125,
                        0.9597089886665344
                    ],
                    [
                        488.1640625,
                        154.7109375,
                        0.9014444351196289
                    ],
                    [
                        509.404296875,
                        158.958984375,
                        0.8887942433357239
                    ],
                    [
                        509.404296875,
                        201.439453125,
                        0.9699602127075195
                    ],
                    [
                        520.732421875,
                        238.255859375,
                        0.9167208671569824
                    ],
                    [
                        466.923828125,
                        150.462890625,
                        0.9140945672988892
                    ],
                    [
                        441.435546875,
                        192.943359375,
                        0.9963973760604858
                    ],
                    [
                        447.099609375,
                        232.591796875,
                        0.912874698638916
                    ],
                    [
                        472.587890625,
                        242.50390625,
                        0.8446047306060791
                    ],
                    [
                        486.748046875,
                        243.919921875,
                        0.8434079885482788
                    ],
                    [
                        506.572265625,
                        289.232421875,
                        0.9134336113929749
                    ],
                    [
                        475.419921875,
                        345.873046875,
                        0.8329956531524658
                    ],
                    [
                        458.427734375,
                        241.087890625,
                        0.8458014726638794
                    ],
                    [
                        469.755859375,
                        297.728515625,
                        0.8955152630805969
                    ],
                    [
                        472.587890625,
                        354.369140625,
                        0.841213583946228
                    ],
                    [
                        520.732421875,
                        136.302734375,
                        0.9559862613677979
                    ],
                    [
                        523.564453125,
                        139.134765625,
                        0.9252395629882812
                    ],
                    [
                        512.236328125,
                        130.638671875,
                        0.9649182558059692
                    ],
                    [
                        503.740234375,
                        127.806640625,
                        0.6482030749320984
                    ],
                    [
                        489.580078125,
                        357.201171875,
                        0.9062427282333374
                    ],
                    [
                        486.748046875,
                        357.201171875,
                        0.8445773124694824
                    ],
                    [
                        469.755859375,
                        362.865234375,
                        0.8310130834579468
                    ],
                    [
                        486.748046875,
                        357.201171875,
                        0.6442142724990845
                    ],
                    [
                        486.748046875,
                        357.201171875,
                        0.6940232515335083
                    ],
                    [
                        472.587890625,
                        357.201171875,
                        0.7193212509155273
                    ]
                ]
            ]
        },
        {
            "person_id": [
                2
            ],
            "pose_keypoints_2d": [
                [
                    [
                        0.0,
                        0.0,
                        0.02053990215063095
                    ],
                    [
                        0.0,
                        0.0,
                        0.02973298355937004
                    ],
                    [
                        0.0,
                        0.0,
                        0.02973298355937004
                    ],
                    [
                        0.0,
                        0.0,
                        0.01196254137903452
                    ],
                    [
                        0.0,
                        0.0,
                        0.007421588525176048
                    ],
                    [
                        0.0,
                        0.0,
                        0.02973298355937004
                    ],
                    [
                        0.0,
                        0.0,
                        0.008996602147817612
                    ],
                    [
                        0.0,
                        0.0,
                        0.007513847202062607
                    ],
                    [
                        0.0,
                        0.0,
                        0.037304166704416275
                    ],
                    [
                        0.0,
                        0.0,
                        0.037304166704416275
                    ],
                    [
                        0.0,
                        0.0,
                        0.02520212158560753
                    ],
                    [
                        0.0,
                        0.0,
                        0.033779580146074295
                    ],
                    [
                        0.0,
                        0.0,
                        0.037304166704416275
                    ],
                    [
                        0.0,
                        0.0,
                        0.02520212158560753
                    ],
                    [
                        0.0,
                        0.0,
                        0.033779580146074295
                    ],
                    [
                        0.0,
                        0.0,
                        0.019236020743846893
                    ],
                    [
                        0.0,
                        0.0,
                        0.019236018881201744
                    ],
                    [
                        0.0,
                        0.0,
                        0.015073975548148155
                    ],
                    [
                        0.0,
                        0.0,
                        0.015073975548148155
                    ],
                    [
                        0.0,
                        0.0,
                        0.020099785178899765
                    ],
                    [
                        0.0,
                        0.0,
                        0.0185064859688282
                    ],
                    [
                        0.0,
                        0.0,
                        0.016233710572123528
                    ],
                    [
                        0.0,
                        0.0,
                        0.020099785178899765
                    ],
                    [
                        0.0,
                        0.0,
                        0.0185064859688282
                    ],
                    [
                        0.0,
                        0.0,
                        0.016233710572123528
                    ]
                ]
            ]
        }
    ]
}