{
    "people": [
        {
            "person_id": [
                1
            ],
            "pose_keypoints_2d": [
                [
                    [
                        532.7900390625,
                        232.7060546875,
                        0.9041558504104614
                    ],
                    [
                        511.115234375,
                        245.8994140625,
                        0.9026145935058594
                    ],
                    [
                        534.6748046875,
                        245.8994140625,
                        0.8936659097671509
                    ],
                    [
                        555.4072265625,
                        283.5947265625,
                        0.9628108739852905
                    ],
                    [
                        555.4072265625,
                        325.0595703125,
                        0.8978354930877686
                    ],
                    [
                        487.5556640625,
                        245.8994140625,
                        0.9115632176399231
                    ],
                    [
                        470.5927734375,
                        285.4794921875,
                        0.9646281003952026
                    ],
                    [
                        495.0947265625,
                        279.8251953125,
                        0.5864955186843872
                    ],
                    [
                        509.23046875,
                        333.541015625,
                        0.7777235507965088
                    ],
                    [
                        525.2509765625,
                        334.4833984375,
                        0.7665165662765503
                    ],
                    [
                        549.7529296875,
                        291.1337890625,
                        0.7343336343765259
                    ],
                    [
                        540.3291015625,
                        351.4462890625,
                        0.39827579259872437
                    ],
                    [
                        493.2099609375,
                        332.5986328125,
                        0.7889305949211121
                    ],
                    [
                        478.1318359375,
                        294.9033203125,
                        0.8443737030029297
                    ],
                    [
                        481.9013671875,
                        358.9853515625,
                        0.8547996878623962
                    ],
                    [
                        532.7900390625,
                        227.0517578125,
                        0.9438261985778809
                    ],
                    [
                        534.6748046875,
                        228.9365234375,
                        0.8378711342811584
                    ],
                    [
                        521.4814453125,
                        225.1669921875,
                        0.9879000186920166
                    ],
                    [
                        513.9423828125,
                        227.0517578125,
                        0.5856590867042542
                    ],
                    [
                        481.9013671875,
                        357.1005859375,
                        0.5813380479812622
                    ],
                    [
                        476.2470703125,
                        360.8701171875,
                        0.6189604997634888
                    ],
                    [
                        480.0166015625,
                        366.5244140625,
                        0.8599154949188232
                    ],
                    [
                        545.9833984375,
                        351.4462890625,
                        0.32547256350517273
                    ],
                    [
                        547.8681640625,
                        351.4462890625,
                        0.20682761073112488
                    ],
                    [
                        540.3291015625,
                        343.9072265625,
                        0.36671608686447144
                    ]
                ]
            ]
        },
        {
            "person_id": [
                2
            ],
            "pose_keypoints_2d": [
                [
                    [
                        0.0,
                        0.0,
                        0.020545179024338722
                    ],
                    [
                        0.0,
                        0.0,
                        0.02961822971701622
                    ],
                    [
                        0.0,
                        0.0,
                        0.02961822971701622
                    ],
                    [
                        0.0,
                        0.0,
                        0.011905848048627377
                    ],
                    [
                        0.0,
                        0.0,
                        0.007338991388678551
                    ],
                    [
                        0.0,
                        0.0,
                        0.02961822971701622
                    ],
                    [
                        0.0,
                        0.0,
                        0.008956258185207844
                    ],
                    [
                        0.0,
                        0.0,
                        0.007475945632904768
                    ],
                    [
                        0.0,
                        0.0,
                        0.037155795842409134
                    ],
                    [
                        0.0,
                        0.0,
                        0.037155795842409134
                    ],
                    [
                        0.0,
                        0.0,
                        0.025083687156438828
                    ],
                    [
                        0.0,
                        0.0,
                        0.033558908849954605
                    ],
                    [
                        0.0,
                        0.0,
                        0.037155795842409134
                    ],
                    [
                        0.0,
                        0.0,
                        0.025083687156438828
                    ],
                    [
                        0.0,
                        0.0,
                        0.033558908849954605
                    ],
                    [
                        0.0,
                        0.0,
                        0.01924316957592964
                    ],
                    [
                        0.0,
                        0.0,
                        0.019243167713284492
                    ],
                    [
                        0.0,
                        0.0,
                        0.015040154568850994
                    ],
                    [
                        0.0,
                        0.0,
                        0.015040154568850994
                    ],
                    [
                        0.0,
                        0.0,
                        0.01983771286904812
                    ],
                    [
                        0.0,
                        0.0,
                        0.018537156283855438
                    ],
                    [
                        0.0,
                        0.0,
                        0.015998275950551033
                    ],
                    [
                        0.0,
                        0.0,
                        0.01983771286904812
                    ],
                    [
                        0.0,
                        0.0,
                        0.018537156283855438
                    ],
                    [
                        0.0,
                        0.0,
                        0.015998275950551033
                    ]
                ]
            ]
        }
    ]
}