{
    "people": [
        {
            "person_id": [
                1
            ],
            "pose_keypoints_2d": [
                [
                    [
                        549.1669921875,
                        229.2041015625,
                        0.868657112121582
                    ],
                    [
                        521.271484375,
                        229.2041015625,
                        0.8382711410522461
                    ],
                    [
                        541.4716796875,
                        233.0517578125,
                        0.8001487255096436
                    ],
                    [
                        553.0146484375,
                        275.3759765625,
                        0.9484307765960693
                    ],
                    [
                        553.0146484375,
                        317.7001953125,
                        0.9066993594169617
                    ],
                    [
                        501.0712890625,
                        225.3564453125,
                        0.8763935565948486
                    ],
                    [
                        485.6806640625,
                        263.8330078125,
                        0.6902588605880737
                    ],
                    [
                        489.5283203125,
                        288.8427734375,
                        0.3094586730003357
                    ],
                    [
                        498.185546875,
                        301.34765625,
                        0.8559768199920654
                    ],
                    [
                        514.5380859375,
                        302.3095703125,
                        0.8384011387825012
                    ],
                    [
                        549.1669921875,
                        290.7666015625,
                        0.7793010473251343
                    ],
                    [
                        539.5478515625,
                        354.2529296875,
                        0.7085103988647461
                    ],
                    [
                        481.8330078125,
                        300.3857421875,
                        0.8735524415969849
                    ],
                    [
                        485.6806640625,
                        300.3857421875,
                        0.5533788204193115
                    ],
                    [
                        481.8330078125,
                        360.0244140625,
                        0.868728756904602
                    ],
                    [
                        551.0908203125,
                        225.3564453125,
                        0.9434871673583984
                    ],
                    [
                        551.0908203125,
                        225.3564453125,
                        0.7998502254486084
                    ],
                    [
                        543.3955078125,
                        215.7373046875,
                        0.9927672147750854
                    ],
                    [
                        531.8525390625,
                        213.8134765625,
                        0.6053382158279419
                    ],
                    [
                        485.6806640625,
                        356.1767578125,
                        0.6648485660552979
                    ],
                    [
                        477.9853515625,
                        360.0244140625,
                        0.6552597284317017
                    ],
                    [
                        479.9091796875,
                        365.7958984375,
                        0.8531917333602905
                    ],
                    [
                        547.2431640625,
                        350.4052734375,
                        0.45776212215423584
                    ],
                    [
                        549.1669921875,
                        356.1767578125,
                        0.3745388388633728
                    ],
                    [
                        537.6240234375,
                        358.1005859375,
                        0.529914140701294
                    ]
                ]
            ]
        },
        {
            "person_id": [
                2
            ],
            "pose_keypoints_2d": [
                [
                    [
                        0.0,
                        0.0,
                        0.020545179024338722
                    ],
                    [
                        0.0,
                        0.0,
                        0.02961822971701622
                    ],
                    [
                        0.0,
                        0.0,
                        0.02961822971701622
                    ],
                    [
                        0.0,
                        0.0,
                        0.011905848048627377
                    ],
                    [
                        0.0,
                        0.0,
                        0.007338991388678551
                    ],
                    [
                        0.0,
                        0.0,
                        0.02961822971701622
                    ],
                    [
                        0.0,
                        0.0,
                        0.00895625725388527
                    ],
                    [
                        0.0,
                        0.0,
                        0.007475945632904768
                    ],
                    [
                        0.0,
                        0.0,
                        0.037155795842409134
                    ],
                    [
                        0.0,
                        0.0,
                        0.037155795842409134
                    ],
                    [
                        0.0,
                        0.0,
                        0.02508368343114853
                    ],
                    [
                        0.0,
                        0.0,
                        0.03355890512466431
                    ],
                    [
                        0.0,
                        0.0,
                        0.037155795842409134
                    ],
                    [
                        0.0,
                        0.0,
                        0.025083687156438828
                    ],
                    [
                        0.0,
                        0.0,
                        0.033558908849954605
                    ],
                    [
                        0.0,
                        0.0,
                        0.01924316957592964
                    ],
                    [
                        0.0,
                        0.0,
                        0.01924316957592964
                    ],
                    [
                        0.0,
                        0.0,
                        0.015040154568850994
                    ],
                    [
                        0.0,
                        0.0,
                        0.015040154568850994
                    ],
                    [
                        0.0,
                        0.0,
                        0.01983770914375782
                    ],
                    [
                        0.0,
                        0.0,
                        0.018537156283855438
                    ],
                    [
                        0.0,
                        0.0,
                        0.015998275950551033
                    ],
                    [
                        0.0,
                        0.0,
                        0.01983771286904812
                    ],
                    [
                        0.0,
                        0.0,
                        0.018537156283855438
                    ],
                    [
                        0.0,
                        0.0,
                        0.015998275950551033
                    ]
                ]
            ]
        }
    ]
}