{
    "people": [
        {
            "person_id": [
                1
            ],
            "pose_keypoints_2d": [
                [
                    [
                        529.0732421875,
                        150.1298828125,
                        0.9658268094062805
                    ],
                    [
                        497.06640625,
                        157.087890625,
                        0.8890141844749451
                    ],
                    [
                        517.9404296875,
                        161.2626953125,
                        0.8779683113098145
                    ],
                    [
                        515.1572265625,
                        203.0107421875,
                        0.956544041633606
                    ],
                    [
                        523.5068359375,
                        239.1923828125,
                        0.8970226049423218
                    ],
                    [
                        476.1923828125,
                        152.9130859375,
                        0.9000600576400757
                    ],
                    [
                        453.9267578125,
                        191.8779296875,
                        0.9522392749786377
                    ],
                    [
                        470.6259765625,
                        216.9267578125,
                        0.7909614443778992
                    ],
                    [
                        476.1923828125,
                        239.1923828125,
                        0.8178337216377258
                    ],
                    [
                        492.8916015625,
                        239.1923828125,
                        0.8132271766662598
                    ],
                    [
                        512.3740234375,
                        292.0732421875,
                        0.9187883138656616
                    ],
                    [
                        515.1572265625,
                        350.5205078125,
                        0.8427999019622803
                    ],
                    [
                        459.4931640625,
                        239.1923828125,
                        0.8224402666091919
                    ],
                    [
                        473.4091796875,
                        300.4228515625,
                        0.9033289551734924
                    ],
                    [
                        473.4091796875,
                        356.0869140625,
                        0.8506956100463867
                    ],
                    [
                        531.8564453125,
                        141.7802734375,
                        0.9643182754516602
                    ],
                    [
                        531.8564453125,
                        144.5634765625,
                        0.9190027713775635
                    ],
                    [
                        523.5068359375,
                        136.2138671875,
                        0.9389152526855469
                    ],
                    [
                        512.3740234375,
                        133.4306640625,
                        0.6658276915550232
                    ],
                    [
                        490.1083984375,
                        353.3037109375,
                        1.0435417890548706
                    ],
                    [
                        484.5419921875,
                        353.3037109375,
                        0.8222856521606445
                    ],
                    [
                        470.6259765625,
                        364.4365234375,
                        0.8224659562110901
                    ],
                    [
                        529.0732421875,
                        342.1708984375,
                        0.4280173182487488
                    ],
                    [
                        529.0732421875,
                        350.5205078125,
                        0.5454237461090088
                    ],
                    [
                        512.3740234375,
                        356.0869140625,
                        0.6367326974868774
                    ]
                ]
            ]
        },
        {
            "person_id": [
                2
            ],
            "pose_keypoints_2d": [
                [
                    [
                        0.0,
                        0.0,
                        0.020545179024338722
                    ],
                    [
                        0.0,
                        0.0,
                        0.02961822971701622
                    ],
                    [
                        0.0,
                        0.0,
                        0.02961822971701622
                    ],
                    [
                        0.0,
                        0.0,
                        0.011905848048627377
                    ],
                    [
                        0.0,
                        0.0,
                        0.007338991388678551
                    ],
                    [
                        0.0,
                        0.0,
                        0.02961822971701622
                    ],
                    [
                        0.0,
                        0.0,
                        0.008956258185207844
                    ],
                    [
                        0.0,
                        0.0,
                        0.007475945632904768
                    ],
                    [
                        0.0,
                        0.0,
                        0.037155795842409134
                    ],
                    [
                        0.0,
                        0.0,
                        0.037155795842409134
                    ],
                    [
                        0.0,
                        0.0,
                        0.02508368343114853
                    ],
                    [
                        0.0,
                        0.0,
                        0.03355890512466431
                    ],
                    [
                        0.0,
                        0.0,
                        0.037155795842409134
                    ],
                    [
                        0.0,
                        0.0,
                        0.02508368343114853
                    ],
                    [
                        0.0,
                        0.0,
                        0.03355890512466431
                    ],
                    [
                        0.0,
                        0.0,
                        0.01924316957592964
                    ],
                    [
                        0.0,
                        0.0,
                        0.01924316957592964
                    ],
                    [
                        0.0,
                        0.0,
                        0.015040154568850994
                    ],
                    [
                        0.0,
                        0.0,
                        0.015040154568850994
                    ],
                    [
                        0.0,
                        0.0,
                        0.01983771286904812
                    ],
                    [
                        0.0,
                        0.0,
                        0.018537156283855438
                    ],
                    [
                        0.0,
                        0.0,
                        0.015998275950551033
                    ],
                    [
                        0.0,
                        0.0,
                        0.01983770914375782
                    ],
                    [
                        0.0,
                        0.0,
                        0.018537156283855438
                    ],
                    [
                        0.0,
                        0.0,
                        0.015998275950551033
                    ]
                ]
            ]
        }
    ]
}