{
    "people": [
        {
            "person_id": [
                1
            ],
            "pose_keypoints_2d": [
                [
                    [
                        548.9833984375,
                        231.5908203125,
                        0.8508485555648804
                    ],
                    [
                        520.7119140625,
                        231.5908203125,
                        0.8405107855796814
                    ],
                    [
                        541.4443359375,
                        235.3603515625,
                        0.8000442981719971
                    ],
                    [
                        552.7529296875,
                        278.7099609375,
                        0.9673948287963867
                    ],
                    [
                        552.7529296875,
                        320.1748046875,
                        0.8802287578582764
                    ],
                    [
                        499.9794921875,
                        227.8212890625,
                        0.8809772729873657
                    ],
                    [
                        481.1318359375,
                        267.4013671875,
                        0.8525450229644775
                    ],
                    [
                        486.7861328125,
                        288.1337890625,
                        0.5457185506820679
                    ],
                    [
                        499.9794921875,
                        306.0390625,
                        0.8217934370040894
                    ],
                    [
                        515.0576171875,
                        306.9814453125,
                        0.8283989429473877
                    ],
                    [
                        550.8681640625,
                        291.9033203125,
                        0.7804018259048462
                    ],
                    [
                        541.4443359375,
                        354.1005859375,
                        0.7002771496772766
                    ],
                    [
                        484.9013671875,
                        305.0966796875,
                        0.815187931060791
                    ],
                    [
                        484.9013671875,
                        303.2119140625,
                        0.5960010290145874
                    ],
                    [
                        481.1318359375,
                        359.7548828125,
                        0.8650630712509155
                    ],
                    [
                        548.9833984375,
                        225.9365234375,
                        0.9310076236724854
                    ],
                    [
                        550.8681640625,
                        227.8212890625,
                        0.805860698223114
                    ],
                    [
                        541.4443359375,
                        216.5126953125,
                        0.9817014336585999
                    ],
                    [
                        530.1357421875,
                        216.5126953125,
                        0.5801105499267578
                    ],
                    [
                        486.7861328125,
                        355.9853515625,
                        0.6394362449645996
                    ],
                    [
                        479.2470703125,
                        359.7548828125,
                        0.638184666633606
                    ],
                    [
                        481.1318359375,
                        367.2939453125,
                        0.8475435972213745
                    ],
                    [
                        547.0986328125,
                        352.2158203125,
                        0.4528951346874237
                    ],
                    [
                        550.8681640625,
                        355.9853515625,
                        0.41087621450424194
                    ],
                    [
                        537.6748046875,
                        357.8701171875,
                        0.5248739123344421
                    ]
                ]
            ]
        },
        {
            "person_id": [
                2
            ],
            "pose_keypoints_2d": [
                [
                    [
                        0.0,
                        0.0,
                        0.020545179024338722
                    ],
                    [
                        0.0,
                        0.0,
                        0.02961822971701622
                    ],
                    [
                        0.0,
                        0.0,
                        0.02961822971701622
                    ],
                    [
                        0.0,
                        0.0,
                        0.011905848048627377
                    ],
                    [
                        0.0,
                        0.0,
                        0.007338991388678551
                    ],
                    [
                        0.0,
                        0.0,
                        0.02961822971701622
                    ],
                    [
                        0.0,
                        0.0,
                        0.008956258185207844
                    ],
                    [
                        0.0,
                        0.0,
                        0.007475945632904768
                    ],
                    [
                        0.0,
                        0.0,
                        0.037155795842409134
                    ],
                    [
                        0.0,
                        0.0,
                        0.037155795842409134
                    ],
                    [
                        0.0,
                        0.0,
                        0.025083687156438828
                    ],
                    [
                        0.0,
                        0.0,
                        0.033558908849954605
                    ],
                    [
                        0.0,
                        0.0,
                        0.037155795842409134
                    ],
                    [
                        0.0,
                        0.0,
                        0.025083687156438828
                    ],
                    [
                        0.0,
                        0.0,
                        0.03355890512466431
                    ],
                    [
                        0.0,
                        0.0,
                        0.019243167713284492
                    ],
                    [
                        0.0,
                        0.0,
                        0.01924316957592964
                    ],
                    [
                        0.0,
                        0.0,
                        0.015040154568850994
                    ],
                    [
                        0.0,
                        0.0,
                        0.015040154568850994
                    ],
                    [
                        0.0,
                        0.0,
                        0.019837716594338417
                    ],
                    [
                        0.0,
                        0.0,
                        0.018537156283855438
                    ],
                    [
                        0.0,
                        0.0,
                        0.015998275950551033
                    ],
                    [
                        0.0,
                        0.0,
                        0.01983771286904812
                    ],
                    [
                        0.0,
                        0.0,
                        0.018537156283855438
                    ],
                    [
                        0.0,
                        0.0,
                        0.015998275950551033
                    ]
                ]
            ]
        }
    ]
}