{
    "people": [
        {
            "person_id": [
                1
            ],
            "pose_keypoints_2d": [
                [
                    [
                        505.8935546875,
                        136.7958984375,
                        0.9183813333511353
                    ],
                    [
                        471.748046875,
                        159.5595703125,
                        0.9002751708030701
                    ],
                    [
                        499.3896484375,
                        162.8115234375,
                        0.8769786357879639
                    ],
                    [
                        512.3974609375,
                        208.3388671875,
                        0.9499955773353577
                    ],
                    [
                        528.6572265625,
                        244.1103515625,
                        0.9130432605743408
                    ],
                    [
                        444.1064453125,
                        156.3076171875,
                        0.9235717058181763
                    ],
                    [
                        421.3427734375,
                        198.5830078125,
                        0.9592617750167847
                    ],
                    [
                        418.0908203125,
                        240.8583984375,
                        0.9345716238021851
                    ],
                    [
                        465.244140625,
                        247.3623046875,
                        0.8664443492889404
                    ],
                    [
                        483.1298828125,
                        247.3623046875,
                        0.8699325919151306
                    ],
                    [
                        476.6259765625,
                        315.6533203125,
                        0.8557616472244263
                    ],
                    [
                        470.1220703125,
                        390.4482421875,
                        0.9284054636955261
                    ],
                    [
                        447.3583984375,
                        247.3623046875,
                        0.862956166267395
                    ],
                    [
                        460.3662109375,
                        305.8974609375,
                        0.8735522031784058
                    ],
                    [
                        473.3740234375,
                        357.9287109375,
                        0.7856402397155762
                    ],
                    [
                        505.8935546875,
                        130.2919921875,
                        0.9150566458702087
                    ],
                    [
                        505.8935546875,
                        133.5439453125,
                        0.8510079383850098
                    ],
                    [
                        496.1376953125,
                        127.0400390625,
                        0.9483519196510315
                    ],
                    [
                        479.8779296875,
                        127.0400390625,
                        0.6981157064437866
                    ],
                    [
                        486.3818359375,
                        344.9208984375,
                        0.5280611515045166
                    ],
                    [
                        476.6259765625,
                        354.6767578125,
                        0.5236661434173584
                    ],
                    [
                        470.1220703125,
                        367.6845703125,
                        0.582751989364624
                    ],
                    [
                        479.8779296875,
                        393.7001953125,
                        0.9086436033248901
                    ],
                    [
                        483.1298828125,
                        396.9521484375,
                        0.9232226610183716
                    ],
                    [
                        466.8701171875,
                        400.2041015625,
                        0.8954812288284302
                    ]
                ]
            ]
        },
        {
            "person_id": [
                2
            ],
            "pose_keypoints_2d": [
                [
                    [
                        0.0,
                        0.0,
                        0.020531099289655685
                    ],
                    [
                        0.0,
                        0.0,
                        0.029849819839000702
                    ],
                    [
                        0.0,
                        0.0,
                        0.029849819839000702
                    ],
                    [
                        0.0,
                        0.0,
                        0.012015359476208687
                    ],
                    [
                        0.0,
                        0.0,
                        0.007502174004912376
                    ],
                    [
                        0.0,
                        0.0,
                        0.029849819839000702
                    ],
                    [
                        0.0,
                        0.0,
                        0.00905443076044321
                    ],
                    [
                        0.0,
                        0.0,
                        0.007550043519586325
                    ],
                    [
                        0.0,
                        0.0,
                        0.037438396364450455
                    ],
                    [
                        0.0,
                        0.0,
                        0.037438396364450455
                    ],
                    [
                        0.0,
                        0.0,
                        0.025315171107649803
                    ],
                    [
                        0.0,
                        0.0,
                        0.03399762138724327
                    ],
                    [
                        0.0,
                        0.0,
                        0.037438396364450455
                    ],
                    [
                        0.0,
                        0.0,
                        0.025315171107649803
                    ],
                    [
                        0.0,
                        0.0,
                        0.03399762138724327
                    ],
                    [
                        0.0,
                        0.0,
                        0.019224030897021294
                    ],
                    [
                        0.0,
                        0.0,
                        0.019224032759666443
                    ],
                    [
                        0.0,
                        0.0,
                        0.015098605304956436
                    ],
                    [
                        0.0,
                        0.0,
                        0.015098605304956436
                    ],
                    [
                        0.0,
                        0.0,
                        0.020358137786388397
                    ],
                    [
                        0.0,
                        0.0,
                        0.018469566479325294
                    ],
                    [
                        0.0,
                        0.0,
                        0.01647251471877098
                    ],
                    [
                        0.0,
                        0.0,
                        0.020358137786388397
                    ],
                    [
                        0.0,
                        0.0,
                        0.018469566479325294
                    ],
                    [
                        0.0,
                        0.0,
                        0.01647251471877098
                    ]
                ]
            ]
        }
    ]
}