{
    "people": [
        {
            "person_id": [
                1
            ],
            "pose_keypoints_2d": [
                [
                    [
                        536.4375,
                        234.6875,
                        0.9006779193878174
                    ],
                    [
                        513.0,
                        245.9375,
                        0.8910574316978455
                    ],
                    [
                        536.4375,
                        245.9375,
                        0.8641784191131592
                    ],
                    [
                        555.1875,
                        281.5625,
                        0.9212436676025391
                    ],
                    [
                        555.1875,
                        324.6875,
                        0.8640824556350708
                    ],
                    [
                        489.5625,
                        245.9375,
                        0.9179364442825317
                    ],
                    [
                        472.6875,
                        283.4375,
                        0.937494158744812
                    ],
                    [
                        495.1875,
                        275.9375,
                        0.6300381422042847
                    ],
                    [
                        511.125,
                        332.1875,
                        0.7998347878456116
                    ],
                    [
                        527.0625,
                        332.1875,
                        0.7992812395095825
                    ],
                    [
                        549.5625,
                        290.9375,
                        0.7323050498962402
                    ],
                    [
                        542.0625,
                        349.0625,
                        0.4327418804168701
                    ],
                    [
                        495.1875,
                        332.1875,
                        0.8003883361816406
                    ],
                    [
                        480.1875,
                        294.6875,
                        0.7747577428817749
                    ],
                    [
                        482.0625,
                        358.4375,
                        0.8621551990509033
                    ],
                    [
                        534.5625,
                        229.0625,
                        0.9498840570449829
                    ],
                    [
                        536.4375,
                        229.0625,
                        0.8560910820960999
                    ],
                    [
                        525.1875,
                        225.3125,
                        0.9844597578048706
                    ],
                    [
                        517.6875,
                        227.1875,
                        0.5332270860671997
                    ],
                    [
                        482.0625,
                        358.4375,
                        0.6118752956390381
                    ],
                    [
                        476.4375,
                        360.3125,
                        0.6349716186523438
                    ],
                    [
                        480.1875,
                        365.9375,
                        0.8278146982192993
                    ],
                    [
                        542.0625,
                        341.5625,
                        0.4463174343109131
                    ],
                    [
                        549.5625,
                        354.6875,
                        0.2777894139289856
                    ],
                    [
                        542.0625,
                        347.1875,
                        0.43755868077278137
                    ]
                ]
            ]
        },
        {
            "person_id": [
                2
            ],
            "pose_keypoints_2d": [
                [
                    [
                        0.0,
                        0.0,
                        0.020545179024338722
                    ],
                    [
                        0.0,
                        0.0,
                        0.02961822971701622
                    ],
                    [
                        0.0,
                        0.0,
                        0.02961822971701622
                    ],
                    [
                        0.0,
                        0.0,
                        0.011905848048627377
                    ],
                    [
                        0.0,
                        0.0,
                        0.007338991388678551
                    ],
                    [
                        0.0,
                        0.0,
                        0.02961822971701622
                    ],
                    [
                        0.0,
                        0.0,
                        0.00895625725388527
                    ],
                    [
                        0.0,
                        0.0,
                        0.007475945632904768
                    ],
                    [
                        0.0,
                        0.0,
                        0.037155795842409134
                    ],
                    [
                        0.0,
                        0.0,
                        0.037155795842409134
                    ],
                    [
                        0.0,
                        0.0,
                        0.025083687156438828
                    ],
                    [
                        0.0,
                        0.0,
                        0.033558908849954605
                    ],
                    [
                        0.0,
                        0.0,
                        0.037155795842409134
                    ],
                    [
                        0.0,
                        0.0,
                        0.025083687156438828
                    ],
                    [
                        0.0,
                        0.0,
                        0.033558908849954605
                    ],
                    [
                        0.0,
                        0.0,
                        0.01924316957592964
                    ],
                    [
                        0.0,
                        0.0,
                        0.01924316957592964
                    ],
                    [
                        0.0,
                        0.0,
                        0.015040154568850994
                    ],
                    [
                        0.0,
                        0.0,
                        0.015040154568850994
                    ],
                    [
                        0.0,
                        0.0,
                        0.01983771286904812
                    ],
                    [
                        0.0,
                        0.0,
                        0.018537156283855438
                    ],
                    [
                        0.0,
                        0.0,
                        0.015998275950551033
                    ],
                    [
                        0.0,
                        0.0,
                        0.01983770914375782
                    ],
                    [
                        0.0,
                        0.0,
                        0.018537156283855438
                    ],
                    [
                        0.0,
                        0.0,
                        0.015998275950551033
                    ]
                ]
            ]
        }
    ]
}