{
    "people": [
        {
            "person_id": [
                1
            ],
            "pose_keypoints_2d": [
                [
                    [
                        535.4501953125,
                        233.5537109375,
                        0.8813296556472778
                    ],
                    [
                        513.0673828125,
                        246.6103515625,
                        0.8821501731872559
                    ],
                    [
                        537.3154296875,
                        246.6103515625,
                        0.8738771080970764
                    ],
                    [
                        555.9677734375,
                        282.0498046875,
                        0.932313859462738
                    ],
                    [
                        554.1025390625,
                        324.9501953125,
                        0.8841450214385986
                    ],
                    [
                        488.8193359375,
                        246.6103515625,
                        0.8904231786727905
                    ],
                    [
                        472.0322265625,
                        283.9150390625,
                        0.9910619258880615
                    ],
                    [
                        494.4150390625,
                        274.5888671875,
                        0.5767675638198853
                    ],
                    [
                        510.26953125,
                        331.478515625,
                        0.7821425795555115
                    ],
                    [
                        526.1240234375,
                        330.5458984375,
                        0.7733838558197021
                    ],
                    [
                        550.3720703125,
                        289.5107421875,
                        0.7417161464691162
                    ],
                    [
                        541.0458984375,
                        351.0634765625,
                        0.4148850739002228
                    ],
                    [
                        494.4150390625,
                        332.4111328125,
                        0.7909013032913208
                    ],
                    [
                        479.4931640625,
                        295.1064453125,
                        0.7989630699157715
                    ],
                    [
                        481.3583984375,
                        358.5244140625,
                        0.8810795545578003
                    ],
                    [
                        533.5849609375,
                        229.8232421875,
                        0.9297294616699219
                    ],
                    [
                        535.4501953125,
                        229.8232421875,
                        0.8596118688583374
                    ],
                    [
                        524.2587890625,
                        224.2275390625,
                        0.9973812103271484
                    ],
                    [
                        513.0673828125,
                        227.9580078125,
                        0.5447416305541992
                    ],
                    [
                        483.2236328125,
                        356.6591796875,
                        0.5794585347175598
                    ],
                    [
                        475.7626953125,
                        360.3896484375,
                        0.6185001134872437
                    ],
                    [
                        479.4931640625,
                        365.9853515625,
                        0.8765766620635986
                    ],
                    [
                        542.9111328125,
                        341.7373046875,
                        0.3560147285461426
                    ],
                    [
                        552.2373046875,
                        360.3896484375,
                        0.256506085395813
                    ],
                    [
                        541.0458984375,
                        345.4677734375,
                        0.4186195135116577
                    ]
                ]
            ]
        },
        {
            "person_id": [
                2
            ],
            "pose_keypoints_2d": [
                [
                    [
                        0.0,
                        0.0,
                        0.020545179024338722
                    ],
                    [
                        0.0,
                        0.0,
                        0.02961822971701622
                    ],
                    [
                        0.0,
                        0.0,
                        0.02961822971701622
                    ],
                    [
                        0.0,
                        0.0,
                        0.011905848048627377
                    ],
                    [
                        0.0,
                        0.0,
                        0.007338991388678551
                    ],
                    [
                        0.0,
                        0.0,
                        0.02961822971701622
                    ],
                    [
                        0.0,
                        0.0,
                        0.00895625725388527
                    ],
                    [
                        0.0,
                        0.0,
                        0.007475945632904768
                    ],
                    [
                        0.0,
                        0.0,
                        0.037155795842409134
                    ],
                    [
                        0.0,
                        0.0,
                        0.037155795842409134
                    ],
                    [
                        0.0,
                        0.0,
                        0.025083687156438828
                    ],
                    [
                        0.0,
                        0.0,
                        0.033558908849954605
                    ],
                    [
                        0.0,
                        0.0,
                        0.037155795842409134
                    ],
                    [
                        0.0,
                        0.0,
                        0.025083687156438828
                    ],
                    [
                        0.0,
                        0.0,
                        0.033558908849954605
                    ],
                    [
                        0.0,
                        0.0,
                        0.01924316957592964
                    ],
                    [
                        0.0,
                        0.0,
                        0.01924316957592964
                    ],
                    [
                        0.0,
                        0.0,
                        0.015040154568850994
                    ],
                    [
                        0.0,
                        0.0,
                        0.015040154568850994
                    ],
                    [
                        0.0,
                        0.0,
                        0.019837716594338417
                    ],
                    [
                        0.0,
                        0.0,
                        0.018537156283855438
                    ],
                    [
                        0.0,
                        0.0,
                        0.015998275950551033
                    ],
                    [
                        0.0,
                        0.0,
                        0.01983771286904812
                    ],
                    [
                        0.0,
                        0.0,
                        0.018537156283855438
                    ],
                    [
                        0.0,
                        0.0,
                        0.015998275950551033
                    ]
                ]
            ]
        }
    ]
}