{
    "people": [
        {
            "person_id": [
                1
            ],
            "pose_keypoints_2d": [
                [
                    [
                        539.1533203125,
                        234.0185546875,
                        0.8909486532211304
                    ],
                    [
                        515.4130859375,
                        244.9755859375,
                        0.8830221891403198
                    ],
                    [
                        539.1533203125,
                        246.8017578125,
                        0.8560572862625122
                    ],
                    [
                        555.5888671875,
                        283.3251953125,
                        0.9238239526748657
                    ],
                    [
                        553.7626953125,
                        325.3271484375,
                        0.9101869463920593
                    ],
                    [
                        491.6728515625,
                        243.1494140625,
                        0.9099870920181274
                    ],
                    [
                        473.4111328125,
                        283.3251953125,
                        0.9790040850639343
                    ],
                    [
                        497.1513671875,
                        274.1943359375,
                        0.6247131824493408
                    ],
                    [
                        509.021484375,
                        328.06640625,
                        0.846420407295227
                    ],
                    [
                        524.5439453125,
                        328.9794921875,
                        0.8606685996055603
                    ],
                    [
                        550.1103515625,
                        290.6298828125,
                        0.7579858899116516
                    ],
                    [
                        540.9794921875,
                        356.3720703125,
                        0.39116695523262024
                    ],
                    [
                        493.4990234375,
                        327.1533203125,
                        0.8321722745895386
                    ],
                    [
                        480.7158203125,
                        294.2822265625,
                        0.7625383734703064
                    ],
                    [
                        482.5419921875,
                        360.0244140625,
                        0.8717057704925537
                    ],
                    [
                        537.3271484375,
                        230.3662109375,
                        0.9482026100158691
                    ],
                    [
                        539.1533203125,
                        230.3662109375,
                        0.8716979622840881
                    ],
                    [
                        528.1962890625,
                        224.8876953125,
                        0.9707907438278198
                    ],
                    [
                        519.0654296875,
                        226.7138671875,
                        0.5317550897598267
                    ],
                    [
                        482.5419921875,
                        358.1982421875,
                        0.5677079558372498
                    ],
                    [
                        477.0634765625,
                        360.0244140625,
                        0.6432988047599792
                    ],
                    [
                        480.7158203125,
                        365.5029296875,
                        0.8590179681777954
                    ],
                    [
                        540.9794921875,
                        339.9365234375,
                        0.32809314131736755
                    ],
                    [
                        551.9365234375,
                        358.1982421875,
                        0.23899957537651062
                    ],
                    [
                        542.8056640625,
                        341.7626953125,
                        0.3597605228424072
                    ]
                ]
            ]
        },
        {
            "person_id": [
                2
            ],
            "pose_keypoints_2d": [
                [
                    [
                        0.0,
                        0.0,
                        0.020545179024338722
                    ],
                    [
                        0.0,
                        0.0,
                        0.02961822971701622
                    ],
                    [
                        0.0,
                        0.0,
                        0.02961822971701622
                    ],
                    [
                        0.0,
                        0.0,
                        0.011905848048627377
                    ],
                    [
                        0.0,
                        0.0,
                        0.007338991388678551
                    ],
                    [
                        0.0,
                        0.0,
                        0.02961822971701622
                    ],
                    [
                        0.0,
                        0.0,
                        0.00895625725388527
                    ],
                    [
                        0.0,
                        0.0,
                        0.007475945632904768
                    ],
                    [
                        0.0,
                        0.0,
                        0.037155795842409134
                    ],
                    [
                        0.0,
                        0.0,
                        0.037155795842409134
                    ],
                    [
                        0.0,
                        0.0,
                        0.02508368343114853
                    ],
                    [
                        0.0,
                        0.0,
                        0.033558908849954605
                    ],
                    [
                        0.0,
                        0.0,
                        0.037155795842409134
                    ],
                    [
                        0.0,
                        0.0,
                        0.025083687156438828
                    ],
                    [
                        0.0,
                        0.0,
                        0.033558908849954605
                    ],
                    [
                        0.0,
                        0.0,
                        0.01924316957592964
                    ],
                    [
                        0.0,
                        0.0,
                        0.01924316957592964
                    ],
                    [
                        0.0,
                        0.0,
                        0.015040154568850994
                    ],
                    [
                        0.0,
                        0.0,
                        0.015040154568850994
                    ],
                    [
                        0.0,
                        0.0,
                        0.019837716594338417
                    ],
                    [
                        0.0,
                        0.0,
                        0.018537156283855438
                    ],
                    [
                        0.0,
                        0.0,
                        0.015998275950551033
                    ],
                    [
                        0.0,
                        0.0,
                        0.01983771286904812
                    ],
                    [
                        0.0,
                        0.0,
                        0.018537156283855438
                    ],
                    [
                        0.0,
                        0.0,
                        0.015998275950551033
                    ]
                ]
            ]
        }
    ]
}