{
    "people": [
        {
            "person_id": [
                1
            ],
            "pose_keypoints_2d": [
                [
                    [
                        536.8154296875,
                        234.5537109375,
                        0.9029606580734253
                    ],
                    [
                        513.5,
                        245.7451171875,
                        0.8907570838928223
                    ],
                    [
                        536.8154296875,
                        245.7451171875,
                        0.8647620677947998
                    ],
                    [
                        555.4677734375,
                        281.1845703125,
                        0.943099856376648
                    ],
                    [
                        555.4677734375,
                        324.0849609375,
                        0.8575904965400696
                    ],
                    [
                        490.1845703125,
                        245.7451171875,
                        0.9167520999908447
                    ],
                    [
                        473.3974609375,
                        284.9150390625,
                        0.9577260613441467
                    ],
                    [
                        495.7802734375,
                        273.7236328125,
                        0.6527312994003296
                    ],
                    [
                        509.76953125,
                        331.5458984375,
                        0.806815505027771
                    ],
                    [
                        525.6240234375,
                        331.5458984375,
                        0.8109081983566284
                    ],
                    [
                        549.8720703125,
                        290.5107421875,
                        0.732313871383667
                    ],
                    [
                        542.4111328125,
                        352.0634765625,
                        0.41715455055236816
                    ],
                    [
                        493.9150390625,
                        331.5458984375,
                        0.8027227520942688
                    ],
                    [
                        478.9931640625,
                        294.2412109375,
                        0.7406764030456543
                    ],
                    [
                        480.8583984375,
                        359.5244140625,
                        0.8526147603988647
                    ],
                    [
                        534.9501953125,
                        228.9580078125,
                        0.9529188275337219
                    ],
                    [
                        536.8154296875,
                        230.8232421875,
                        0.8563549518585205
                    ],
                    [
                        525.6240234375,
                        225.2275390625,
                        0.9779320955276489
                    ],
                    [
                        516.2978515625,
                        227.0927734375,
                        0.523525595664978
                    ],
                    [
                        482.7236328125,
                        357.6591796875,
                        0.6235877871513367
                    ],
                    [
                        477.1279296875,
                        359.5244140625,
                        0.6441937685012817
                    ],
                    [
                        480.8583984375,
                        366.9853515625,
                        0.8350000381469727
                    ],
                    [
                        542.4111328125,
                        342.7373046875,
                        0.43739986419677734
                    ],
                    [
                        549.8720703125,
                        353.9287109375,
                        0.2790399193763733
                    ],
                    [
                        542.4111328125,
                        344.6025390625,
                        0.41683000326156616
                    ]
                ]
            ]
        },
        {
            "person_id": [
                2
            ],
            "pose_keypoints_2d": [
                [
                    [
                        0.0,
                        0.0,
                        0.020545179024338722
                    ],
                    [
                        0.0,
                        0.0,
                        0.02961822971701622
                    ],
                    [
                        0.0,
                        0.0,
                        0.02961822971701622
                    ],
                    [
                        0.0,
                        0.0,
                        0.011905848048627377
                    ],
                    [
                        0.0,
                        0.0,
                        0.007338991388678551
                    ],
                    [
                        0.0,
                        0.0,
                        0.02961822971701622
                    ],
                    [
                        0.0,
                        0.0,
                        0.00895625725388527
                    ],
                    [
                        0.0,
                        0.0,
                        0.007475945632904768
                    ],
                    [
                        0.0,
                        0.0,
                        0.037155795842409134
                    ],
                    [
                        0.0,
                        0.0,
                        0.037155795842409134
                    ],
                    [
                        0.0,
                        0.0,
                        0.025083687156438828
                    ],
                    [
                        0.0,
                        0.0,
                        0.033558908849954605
                    ],
                    [
                        0.0,
                        0.0,
                        0.037155795842409134
                    ],
                    [
                        0.0,
                        0.0,
                        0.025083687156438828
                    ],
                    [
                        0.0,
                        0.0,
                        0.033558908849954605
                    ],
                    [
                        0.0,
                        0.0,
                        0.01924316957592964
                    ],
                    [
                        0.0,
                        0.0,
                        0.01924316957592964
                    ],
                    [
                        0.0,
                        0.0,
                        0.015040154568850994
                    ],
                    [
                        0.0,
                        0.0,
                        0.015040154568850994
                    ],
                    [
                        0.0,
                        0.0,
                        0.01983771286904812
                    ],
                    [
                        0.0,
                        0.0,
                        0.018537156283855438
                    ],
                    [
                        0.0,
                        0.0,
                        0.015998275950551033
                    ],
                    [
                        0.0,
                        0.0,
                        0.01983771286904812
                    ],
                    [
                        0.0,
                        0.0,
                        0.018537156283855438
                    ],
                    [
                        0.0,
                        0.0,
                        0.015998275950551033
                    ]
                ]
            ]
        }
    ]
}