{
    "people": [
        {
            "person_id": [
                1
            ],
            "pose_keypoints_2d": [
                [
                    [
                        527.5146484375,
                        225.4287109375,
                        0.9593684673309326
                    ],
                    [
                        506.494140625,
                        247.4501953125,
                        0.9167177081108093
                    ],
                    [
                        531.5185546875,
                        245.4482421875,
                        0.9229053258895874
                    ],
                    [
                        551.5380859375,
                        285.4873046875,
                        0.9413708448410034
                    ],
                    [
                        555.5419921875,
                        325.5263671875,
                        0.8751652836799622
                    ],
                    [
                        481.4697265625,
                        249.4521484375,
                        0.9105300903320312
                    ],
                    [
                        471.4599609375,
                        285.4873046875,
                        0.966171145439148
                    ],
                    [
                        493.4814453125,
                        279.4814453125,
                        0.5670919418334961
                    ],
                    [
                        510.498046875,
                        334.53515625,
                        0.7939441204071045
                    ],
                    [
                        527.5146484375,
                        335.5361328125,
                        0.8037524223327637
                    ],
                    [
                        547.5341796875,
                        295.4970703125,
                        0.7137123346328735
                    ],
                    [
                        541.5283203125,
                        355.5556640625,
                        0.41891515254974365
                    ],
                    [
                        493.4814453125,
                        333.5341796875,
                        0.7841358780860901
                    ],
                    [
                        477.4658203125,
                        297.4990234375,
                        0.7931433320045471
                    ],
                    [
                        481.4697265625,
                        357.5576171875,
                        0.8929794430732727
                    ],
                    [
                        525.5126953125,
                        219.4228515625,
                        0.9686428308486938
                    ],
                    [
                        525.5126953125,
                        219.4228515625,
                        0.9140125513076782
                    ],
                    [
                        511.4990234375,
                        221.4248046875,
                        0.9451214075088501
                    ],
                    [
                        507.4951171875,
                        221.4248046875,
                        0.5338273048400879
                    ],
                    [
                        481.4697265625,
                        355.5556640625,
                        0.559989333152771
                    ],
                    [
                        477.4658203125,
                        361.5615234375,
                        0.62666916847229
                    ],
                    [
                        481.4697265625,
                        365.5654296875,
                        0.8622608780860901
                    ],
                    [
                        543.5302734375,
                        351.5517578125,
                        0.3312952518463135
                    ],
                    [
                        549.5361328125,
                        351.5517578125,
                        0.26126378774642944
                    ],
                    [
                        543.5302734375,
                        357.5576171875,
                        0.3822683095932007
                    ]
                ]
            ]
        },
        {
            "person_id": [
                2
            ],
            "pose_keypoints_2d": [
                [
                    [
                        0.0,
                        0.0,
                        0.020545179024338722
                    ],
                    [
                        0.0,
                        0.0,
                        0.02961822971701622
                    ],
                    [
                        0.0,
                        0.0,
                        0.02961822971701622
                    ],
                    [
                        0.0,
                        0.0,
                        0.011905848048627377
                    ],
                    [
                        0.0,
                        0.0,
                        0.007338991388678551
                    ],
                    [
                        0.0,
                        0.0,
                        0.02961822971701622
                    ],
                    [
                        0.0,
                        0.0,
                        0.00895625725388527
                    ],
                    [
                        0.0,
                        0.0,
                        0.007475945632904768
                    ],
                    [
                        0.0,
                        0.0,
                        0.037155795842409134
                    ],
                    [
                        0.0,
                        0.0,
                        0.037155795842409134
                    ],
                    [
                        0.0,
                        0.0,
                        0.02508368343114853
                    ],
                    [
                        0.0,
                        0.0,
                        0.033558908849954605
                    ],
                    [
                        0.0,
                        0.0,
                        0.037155795842409134
                    ],
                    [
                        0.0,
                        0.0,
                        0.02508368343114853
                    ],
                    [
                        0.0,
                        0.0,
                        0.03355890512466431
                    ],
                    [
                        0.0,
                        0.0,
                        0.01924316957592964
                    ],
                    [
                        0.0,
                        0.0,
                        0.01924316957592964
                    ],
                    [
                        0.0,
                        0.0,
                        0.015040154568850994
                    ],
                    [
                        0.0,
                        0.0,
                        0.015040154568850994
                    ],
                    [
                        0.0,
                        0.0,
                        0.019837716594338417
                    ],
                    [
                        0.0,
                        0.0,
                        0.018537156283855438
                    ],
                    [
                        0.0,
                        0.0,
                        0.015998275950551033
                    ],
                    [
                        0.0,
                        0.0,
                        0.01983771286904812
                    ],
                    [
                        0.0,
                        0.0,
                        0.018537156283855438
                    ],
                    [
                        0.0,
                        0.0,
                        0.015998275950551033
                    ]
                ]
            ]
        }
    ]
}