{
    "people": [
        {
            "person_id": [
                1
            ],
            "pose_keypoints_2d": [
                [
                    [
                        523.5087890625,
                        221.4287109375,
                        0.9338803291320801
                    ],
                    [
                        503.4892578125,
                        250.45703125,
                        0.8843367099761963
                    ],
                    [
                        527.5126953125,
                        247.4541015625,
                        0.8534489870071411
                    ],
                    [
                        545.5302734375,
                        291.4970703125,
                        0.8475199937820435
                    ],
                    [
                        555.5400390625,
                        327.5322265625,
                        0.8781858682632446
                    ],
                    [
                        479.4658203125,
                        253.4599609375,
                        0.9152244925498962
                    ],
                    [
                        473.4599609375,
                        283.4892578125,
                        0.9482852220535278
                    ],
                    [
                        495.4814453125,
                        277.4833984375,
                        0.45298394560813904
                    ],
                    [
                        511.4970703125,
                        337.5419921875,
                        0.822593092918396
                    ],
                    [
                        527.5126953125,
                        337.5419921875,
                        0.8347269296646118
                    ],
                    [
                        555.5400390625,
                        293.4990234375,
                        0.9474378824234009
                    ],
                    [
                        543.5283203125,
                        353.5576171875,
                        0.372646301984787
                    ],
                    [
                        495.4814453125,
                        337.5419921875,
                        0.8104592561721802
                    ],
                    [
                        477.4638671875,
                        299.5048828125,
                        0.8619730472564697
                    ],
                    [
                        481.4677734375,
                        357.5615234375,
                        0.8736317157745361
                    ],
                    [
                        519.5048828125,
                        217.4248046875,
                        0.9256292581558228
                    ],
                    [
                        521.5068359375,
                        217.4248046875,
                        0.9043796062469482
                    ],
                    [
                        507.4931640625,
                        219.4267578125,
                        0.9520949125289917
                    ],
                    [
                        503.4892578125,
                        221.4287109375,
                        0.5543431639671326
                    ],
                    [
                        479.4658203125,
                        357.5615234375,
                        0.5558643937110901
                    ],
                    [
                        475.4619140625,
                        359.5634765625,
                        0.619671642780304
                    ],
                    [
                        481.4677734375,
                        365.5693359375,
                        0.8358964323997498
                    ],
                    [
                        541.5263671875,
                        347.5517578125,
                        0.3852195143699646
                    ],
                    [
                        551.5361328125,
                        355.5595703125,
                        0.295939177274704
                    ],
                    [
                        543.5283203125,
                        355.5595703125,
                        0.4141652584075928
                    ]
                ]
            ]
        },
        {
            "person_id": [
                2
            ],
            "pose_keypoints_2d": [
                [
                    [
                        0.0,
                        0.0,
                        0.020545179024338722
                    ],
                    [
                        0.0,
                        0.0,
                        0.02961822971701622
                    ],
                    [
                        0.0,
                        0.0,
                        0.02961822971701622
                    ],
                    [
                        0.0,
                        0.0,
                        0.011905848048627377
                    ],
                    [
                        0.0,
                        0.0,
                        0.007338991388678551
                    ],
                    [
                        0.0,
                        0.0,
                        0.02961822971701622
                    ],
                    [
                        0.0,
                        0.0,
                        0.00895625725388527
                    ],
                    [
                        0.0,
                        0.0,
                        0.007475945632904768
                    ],
                    [
                        0.0,
                        0.0,
                        0.037155795842409134
                    ],
                    [
                        0.0,
                        0.0,
                        0.037155795842409134
                    ],
                    [
                        0.0,
                        0.0,
                        0.025083687156438828
                    ],
                    [
                        0.0,
                        0.0,
                        0.033558908849954605
                    ],
                    [
                        0.0,
                        0.0,
                        0.037155795842409134
                    ],
                    [
                        0.0,
                        0.0,
                        0.02508368343114853
                    ],
                    [
                        0.0,
                        0.0,
                        0.033558908849954605
                    ],
                    [
                        0.0,
                        0.0,
                        0.01924316957592964
                    ],
                    [
                        0.0,
                        0.0,
                        0.01924316957592964
                    ],
                    [
                        0.0,
                        0.0,
                        0.015040154568850994
                    ],
                    [
                        0.0,
                        0.0,
                        0.015040154568850994
                    ],
                    [
                        0.0,
                        0.0,
                        0.01983771286904812
                    ],
                    [
                        0.0,
                        0.0,
                        0.018537156283855438
                    ],
                    [
                        0.0,
                        0.0,
                        0.015998275950551033
                    ],
                    [
                        0.0,
                        0.0,
                        0.01983771286904812
                    ],
                    [
                        0.0,
                        0.0,
                        0.018537156283855438
                    ],
                    [
                        0.0,
                        0.0,
                        0.015998275950551033
                    ]
                ]
            ]
        }
    ]
}