{
    "people": [
        {
            "person_id": [
                1
            ],
            "pose_keypoints_2d": [
                [
                    [
                        520.8857421875,
                        217.1767578125,
                        0.9581724405288696
                    ],
                    [
                        506.017578125,
                        247.904296875,
                        0.8992893099784851
                    ],
                    [
                        530.7978515625,
                        244.9306640625,
                        0.9033573865890503
                    ],
                    [
                        570.4462890625,
                        272.6845703125,
                        0.962917149066925
                    ],
                    [
                        552.6044921875,
                        288.5439453125,
                        0.9249857664108276
                    ],
                    [
                        481.2373046875,
                        250.8779296875,
                        0.8952212333679199
                    ],
                    [
                        445.5537109375,
                        268.7197265625,
                        0.9510466456413269
                    ],
                    [
                        479.2548828125,
                        278.6318359375,
                        0.8468364477157593
                    ],
                    [
                        512.9560546875,
                        338.1044921875,
                        0.7955825328826904
                    ],
                    [
                        528.8154296875,
                        338.1044921875,
                        0.7900531888008118
                    ],
                    [
                        554.5869140625,
                        296.4736328125,
                        0.8878055810928345
                    ],
                    [
                        538.7275390625,
                        353.9638671875,
                        0.7518855333328247
                    ],
                    [
                        497.0966796875,
                        338.1044921875,
                        0.8011118173599243
                    ],
                    [
                        481.2373046875,
                        292.5087890625,
                        0.9300848245620728
                    ],
                    [
                        481.2373046875,
                        357.9287109375,
                        0.8893344402313232
                    ],
                    [
                        516.9208984375,
                        213.2119140625,
                        0.9441199898719788
                    ],
                    [
                        518.9033203125,
                        213.2119140625,
                        0.9401478171348572
                    ],
                    [
                        507.0087890625,
                        221.1416015625,
                        0.9584074020385742
                    ],
                    [
                        505.0263671875,
                        223.1240234375,
                        0.5148780941963196
                    ],
                    [
                        485.2021484375,
                        355.9462890625,
                        0.610062837600708
                    ],
                    [
                        477.2724609375,
                        359.9111328125,
                        0.6101760864257812
                    ],
                    [
                        481.2373046875,
                        365.8583984375,
                        0.8898673057556152
                    ],
                    [
                        548.6396484375,
                        355.9462890625,
                        0.6562378406524658
                    ],
                    [
                        548.6396484375,
                        357.9287109375,
                        0.760099470615387
                    ],
                    [
                        538.7275390625,
                        361.8935546875,
                        0.5219810009002686
                    ]
                ]
            ]
        },
        {
            "person_id": [
                2
            ],
            "pose_keypoints_2d": [
                [
                    [
                        0.0,
                        0.0,
                        0.020518917590379715
                    ],
                    [
                        0.0,
                        0.0,
                        0.029968533664941788
                    ],
                    [
                        0.0,
                        0.0,
                        0.029968533664941788
                    ],
                    [
                        0.0,
                        0.0,
                        0.012063602916896343
                    ],
                    [
                        0.0,
                        0.0,
                        0.007581429556012154
                    ],
                    [
                        0.0,
                        0.0,
                        0.029968533664941788
                    ],
                    [
                        0.0,
                        0.0,
                        0.009143783710896969
                    ],
                    [
                        0.0,
                        0.0,
                        0.0075843557715415955
                    ],
                    [
                        0.0,
                        0.0,
                        0.037558868527412415
                    ],
                    [
                        0.0,
                        0.0,
                        0.037558868527412415
                    ],
                    [
                        0.0,
                        0.0,
                        0.02542298287153244
                    ],
                    [
                        0.0,
                        0.0,
                        0.034213125705718994
                    ],
                    [
                        0.0,
                        0.0,
                        0.037558868527412415
                    ],
                    [
                        0.0,
                        0.0,
                        0.02542298100888729
                    ],
                    [
                        0.0,
                        0.0,
                        0.034213125705718994
                    ],
                    [
                        0.0,
                        0.0,
                        0.0192213524132967
                    ],
                    [
                        0.0,
                        0.0,
                        0.01922135055065155
                    ],
                    [
                        0.0,
                        0.0,
                        0.015117987990379333
                    ],
                    [
                        0.0,
                        0.0,
                        0.015117987990379333
                    ],
                    [
                        0.0,
                        0.0,
                        0.02062181383371353
                    ],
                    [
                        0.0,
                        0.0,
                        0.018430981785058975
                    ],
                    [
                        0.0,
                        0.0,
                        0.01670534908771515
                    ],
                    [
                        0.0,
                        0.0,
                        0.02062181755900383
                    ],
                    [
                        0.0,
                        0.0,
                        0.018430981785058975
                    ],
                    [
                        0.0,
                        0.0,
                        0.01670534908771515
                    ]
                ]
            ]
        }
    ]
}