{
    "people": [
        {
            "person_id": [
                1
            ],
            "pose_keypoints_2d": [
                [
                    [
                        520.00390625,
                        221.28515625,
                        0.9701789617538452
                    ],
                    [
                        501.078125,
                        253.16015625,
                        0.9199614524841309
                    ],
                    [
                        523.98828125,
                        251.16796875,
                        0.9077885150909424
                    ],
                    [
                        541.91796875,
                        294.99609375,
                        0.8935987949371338
                    ],
                    [
                        563.83203125,
                        312.92578125,
                        0.8321648836135864
                    ],
                    [
                        478.16796875,
                        255.15234375,
                        0.9321343898773193
                    ],
                    [
                        482.15234375,
                        291.01171875,
                        0.8037182688713074
                    ],
                    [
                        508.05078125,
                        296.98828125,
                        0.3466806411743164
                    ],
                    [
                        511.0390625,
                        338.82421875,
                        0.7649890780448914
                    ],
                    [
                        525.98046875,
                        338.82421875,
                        0.7486820220947266
                    ],
                    [
                        557.85546875,
                        294.99609375,
                        0.942028284072876
                    ],
                    [
                        539.92578125,
                        354.76171875,
                        0.7378945350646973
                    ],
                    [
                        496.09765625,
                        338.82421875,
                        0.7812961339950562
                    ],
                    [
                        480.16015625,
                        298.98046875,
                        0.9281178712844849
                    ],
                    [
                        480.16015625,
                        358.74609375,
                        0.8706550598144531
                    ],
                    [
                        516.01953125,
                        215.30859375,
                        0.929276704788208
                    ],
                    [
                        518.01171875,
                        215.30859375,
                        0.9383385181427002
                    ],
                    [
                        502.07421875,
                        221.28515625,
                        0.9725111722946167
                    ],
                    [
                        502.07421875,
                        223.27734375,
                        0.5553830862045288
                    ],
                    [
                        482.15234375,
                        356.75390625,
                        0.5870487689971924
                    ],
                    [
                        478.16796875,
                        360.73828125,
                        0.6353322863578796
                    ],
                    [
                        482.15234375,
                        366.71484375,
                        0.9315618276596069
                    ],
                    [
                        547.89453125,
                        356.75390625,
                        0.5487895011901855
                    ],
                    [
                        547.89453125,
                        356.75390625,
                        0.6186287999153137
                    ],
                    [
                        537.93359375,
                        360.73828125,
                        0.48799192905426025
                    ]
                ]
            ]
        },
        {
            "person_id": [
                2
            ],
            "pose_keypoints_2d": [
                [
                    [
                        0.0,
                        0.0,
                        0.020545179024338722
                    ],
                    [
                        0.0,
                        0.0,
                        0.02961822971701622
                    ],
                    [
                        0.0,
                        0.0,
                        0.02961822971701622
                    ],
                    [
                        0.0,
                        0.0,
                        0.011905848048627377
                    ],
                    [
                        0.0,
                        0.0,
                        0.007338991388678551
                    ],
                    [
                        0.0,
                        0.0,
                        0.02961822971701622
                    ],
                    [
                        0.0,
                        0.0,
                        0.00895625725388527
                    ],
                    [
                        0.0,
                        0.0,
                        0.007475945632904768
                    ],
                    [
                        0.0,
                        0.0,
                        0.037155795842409134
                    ],
                    [
                        0.0,
                        0.0,
                        0.037155795842409134
                    ],
                    [
                        0.0,
                        0.0,
                        0.025083687156438828
                    ],
                    [
                        0.0,
                        0.0,
                        0.033558908849954605
                    ],
                    [
                        0.0,
                        0.0,
                        0.037155795842409134
                    ],
                    [
                        0.0,
                        0.0,
                        0.025083687156438828
                    ],
                    [
                        0.0,
                        0.0,
                        0.033558908849954605
                    ],
                    [
                        0.0,
                        0.0,
                        0.01924316957592964
                    ],
                    [
                        0.0,
                        0.0,
                        0.01924316957592964
                    ],
                    [
                        0.0,
                        0.0,
                        0.015040154568850994
                    ],
                    [
                        0.0,
                        0.0,
                        0.015040154568850994
                    ],
                    [
                        0.0,
                        0.0,
                        0.01983771286904812
                    ],
                    [
                        0.0,
                        0.0,
                        0.018537156283855438
                    ],
                    [
                        0.0,
                        0.0,
                        0.015998275950551033
                    ],
                    [
                        0.0,
                        0.0,
                        0.01983771286904812
                    ],
                    [
                        0.0,
                        0.0,
                        0.018537156283855438
                    ],
                    [
                        0.0,
                        0.0,
                        0.015998275950551033
                    ]
                ]
            ]
        }
    ]
}