{
    "people": [
        {
            "person_id": [
                1
            ],
            "pose_keypoints_2d": [
                [
                    [
                        529.3505859375,
                        227.1416015625,
                        0.9507845640182495
                    ],
                    [
                        508.53515625,
                        245.974609375,
                        0.9086300134658813
                    ],
                    [
                        533.3154296875,
                        244.9833984375,
                        0.902045726776123
                    ],
                    [
                        553.1396484375,
                        284.6318359375,
                        0.9595503807067871
                    ],
                    [
                        555.1220703125,
                        324.2802734375,
                        0.8794399499893188
                    ],
                    [
                        483.7548828125,
                        246.9658203125,
                        0.9152143597602844
                    ],
                    [
                        471.8603515625,
                        286.6142578125,
                        0.9231566786766052
                    ],
                    [
                        493.6669921875,
                        278.6845703125,
                        0.6009319424629211
                    ],
                    [
                        509.5263671875,
                        333.201171875,
                        0.7841062545776367
                    ],
                    [
                        525.3857421875,
                        334.1923828125,
                        0.7684917449951172
                    ],
                    [
                        549.1748046875,
                        292.5615234375,
                        0.7695931196212769
                    ],
                    [
                        541.2451171875,
                        352.0341796875,
                        0.39286768436431885
                    ],
                    [
                        493.6669921875,
                        332.2099609375,
                        0.7997207641601562
                    ],
                    [
                        477.8076171875,
                        296.5263671875,
                        0.8137016296386719
                    ],
                    [
                        479.7900390625,
                        357.9814453125,
                        0.8884770274162292
                    ],
                    [
                        527.3681640625,
                        221.1943359375,
                        0.937726616859436
                    ],
                    [
                        529.3505859375,
                        223.1767578125,
                        0.9149140119552612
                    ],
                    [
                        515.4736328125,
                        221.1943359375,
                        0.9506400227546692
                    ],
                    [
                        507.5439453125,
                        223.1767578125,
                        0.5651019811630249
                    ],
                    [
                        481.7724609375,
                        355.9990234375,
                        0.5899530649185181
                    ],
                    [
                        475.8251953125,
                        359.9638671875,
                        0.6414667963981628
                    ],
                    [
                        479.7900390625,
                        365.9111328125,
                        0.8542442321777344
                    ],
                    [
                        545.2099609375,
                        350.0517578125,
                        0.3412790894508362
                    ],
                    [
                        549.1748046875,
                        352.0341796875,
                        0.2378544807434082
                    ],
                    [
                        541.2451171875,
                        344.1044921875,
                        0.3809916377067566
                    ]
                ]
            ]
        },
        {
            "person_id": [
                2
            ],
            "pose_keypoints_2d": [
                [
                    [
                        0.0,
                        0.0,
                        0.020545179024338722
                    ],
                    [
                        0.0,
                        0.0,
                        0.02961822971701622
                    ],
                    [
                        0.0,
                        0.0,
                        0.02961822971701622
                    ],
                    [
                        0.0,
                        0.0,
                        0.011905848048627377
                    ],
                    [
                        0.0,
                        0.0,
                        0.007338991388678551
                    ],
                    [
                        0.0,
                        0.0,
                        0.02961822971701622
                    ],
                    [
                        0.0,
                        0.0,
                        0.00895625725388527
                    ],
                    [
                        0.0,
                        0.0,
                        0.007475945632904768
                    ],
                    [
                        0.0,
                        0.0,
                        0.037155795842409134
                    ],
                    [
                        0.0,
                        0.0,
                        0.037155795842409134
                    ],
                    [
                        0.0,
                        0.0,
                        0.025083687156438828
                    ],
                    [
                        0.0,
                        0.0,
                        0.03355890512466431
                    ],
                    [
                        0.0,
                        0.0,
                        0.037155795842409134
                    ],
                    [
                        0.0,
                        0.0,
                        0.02508368343114853
                    ],
                    [
                        0.0,
                        0.0,
                        0.03355890512466431
                    ],
                    [
                        0.0,
                        0.0,
                        0.01924316957592964
                    ],
                    [
                        0.0,
                        0.0,
                        0.019243167713284492
                    ],
                    [
                        0.0,
                        0.0,
                        0.015040154568850994
                    ],
                    [
                        0.0,
                        0.0,
                        0.015040154568850994
                    ],
                    [
                        0.0,
                        0.0,
                        0.01983771286904812
                    ],
                    [
                        0.0,
                        0.0,
                        0.018537156283855438
                    ],
                    [
                        0.0,
                        0.0,
                        0.015998275950551033
                    ],
                    [
                        0.0,
                        0.0,
                        0.01983771286904812
                    ],
                    [
                        0.0,
                        0.0,
                        0.018537156283855438
                    ],
                    [
                        0.0,
                        0.0,
                        0.015998275950551033
                    ]
                ]
            ]
        }
    ]
}