{
    "people": [
        {
            "person_id": [
                1
            ],
            "pose_keypoints_2d": [
                [
                    [
                        520.4033203125,
                        219.1591796875,
                        0.9847764372825623
                    ],
                    [
                        505.53515625,
                        251.869140625,
                        0.9039539098739624
                    ],
                    [
                        530.3154296875,
                        248.8955078125,
                        0.9136531949043274
                    ],
                    [
                        562.0341796875,
                        280.6142578125,
                        0.9108007550239563
                    ],
                    [
                        550.1396484375,
                        290.5263671875,
                        0.8958375453948975
                    ],
                    [
                        480.7548828125,
                        254.8427734375,
                        0.8942546844482422
                    ],
                    [
                        456.9658203125,
                        276.6494140625,
                        0.9864779114723206
                    ],
                    [
                        482.7373046875,
                        278.6318359375,
                        0.7683212757110596
                    ],
                    [
                        511.482421875,
                        338.1044921875,
                        0.7885993719100952
                    ],
                    [
                        526.3505859375,
                        338.1044921875,
                        0.7769266963005066
                    ],
                    [
                        556.0869140625,
                        294.4912109375,
                        0.8030684590339661
                    ],
                    [
                        540.2275390625,
                        353.9638671875,
                        0.773624062538147
                    ],
                    [
                        496.6142578125,
                        338.1044921875,
                        0.8002719879150391
                    ],
                    [
                        480.7548828125,
                        292.5087890625,
                        0.8571016192436218
                    ],
                    [
                        480.7548828125,
                        357.9287109375,
                        0.8824397325515747
                    ],
                    [
                        516.4384765625,
                        215.1943359375,
                        0.9376522898674011
                    ],
                    [
                        518.4208984375,
                        213.2119140625,
                        0.9403154850006104
                    ],
                    [
                        504.5439453125,
                        221.1416015625,
                        0.9599586725234985
                    ],
                    [
                        504.5439453125,
                        223.1240234375,
                        0.4959264099597931
                    ],
                    [
                        482.7373046875,
                        355.9462890625,
                        0.6078839302062988
                    ],
                    [
                        476.7900390625,
                        357.9287109375,
                        0.6426440477371216
                    ],
                    [
                        480.7548828125,
                        365.8583984375,
                        0.8841565847396851
                    ],
                    [
                        550.1396484375,
                        355.9462890625,
                        0.7001239061355591
                    ],
                    [
                        550.1396484375,
                        357.9287109375,
                        0.8120720386505127
                    ],
                    [
                        538.2451171875,
                        361.8935546875,
                        0.5569124817848206
                    ]
                ]
            ]
        },
        {
            "person_id": [
                2
            ],
            "pose_keypoints_2d": [
                [
                    [
                        0.0,
                        0.0,
                        0.020518917590379715
                    ],
                    [
                        0.0,
                        0.0,
                        0.029968533664941788
                    ],
                    [
                        0.0,
                        0.0,
                        0.029968533664941788
                    ],
                    [
                        0.0,
                        0.0,
                        0.012063602916896343
                    ],
                    [
                        0.0,
                        0.0,
                        0.007581430021673441
                    ],
                    [
                        0.0,
                        0.0,
                        0.029968533664941788
                    ],
                    [
                        0.0,
                        0.0,
                        0.009143783710896969
                    ],
                    [
                        0.0,
                        0.0,
                        0.0075843557715415955
                    ],
                    [
                        0.0,
                        0.0,
                        0.037558868527412415
                    ],
                    [
                        0.0,
                        0.0,
                        0.037558868527412415
                    ],
                    [
                        0.0,
                        0.0,
                        0.02542298100888729
                    ],
                    [
                        0.0,
                        0.0,
                        0.034213125705718994
                    ],
                    [
                        0.0,
                        0.0,
                        0.037558868527412415
                    ],
                    [
                        0.0,
                        0.0,
                        0.02542298100888729
                    ],
                    [
                        0.0,
                        0.0,
                        0.034213125705718994
                    ],
                    [
                        0.0,
                        0.0,
                        0.0192213524132967
                    ],
                    [
                        0.0,
                        0.0,
                        0.0192213524132967
                    ],
                    [
                        0.0,
                        0.0,
                        0.015117987990379333
                    ],
                    [
                        0.0,
                        0.0,
                        0.015117987990379333
                    ],
                    [
                        0.0,
                        0.0,
                        0.02062181383371353
                    ],
                    [
                        0.0,
                        0.0,
                        0.018430981785058975
                    ],
                    [
                        0.0,
                        0.0,
                        0.01670534908771515
                    ],
                    [
                        0.0,
                        0.0,
                        0.02062181755900383
                    ],
                    [
                        0.0,
                        0.0,
                        0.018430981785058975
                    ],
                    [
                        0.0,
                        0.0,
                        0.01670534908771515
                    ]
                ]
            ]
        }
    ]
}