{
    "people": [
        {
            "person_id": [
                1
            ],
            "pose_keypoints_2d": [
                [
                    [
                        528.6865234375,
                        223.2802734375,
                        0.9610360860824585
                    ],
                    [
                        509.6435546875,
                        244.2275390625,
                        0.8854228258132935
                    ],
                    [
                        534.3994140625,
                        240.4189453125,
                        0.8797712326049805
                    ],
                    [
                        572.4853515625,
                        261.3662109375,
                        0.9812082052230835
                    ],
                    [
                        553.4423828125,
                        286.1220703125,
                        0.9076671600341797
                    ],
                    [
                        484.8876953125,
                        248.0361328125,
                        0.8910744190216064
                    ],
                    [
                        452.5146484375,
                        253.7490234375,
                        1.0143332481384277
                    ],
                    [
                        473.4619140625,
                        282.3134765625,
                        0.8802210092544556
                    ],
                    [
                        511.5478515625,
                        334.681640625,
                        0.7804323434829712
                    ],
                    [
                        526.7822265625,
                        335.6337890625,
                        0.7808321714401245
                    ],
                    [
                        551.5380859375,
                        295.6435546875,
                        0.9782862067222595
                    ],
                    [
                        540.1123046875,
                        352.7724609375,
                        0.7440128326416016
                    ],
                    [
                        496.3134765625,
                        333.7294921875,
                        0.7800324559211731
                    ],
                    [
                        481.0791015625,
                        293.7392578125,
                        0.8455070853233337
                    ],
                    [
                        481.0791015625,
                        358.4853515625,
                        0.8825646638870239
                    ],
                    [
                        522.9736328125,
                        219.4716796875,
                        0.9580292701721191
                    ],
                    [
                        526.7822265625,
                        219.4716796875,
                        0.9072948694229126
                    ],
                    [
                        515.3564453125,
                        225.1845703125,
                        0.9494174718856812
                    ],
                    [
                        505.8349609375,
                        227.0888671875,
                        0.5648218393325806
                    ],
                    [
                        481.0791015625,
                        356.5810546875,
                        0.5805872678756714
                    ],
                    [
                        477.2705078125,
                        360.3896484375,
                        0.6351885199546814
                    ],
                    [
                        481.0791015625,
                        366.1025390625,
                        0.8444353938102722
                    ],
                    [
                        549.6337890625,
                        354.6767578125,
                        0.4380767345428467
                    ],
                    [
                        549.6337890625,
                        356.5810546875,
                        0.5936232209205627
                    ],
                    [
                        540.1123046875,
                        360.3896484375,
                        0.5651066303253174
                    ]
                ]
            ]
        },
        {
            "person_id": [
                2
            ],
            "pose_keypoints_2d": [
                [
                    [
                        0.0,
                        0.0,
                        0.020518917590379715
                    ],
                    [
                        0.0,
                        0.0,
                        0.029968533664941788
                    ],
                    [
                        0.0,
                        0.0,
                        0.029968533664941788
                    ],
                    [
                        0.0,
                        0.0,
                        0.012063602916896343
                    ],
                    [
                        0.0,
                        0.0,
                        0.007581429090350866
                    ],
                    [
                        0.0,
                        0.0,
                        0.029968533664941788
                    ],
                    [
                        0.0,
                        0.0,
                        0.009143783710896969
                    ],
                    [
                        0.0,
                        0.0,
                        0.0075843557715415955
                    ],
                    [
                        0.0,
                        0.0,
                        0.037558868527412415
                    ],
                    [
                        0.0,
                        0.0,
                        0.037558868527412415
                    ],
                    [
                        0.0,
                        0.0,
                        0.02542298100888729
                    ],
                    [
                        0.0,
                        0.0,
                        0.034213125705718994
                    ],
                    [
                        0.0,
                        0.0,
                        0.037558868527412415
                    ],
                    [
                        0.0,
                        0.0,
                        0.02542298100888729
                    ],
                    [
                        0.0,
                        0.0,
                        0.034213125705718994
                    ],
                    [
                        0.0,
                        0.0,
                        0.01922135055065155
                    ],
                    [
                        0.0,
                        0.0,
                        0.01922135055065155
                    ],
                    [
                        0.0,
                        0.0,
                        0.015117987990379333
                    ],
                    [
                        0.0,
                        0.0,
                        0.015117987990379333
                    ],
                    [
                        0.0,
                        0.0,
                        0.02062181383371353
                    ],
                    [
                        0.0,
                        0.0,
                        0.018430981785058975
                    ],
                    [
                        0.0,
                        0.0,
                        0.01670534908771515
                    ],
                    [
                        0.0,
                        0.0,
                        0.02062181383371353
                    ],
                    [
                        0.0,
                        0.0,
                        0.018430981785058975
                    ],
                    [
                        0.0,
                        0.0,
                        0.01670534908771515
                    ]
                ]
            ]
        }
    ]
}