{
    "people": [
        {
            "person_id": [
                1
            ],
            "pose_keypoints_2d": [
                [
                    [
                        606.81640625,
                        109.84765625,
                        0.9800575971603394
                    ],
                    [
                        597.55859375,
                        146.87890625,
                        0.9141517877578735
                    ],
                    [
                        572.87109375,
                        143.79296875,
                        0.9185686111450195
                    ],
                    [
                        545.09765625,
                        183.91015625,
                        0.9521692991256714
                    ],
                    [
                        529.66796875,
                        224.02734375,
                        0.8952599167823792
                    ],
                    [
                        622.24609375,
                        149.96484375,
                        0.9097350239753723
                    ],
                    [
                        628.41796875,
                        196.25390625,
                        0.9408624172210693
                    ],
                    [
                        631.50390625,
                        239.45703125,
                        0.8807664513587952
                    ],
                    [
                        589.84375,
                        230.19921875,
                        0.8503650426864624
                    ],
                    [
                        575.95703125,
                        230.19921875,
                        0.858329176902771
                    ],
                    [
                        585.21484375,
                        295.00390625,
                        0.9037474393844604
                    ],
                    [
                        554.35546875,
                        338.20703125,
                        0.9162064790725708
                    ],
                    [
                        603.73046875,
                        230.19921875,
                        0.8424009084701538
                    ],
                    [
                        603.73046875,
                        295.00390625,
                        0.8922033309936523
                    ],
                    [
                        597.55859375,
                        353.63671875,
                        0.9203072190284729
                    ],
                    [
                        600.64453125,
                        106.76171875,
                        0.9899154901504517
                    ],
                    [
                        612.98828125,
                        103.67578125,
                        0.987571120262146
                    ],
                    [
                        591.38671875,
                        112.93359375,
                        0.9118899703025818
                    ],
                    [
                        619.16015625,
                        112.93359375,
                        0.898438036441803
                    ],
                    [
                        612.98828125,
                        369.06640625,
                        0.7863277196884155
                    ],
                    [
                        612.98828125,
                        365.98046875,
                        0.8809223771095276
                    ],
                    [
                        591.38671875,
                        359.80859375,
                        0.879012942314148
                    ],
                    [
                        572.87109375,
                        359.80859375,
                        0.9345470070838928
                    ],
                    [
                        563.61328125,
                        359.80859375,
                        0.882522463798523
                    ],
                    [
                        551.26953125,
                        341.29296875,
                        0.7963145971298218
                    ]
                ]
            ]
        },
        {
            "person_id": [
                2
            ],
            "pose_keypoints_2d": [
                [
                    [
                        0.0,
                        0.0,
                        0.02054770663380623
                    ],
                    [
                        0.0,
                        0.0,
                        0.029505658894777298
                    ],
                    [
                        0.0,
                        0.0,
                        0.029505658894777298
                    ],
                    [
                        0.0,
                        0.0,
                        0.011846141889691353
                    ],
                    [
                        0.0,
                        0.0,
                        0.007285086438059807
                    ],
                    [
                        0.0,
                        0.0,
                        0.029505658894777298
                    ],
                    [
                        0.0,
                        0.0,
                        0.008914992213249207
                    ],
                    [
                        0.0,
                        0.0,
                        0.007436390966176987
                    ],
                    [
                        0.0,
                        0.0,
                        0.03699507564306259
                    ],
                    [
                        0.0,
                        0.0,
                        0.03699507564306259
                    ],
                    [
                        0.0,
                        0.0,
                        0.024959975853562355
                    ],
                    [
                        0.0,
                        0.0,
                        0.0333336777985096
                    ],
                    [
                        0.0,
                        0.0,
                        0.03699507564306259
                    ],
                    [
                        0.0,
                        0.0,
                        0.024959975853562355
                    ],
                    [
                        0.0,
                        0.0,
                        0.0333336777985096
                    ],
                    [
                        0.0,
                        0.0,
                        0.019245000556111336
                    ],
                    [
                        0.0,
                        0.0,
                        0.019245000556111336
                    ],
                    [
                        0.0,
                        0.0,
                        0.014994420111179352
                    ],
                    [
                        0.0,
                        0.0,
                        0.01499442383646965
                    ],
                    [
                        0.0,
                        0.0,
                        0.019587840884923935
                    ],
                    [
                        0.0,
                        0.0,
                        0.01856718212366104
                    ],
                    [
                        0.0,
                        0.0,
                        0.015759753063321114
                    ],
                    [
                        0.0,
                        0.0,
                        0.019587840884923935
                    ],
                    [
                        0.0,
                        0.0,
                        0.01856718212366104
                    ],
                    [
                        0.0,
                        0.0,
                        0.015759753063321114
                    ]
                ]
            ]
        }
    ]
}