{
    "people": [
        {
            "person_id": [
                1
            ],
            "pose_keypoints_2d": [
                [
                    [
                        555.4306640625,
                        186.4501953125,
                        0.9288414716720581
                    ],
                    [
                        535.7578125,
                        203.80859375,
                        0.904090404510498
                    ],
                    [
                        555.4306640625,
                        204.9658203125,
                        0.918603777885437
                    ],
                    [
                        573.9462890625,
                        246.6259765625,
                        1.0137841701507568
                    ],
                    [
                        555.4306640625,
                        279.0283203125,
                        0.9373674392700195
                    ],
                    [
                        516.0849609375,
                        202.6513671875,
                        0.8895770311355591
                    ],
                    [
                        485.9970703125,
                        239.6826171875,
                        0.8738542795181274
                    ],
                    [
                        483.6826171875,
                        265.1416015625,
                        0.6461738348007202
                    ],
                    [
                        503.35546875,
                        274.3994140625,
                        0.8501376509666443
                    ],
                    [
                        518.3994140625,
                        274.3994140625,
                        0.8619269132614136
                    ],
                    [
                        548.4873046875,
                        297.5439453125,
                        0.9131248593330383
                    ],
                    [
                        539.2294921875,
                        353.0908203125,
                        0.8523140549659729
                    ],
                    [
                        488.3115234375,
                        274.3994140625,
                        0.838348388671875
                    ],
                    [
                        485.9970703125,
                        299.8583984375,
                        0.8653934001922607
                    ],
                    [
                        481.3681640625,
                        357.7197265625,
                        0.8799152374267578
                    ],
                    [
                        550.8017578125,
                        181.8212890625,
                        0.9083627462387085
                    ],
                    [
                        553.1162109375,
                        181.8212890625,
                        0.9136142730712891
                    ],
                    [
                        543.8583984375,
                        184.1357421875,
                        0.9153779149055481
                    ],
                    [
                        532.2861328125,
                        186.4501953125,
                        0.7277063131332397
                    ],
                    [
                        488.3115234375,
                        357.7197265625,
                        0.6824475526809692
                    ],
                    [
                        479.0537109375,
                        357.7197265625,
                        0.6855337619781494
                    ],
                    [
                        481.3681640625,
                        366.9775390625,
                        0.9136312007904053
                    ],
                    [
                        548.4873046875,
                        353.0908203125,
                        0.6131815910339355
                    ],
                    [
                        550.8017578125,
                        357.7197265625,
                        0.7280652523040771
                    ],
                    [
                        536.9150390625,
                        360.0341796875,
                        0.6327099800109863
                    ]
                ]
            ]
        },
        {
            "person_id": [
                2
            ],
            "pose_keypoints_2d": [
                [
                    [
                        0.0,
                        0.0,
                        0.020518917590379715
                    ],
                    [
                        0.0,
                        0.0,
                        0.029968533664941788
                    ],
                    [
                        0.0,
                        0.0,
                        0.029968533664941788
                    ],
                    [
                        0.0,
                        0.0,
                        0.012063602916896343
                    ],
                    [
                        0.0,
                        0.0,
                        0.007581429556012154
                    ],
                    [
                        0.0,
                        0.0,
                        0.029968533664941788
                    ],
                    [
                        0.0,
                        0.0,
                        0.009143783710896969
                    ],
                    [
                        0.0,
                        0.0,
                        0.0075843557715415955
                    ],
                    [
                        0.0,
                        0.0,
                        0.037558868527412415
                    ],
                    [
                        0.0,
                        0.0,
                        0.037558868527412415
                    ],
                    [
                        0.0,
                        0.0,
                        0.02542298100888729
                    ],
                    [
                        0.0,
                        0.0,
                        0.034213125705718994
                    ],
                    [
                        0.0,
                        0.0,
                        0.037558868527412415
                    ],
                    [
                        0.0,
                        0.0,
                        0.02542298287153244
                    ],
                    [
                        0.0,
                        0.0,
                        0.034213125705718994
                    ],
                    [
                        0.0,
                        0.0,
                        0.01922135055065155
                    ],
                    [
                        0.0,
                        0.0,
                        0.01922135055065155
                    ],
                    [
                        0.0,
                        0.0,
                        0.015117987990379333
                    ],
                    [
                        0.0,
                        0.0,
                        0.015117987990379333
                    ],
                    [
                        0.0,
                        0.0,
                        0.02062181383371353
                    ],
                    [
                        0.0,
                        0.0,
                        0.018430981785058975
                    ],
                    [
                        0.0,
                        0.0,
                        0.01670534908771515
                    ],
                    [
                        0.0,
                        0.0,
                        0.02062181755900383
                    ],
                    [
                        0.0,
                        0.0,
                        0.018430981785058975
                    ],
                    [
                        0.0,
                        0.0,
                        0.01670534908771515
                    ]
                ]
            ]
        }
    ]
}