{
    "people": [
        {
            "person_id": [
                1
            ],
            "pose_keypoints_2d": [
                [
                    [
                        610.23046875,
                        110.84765625,
                        0.956589937210083
                    ],
                    [
                        602.515625,
                        147.87890625,
                        0.9269053339958191
                    ],
                    [
                        576.28515625,
                        144.79296875,
                        0.9238694906234741
                    ],
                    [
                        548.51171875,
                        181.82421875,
                        0.9628127813339233
                    ],
                    [
                        529.99609375,
                        221.94140625,
                        0.8918972015380859
                    ],
                    [
                        628.74609375,
                        150.96484375,
                        0.9299411773681641
                    ],
                    [
                        638.00390625,
                        197.25390625,
                        0.9471248984336853
                    ],
                    [
                        644.17578125,
                        240.45703125,
                        0.8544119596481323
                    ],
                    [
                        591.71484375,
                        231.19921875,
                        0.8638424873352051
                    ],
                    [
                        576.28515625,
                        231.19921875,
                        0.8641984462738037
                    ],
                    [
                        585.54296875,
                        292.91796875,
                        0.8539896011352539
                    ],
                    [
                        563.94140625,
                        342.29296875,
                        0.8984214067459106
                    ],
                    [
                        607.14453125,
                        231.19921875,
                        0.8634865283966064
                    ],
                    [
                        604.05859375,
                        296.00390625,
                        0.8453698754310608
                    ],
                    [
                        597.88671875,
                        354.63671875,
                        0.9308425784111023
                    ],
                    [
                        604.05859375,
                        104.67578125,
                        0.9900034666061401
                    ],
                    [
                        616.40234375,
                        104.67578125,
                        0.9936544895172119
                    ],
                    [
                        594.80078125,
                        113.93359375,
                        0.9103306531906128
                    ],
                    [
                        622.57421875,
                        110.84765625,
                        0.9129329919815063
                    ],
                    [
                        613.31640625,
                        370.06640625,
                        0.7724356651306152
                    ],
                    [
                        616.40234375,
                        363.89453125,
                        0.8534837365150452
                    ],
                    [
                        591.71484375,
                        357.72265625,
                        0.8337494134902954
                    ],
                    [
                        579.37109375,
                        363.89453125,
                        0.9375662207603455
                    ],
                    [
                        570.11328125,
                        363.89453125,
                        0.8952136635780334
                    ],
                    [
                        557.76953125,
                        345.37890625,
                        0.8044384717941284
                    ]
                ]
            ]
        },
        {
            "person_id": [
                2
            ],
            "pose_keypoints_2d": [
                [
                    [
                        0.0,
                        0.0,
                        0.02054770663380623
                    ],
                    [
                        0.0,
                        0.0,
                        0.029505658894777298
                    ],
                    [
                        0.0,
                        0.0,
                        0.029505658894777298
                    ],
                    [
                        0.0,
                        0.0,
                        0.011846141889691353
                    ],
                    [
                        0.0,
                        0.0,
                        0.007285086438059807
                    ],
                    [
                        0.0,
                        0.0,
                        0.029505658894777298
                    ],
                    [
                        0.0,
                        0.0,
                        0.008914992213249207
                    ],
                    [
                        0.0,
                        0.0,
                        0.007436390966176987
                    ],
                    [
                        0.0,
                        0.0,
                        0.03699507564306259
                    ],
                    [
                        0.0,
                        0.0,
                        0.03699507564306259
                    ],
                    [
                        0.0,
                        0.0,
                        0.024959975853562355
                    ],
                    [
                        0.0,
                        0.0,
                        0.0333336777985096
                    ],
                    [
                        0.0,
                        0.0,
                        0.03699507564306259
                    ],
                    [
                        0.0,
                        0.0,
                        0.024959975853562355
                    ],
                    [
                        0.0,
                        0.0,
                        0.0333336777985096
                    ],
                    [
                        0.0,
                        0.0,
                        0.019244998693466187
                    ],
                    [
                        0.0,
                        0.0,
                        0.019244998693466187
                    ],
                    [
                        0.0,
                        0.0,
                        0.014994420111179352
                    ],
                    [
                        0.0,
                        0.0,
                        0.014994420111179352
                    ],
                    [
                        0.0,
                        0.0,
                        0.019587840884923935
                    ],
                    [
                        0.0,
                        0.0,
                        0.01856718212366104
                    ],
                    [
                        0.0,
                        0.0,
                        0.015759753063321114
                    ],
                    [
                        0.0,
                        0.0,
                        0.019587844610214233
                    ],
                    [
                        0.0,
                        0.0,
                        0.01856718212366104
                    ],
                    [
                        0.0,
                        0.0,
                        0.015759753063321114
                    ]
                ]
            ]
        }
    ]
}