{
    "people": [
        {
            "person_id": [
                1
            ],
            "pose_keypoints_2d": [
                [
                    [
                        579.1552734375,
                        114.7236328125,
                        0.9362026453018188
                    ],
                    [
                        553.5791015625,
                        148.8251953125,
                        0.8510246872901917
                    ],
                    [
                        562.1044921875,
                        151.6669921875,
                        0.8547767400741577
                    ],
                    [
                        564.9462890625,
                        199.9775390625,
                        0.8935515284538269
                    ],
                    [
                        584.8388671875,
                        236.9208984375,
                        0.8823550939559937
                    ],
                    [
                        545.0537109375,
                        145.9833984375,
                        0.8472726345062256
                    ],
                    [
                        545.0537109375,
                        188.6103515625,
                        0.7169119119644165
                    ],
                    [
                        576.3134765625,
                        217.0283203125,
                        0.8898687362670898
                    ],
                    [
                        537.94921875,
                        231.2373046875,
                        0.7899428009986877
                    ],
                    [
                        545.0537109375,
                        234.0791015625,
                        0.8556184768676758
                    ],
                    [
                        553.5791015625,
                        288.0732421875,
                        0.7642204761505127
                    ],
                    [
                        536.5283203125,
                        344.9091796875,
                        0.8111273050308228
                    ],
                    [
                        530.8447265625,
                        228.3955078125,
                        0.7242671251296997
                    ],
                    [
                        564.9462890625,
                        276.7060546875,
                        0.8622105121612549
                    ],
                    [
                        536.5283203125,
                        333.5419921875,
                        0.7418805360794067
                    ],
                    [
                        573.4716796875,
                        111.8818359375,
                        0.9789257049560547
                    ],
                    [
                        576.3134765625,
                        109.0400390625,
                        0.9599481225013733
                    ],
                    [
                        559.2626953125,
                        120.4072265625,
                        0.9132077693939209
                    ],
                    [
                        570.6298828125,
                        114.7236328125,
                        0.597811222076416
                    ],
                    [
                        553.5791015625,
                        347.7509765625,
                        0.797366738319397
                    ],
                    [
                        553.5791015625,
                        344.9091796875,
                        0.7302529811859131
                    ],
                    [
                        528.0029296875,
                        336.3837890625,
                        0.6149053573608398
                    ],
                    [
                        553.5791015625,
                        347.7509765625,
                        0.6871631145477295
                    ],
                    [
                        550.7373046875,
                        350.5927734375,
                        0.7214721441268921
                    ],
                    [
                        533.6865234375,
                        350.5927734375,
                        0.6109580397605896
                    ]
                ]
            ]
        },
        {
            "person_id": [
                2
            ],
            "pose_keypoints_2d": [
                [
                    [
                        0.0,
                        0.0,
                        0.020511504262685776
                    ],
                    [
                        0.0,
                        0.0,
                        0.029274441301822662
                    ],
                    [
                        0.0,
                        0.0,
                        0.029274441301822662
                    ],
                    [
                        0.0,
                        0.0,
                        0.01168898306787014
                    ],
                    [
                        0.0,
                        0.0,
                        0.007235911674797535
                    ],
                    [
                        0.0,
                        0.0,
                        0.029274441301822662
                    ],
                    [
                        0.0,
                        0.0,
                        0.008829208090901375
                    ],
                    [
                        0.0,
                        0.0,
                        0.0073523977771401405
                    ],
                    [
                        0.0,
                        0.0,
                        0.03665097430348396
                    ],
                    [
                        0.0,
                        0.0,
                        0.03665097430348396
                    ],
                    [
                        0.0,
                        0.0,
                        0.024695228785276413
                    ],
                    [
                        0.0,
                        0.0,
                        0.032876431941986084
                    ],
                    [
                        0.0,
                        0.0,
                        0.03665097430348396
                    ],
                    [
                        0.0,
                        0.0,
                        0.02469523251056671
                    ],
                    [
                        0.0,
                        0.0,
                        0.032876431941986084
                    ],
                    [
                        0.0,
                        0.0,
                        0.019232798367738724
                    ],
                    [
                        0.0,
                        0.0,
                        0.019232798367738724
                    ],
                    [
                        0.0,
                        0.0,
                        0.01486906036734581
                    ],
                    [
                        0.0,
                        0.0,
                        0.01486905850470066
                    ],
                    [
                        0.0,
                        0.0,
                        0.019084583967924118
                    ],
                    [
                        0.0,
                        0.0,
                        0.01861424744129181
                    ],
                    [
                        0.0,
                        0.0,
                        0.015273256227374077
                    ],
                    [
                        0.0,
                        0.0,
                        0.019084583967924118
                    ],
                    [
                        0.0,
                        0.0,
                        0.01861424744129181
                    ],
                    [
                        0.0,
                        0.0,
                        0.015273256227374077
                    ]
                ]
            ]
        }
    ]
}