{
    "people": [
        {
            "person_id": [
                1
            ],
            "pose_keypoints_2d": [
                [
                    [
                        528.7822265625,
                        221.3759765625,
                        0.9615228176116943
                    ],
                    [
                        510.69140625,
                        243.275390625,
                        0.8990319967269897
                    ],
                    [
                        534.4951171875,
                        238.5146484375,
                        0.919677734375
                    ],
                    [
                        572.5810546875,
                        259.4619140625,
                        0.9498240947723389
                    ],
                    [
                        553.5380859375,
                        288.0263671875,
                        0.9224553108215332
                    ],
                    [
                        486.8876953125,
                        248.0361328125,
                        0.8783863186836243
                    ],
                    [
                        456.4189453125,
                        251.8447265625,
                        0.9890257120132446
                    ],
                    [
                        473.5576171875,
                        282.3134765625,
                        0.8912509679794312
                    ],
                    [
                        510.69140625,
                        332.77734375,
                        0.7796545028686523
                    ],
                    [
                        524.9736328125,
                        333.7294921875,
                        0.7682222723960876
                    ],
                    [
                        549.7294921875,
                        295.6435546875,
                        0.9264934062957764
                    ],
                    [
                        540.2080078125,
                        352.7724609375,
                        0.7482621073722839
                    ],
                    [
                        496.4091796875,
                        331.8251953125,
                        0.7910867929458618
                    ],
                    [
                        481.1748046875,
                        295.6435546875,
                        0.8478239178657532
                    ],
                    [
                        481.1748046875,
                        358.4853515625,
                        0.8816476464271545
                    ],
                    [
                        524.9736328125,
                        219.4716796875,
                        0.9606537818908691
                    ],
                    [
                        526.8779296875,
                        217.5673828125,
                        0.893933892250061
                    ],
                    [
                        517.3564453125,
                        225.1845703125,
                        0.9365339279174805
                    ],
                    [
                        507.8349609375,
                        225.1845703125,
                        0.5856297612190247
                    ],
                    [
                        483.0791015625,
                        356.5810546875,
                        0.5704484581947327
                    ],
                    [
                        475.4619140625,
                        360.3896484375,
                        0.6490896344184875
                    ],
                    [
                        481.1748046875,
                        366.1025390625,
                        0.8566436767578125
                    ],
                    [
                        547.8251953125,
                        352.7724609375,
                        0.40948864817619324
                    ],
                    [
                        547.8251953125,
                        356.5810546875,
                        0.5544823408126831
                    ],
                    [
                        540.2080078125,
                        360.3896484375,
                        0.5757459402084351
                    ]
                ]
            ]
        },
        {
            "person_id": [
                2
            ],
            "pose_keypoints_2d": [
                [
                    [
                        0.0,
                        0.0,
                        0.020518917590379715
                    ],
                    [
                        0.0,
                        0.0,
                        0.029968533664941788
                    ],
                    [
                        0.0,
                        0.0,
                        0.029968533664941788
                    ],
                    [
                        0.0,
                        0.0,
                        0.012063602916896343
                    ],
                    [
                        0.0,
                        0.0,
                        0.007581430021673441
                    ],
                    [
                        0.0,
                        0.0,
                        0.029968533664941788
                    ],
                    [
                        0.0,
                        0.0,
                        0.009143782779574394
                    ],
                    [
                        0.0,
                        0.0,
                        0.0075843557715415955
                    ],
                    [
                        0.0,
                        0.0,
                        0.037558868527412415
                    ],
                    [
                        0.0,
                        0.0,
                        0.037558868527412415
                    ],
                    [
                        0.0,
                        0.0,
                        0.02542298100888729
                    ],
                    [
                        0.0,
                        0.0,
                        0.034213125705718994
                    ],
                    [
                        0.0,
                        0.0,
                        0.037558868527412415
                    ],
                    [
                        0.0,
                        0.0,
                        0.02542298100888729
                    ],
                    [
                        0.0,
                        0.0,
                        0.034213125705718994
                    ],
                    [
                        0.0,
                        0.0,
                        0.01922135055065155
                    ],
                    [
                        0.0,
                        0.0,
                        0.01922135055065155
                    ],
                    [
                        0.0,
                        0.0,
                        0.015117987990379333
                    ],
                    [
                        0.0,
                        0.0,
                        0.015117987990379333
                    ],
                    [
                        0.0,
                        0.0,
                        0.02062181755900383
                    ],
                    [
                        0.0,
                        0.0,
                        0.018430981785058975
                    ],
                    [
                        0.0,
                        0.0,
                        0.01670534908771515
                    ],
                    [
                        0.0,
                        0.0,
                        0.02062181755900383
                    ],
                    [
                        0.0,
                        0.0,
                        0.018430981785058975
                    ],
                    [
                        0.0,
                        0.0,
                        0.01670534908771515
                    ]
                ]
            ]
        }
    ]
}