{
    "people": [
        {
            "person_id": [
                1
            ],
            "pose_keypoints_2d": [
                [
                    [
                        556.876953125,
                        183.544921875,
                        0.9589527249336243
                    ],
                    [
                        535.958984375,
                        200.9765625,
                        0.9079166650772095
                    ],
                    [
                        554.552734375,
                        202.138671875,
                        0.895435094833374
                    ],
                    [
                        573.146484375,
                        243.974609375,
                        0.9993889331817627
                    ],
                    [
                        556.876953125,
                        276.513671875,
                        0.9233366250991821
                    ],
                    [
                        517.365234375,
                        199.814453125,
                        0.9203982353210449
                    ],
                    [
                        489.474609375,
                        237.001953125,
                        0.7433148622512817
                    ],
                    [
                        484.826171875,
                        257.919921875,
                        0.4202156662940979
                    ],
                    [
                        502.2578125,
                        270.703125,
                        0.8555191159248352
                    ],
                    [
                        517.365234375,
                        271.865234375,
                        0.8622946739196777
                    ],
                    [
                        549.904296875,
                        297.431640625,
                        0.9116151928901672
                    ],
                    [
                        538.283203125,
                        355.537109375,
                        0.8652510046958923
                    ],
                    [
                        487.150390625,
                        269.541015625,
                        0.8487435579299927
                    ],
                    [
                        487.150390625,
                        297.431640625,
                        0.8754059076309204
                    ],
                    [
                        482.501953125,
                        360.185546875,
                        0.8955464959144592
                    ],
                    [
                        554.552734375,
                        178.896484375,
                        0.9273045063018799
                    ],
                    [
                        556.876953125,
                        178.896484375,
                        0.891661524772644
                    ],
                    [
                        545.255859375,
                        181.220703125,
                        0.8964881896972656
                    ],
                    [
                        533.634765625,
                        183.544921875,
                        0.7514926791191101
                    ],
                    [
                        487.150390625,
                        355.537109375,
                        0.6955723762512207
                    ],
                    [
                        477.853515625,
                        360.185546875,
                        0.7058761119842529
                    ],
                    [
                        480.177734375,
                        367.158203125,
                        0.9162489771842957
                    ],
                    [
                        549.904296875,
                        353.212890625,
                        0.6027218699455261
                    ],
                    [
                        549.904296875,
                        360.185546875,
                        0.7215087413787842
                    ],
                    [
                        535.958984375,
                        362.509765625,
                        0.6155304312705994
                    ]
                ]
            ]
        },
        {
            "person_id": [
                2
            ],
            "pose_keypoints_2d": [
                [
                    [
                        0.0,
                        0.0,
                        0.020518917590379715
                    ],
                    [
                        0.0,
                        0.0,
                        0.029968533664941788
                    ],
                    [
                        0.0,
                        0.0,
                        0.029968533664941788
                    ],
                    [
                        0.0,
                        0.0,
                        0.012063602916896343
                    ],
                    [
                        0.0,
                        0.0,
                        0.007581430021673441
                    ],
                    [
                        0.0,
                        0.0,
                        0.029968533664941788
                    ],
                    [
                        0.0,
                        0.0,
                        0.009143783710896969
                    ],
                    [
                        0.0,
                        0.0,
                        0.0075843557715415955
                    ],
                    [
                        0.0,
                        0.0,
                        0.037558868527412415
                    ],
                    [
                        0.0,
                        0.0,
                        0.037558868527412415
                    ],
                    [
                        0.0,
                        0.0,
                        0.02542298100888729
                    ],
                    [
                        0.0,
                        0.0,
                        0.034213125705718994
                    ],
                    [
                        0.0,
                        0.0,
                        0.037558868527412415
                    ],
                    [
                        0.0,
                        0.0,
                        0.02542298100888729
                    ],
                    [
                        0.0,
                        0.0,
                        0.034213125705718994
                    ],
                    [
                        0.0,
                        0.0,
                        0.01922135055065155
                    ],
                    [
                        0.0,
                        0.0,
                        0.01922135055065155
                    ],
                    [
                        0.0,
                        0.0,
                        0.015117987990379333
                    ],
                    [
                        0.0,
                        0.0,
                        0.015117987990379333
                    ],
                    [
                        0.0,
                        0.0,
                        0.02062181383371353
                    ],
                    [
                        0.0,
                        0.0,
                        0.018430981785058975
                    ],
                    [
                        0.0,
                        0.0,
                        0.01670534908771515
                    ],
                    [
                        0.0,
                        0.0,
                        0.02062181755900383
                    ],
                    [
                        0.0,
                        0.0,
                        0.018430981785058975
                    ],
                    [
                        0.0,
                        0.0,
                        0.01670534908771515
                    ]
                ]
            ]
        }
    ]
}