{
    "people": [
        {
            "person_id": [
                1
            ],
            "pose_keypoints_2d": [
                [
                    [
                        576.947265625,
                        141.712890625,
                        0.9625129103660583
                    ],
                    [
                        549.408203125,
                        166.498046875,
                        0.923734188079834
                    ],
                    [
                        568.685546875,
                        172.005859375,
                        0.9101393818855286
                    ],
                    [
                        565.931640625,
                        218.822265625,
                        0.9421895742416382
                    ],
                    [
                        554.916015625,
                        254.623046875,
                        0.9756141901016235
                    ],
                    [
                        530.130859375,
                        160.990234375,
                        0.9373289346694946
                    ],
                    [
                        516.361328125,
                        199.544921875,
                        0.6910995244979858
                    ],
                    [
                        543.900390625,
                        249.115234375,
                        0.418133944272995
                    ],
                    [
                        512.23046875,
                        242.23046875,
                        0.8558286428451538
                    ],
                    [
                        527.376953125,
                        243.607421875,
                        0.8630026578903198
                    ],
                    [
                        546.654296875,
                        295.931640625,
                        0.9199728965759277
                    ],
                    [
                        538.392578125,
                        353.763671875,
                        0.8721730709075928
                    ],
                    [
                        497.083984375,
                        240.853515625,
                        0.8486546874046326
                    ],
                    [
                        497.083984375,
                        295.931640625,
                        0.9118338823318481
                    ],
                    [
                        483.314453125,
                        353.763671875,
                        0.9258290529251099
                    ],
                    [
                        574.193359375,
                        136.205078125,
                        0.9421714544296265
                    ],
                    [
                        574.193359375,
                        136.205078125,
                        0.9489333629608154
                    ],
                    [
                        563.177734375,
                        141.712890625,
                        0.9412497282028198
                    ],
                    [
                        557.669921875,
                        141.712890625,
                        0.6894136667251587
                    ],
                    [
                        491.576171875,
                        359.271484375,
                        0.5933601260185242
                    ],
                    [
                        480.560546875,
                        356.517578125,
                        0.6176785826683044
                    ],
                    [
                        480.560546875,
                        362.025390625,
                        0.8228803277015686
                    ],
                    [
                        549.408203125,
                        356.517578125,
                        0.5063595771789551
                    ],
                    [
                        549.408203125,
                        359.271484375,
                        0.6094776391983032
                    ],
                    [
                        538.392578125,
                        362.025390625,
                        0.6573523283004761
                    ]
                ]
            ]
        },
        {
            "person_id": [
                2
            ],
            "pose_keypoints_2d": [
                [
                    [
                        0.0,
                        0.0,
                        0.020518917590379715
                    ],
                    [
                        0.0,
                        0.0,
                        0.029968533664941788
                    ],
                    [
                        0.0,
                        0.0,
                        0.029968533664941788
                    ],
                    [
                        0.0,
                        0.0,
                        0.012063602916896343
                    ],
                    [
                        0.0,
                        0.0,
                        0.007581430021673441
                    ],
                    [
                        0.0,
                        0.0,
                        0.029968533664941788
                    ],
                    [
                        0.0,
                        0.0,
                        0.009143783710896969
                    ],
                    [
                        0.0,
                        0.0,
                        0.0075843557715415955
                    ],
                    [
                        0.0,
                        0.0,
                        0.037558868527412415
                    ],
                    [
                        0.0,
                        0.0,
                        0.037558868527412415
                    ],
                    [
                        0.0,
                        0.0,
                        0.02542298100888729
                    ],
                    [
                        0.0,
                        0.0,
                        0.034213125705718994
                    ],
                    [
                        0.0,
                        0.0,
                        0.037558868527412415
                    ],
                    [
                        0.0,
                        0.0,
                        0.02542298100888729
                    ],
                    [
                        0.0,
                        0.0,
                        0.034213125705718994
                    ],
                    [
                        0.0,
                        0.0,
                        0.01922135055065155
                    ],
                    [
                        0.0,
                        0.0,
                        0.01922135055065155
                    ],
                    [
                        0.0,
                        0.0,
                        0.015117987990379333
                    ],
                    [
                        0.0,
                        0.0,
                        0.015117987990379333
                    ],
                    [
                        0.0,
                        0.0,
                        0.02062181383371353
                    ],
                    [
                        0.0,
                        0.0,
                        0.018430981785058975
                    ],
                    [
                        0.0,
                        0.0,
                        0.01670534908771515
                    ],
                    [
                        0.0,
                        0.0,
                        0.02062181755900383
                    ],
                    [
                        0.0,
                        0.0,
                        0.018430981785058975
                    ],
                    [
                        0.0,
                        0.0,
                        0.01670534908771515
                    ]
                ]
            ]
        }
    ]
}