{
    "people": [
        {
            "person_id": [
                1
            ],
            "pose_keypoints_2d": [
                [
                    [
                        534.9287109375,
                        220.5849609375,
                        0.9191126823425293
                    ],
                    [
                        514.728515625,
                        238.861328125,
                        0.891460657119751
                    ],
                    [
                        536.8525390625,
                        234.0517578125,
                        0.8777527213096619
                    ],
                    [
                        575.3291015625,
                        255.2138671875,
                        0.9823431968688965
                    ],
                    [
                        556.0908203125,
                        285.9951171875,
                        0.9342532753944397
                    ],
                    [
                        492.6044921875,
                        243.6708984375,
                        0.9051685333251953
                    ],
                    [
                        463.7470703125,
                        251.3662109375,
                        0.9641826152801514
                    ],
                    [
                        475.2900390625,
                        282.1474609375,
                        0.8777347803115845
                    ],
                    [
                        508.95703125,
                        322.5478515625,
                        0.8304024934768677
                    ],
                    [
                        523.3857421875,
                        322.5478515625,
                        0.8373417258262634
                    ],
                    [
                        550.3193359375,
                        293.6904296875,
                        0.8893343210220337
                    ],
                    [
                        538.7763671875,
                        351.4052734375,
                        0.7784894704818726
                    ],
                    [
                        494.5283203125,
                        322.5478515625,
                        0.8234632611274719
                    ],
                    [
                        481.0615234375,
                        297.5380859375,
                        0.8723310828208923
                    ],
                    [
                        481.0615234375,
                        359.1005859375,
                        0.8862237930297852
                    ],
                    [
                        531.0810546875,
                        218.6611328125,
                        0.956229031085968
                    ],
                    [
                        533.0048828125,
                        216.7373046875,
                        0.899074912071228
                    ],
                    [
                        523.3857421875,
                        222.5087890625,
                        0.9374154806137085
                    ],
                    [
                        513.7666015625,
                        222.5087890625,
                        0.6237674355506897
                    ],
                    [
                        482.9853515625,
                        359.1005859375,
                        0.6065003871917725
                    ],
                    [
                        477.2138671875,
                        361.0244140625,
                        0.6800186634063721
                    ],
                    [
                        481.0615234375,
                        366.7958984375,
                        0.8698411583900452
                    ],
                    [
                        548.3955078125,
                        353.3291015625,
                        0.39448368549346924
                    ],
                    [
                        548.3955078125,
                        355.2529296875,
                        0.6050257682800293
                    ],
                    [
                        538.7763671875,
                        359.1005859375,
                        0.5231319665908813
                    ]
                ]
            ]
        },
        {
            "person_id": [
                2
            ],
            "pose_keypoints_2d": [
                [
                    [
                        0.0,
                        0.0,
                        0.020518917590379715
                    ],
                    [
                        0.0,
                        0.0,
                        0.029968533664941788
                    ],
                    [
                        0.0,
                        0.0,
                        0.029968533664941788
                    ],
                    [
                        0.0,
                        0.0,
                        0.012063602916896343
                    ],
                    [
                        0.0,
                        0.0,
                        0.007581430021673441
                    ],
                    [
                        0.0,
                        0.0,
                        0.029968533664941788
                    ],
                    [
                        0.0,
                        0.0,
                        0.009143783710896969
                    ],
                    [
                        0.0,
                        0.0,
                        0.0075843557715415955
                    ],
                    [
                        0.0,
                        0.0,
                        0.037558868527412415
                    ],
                    [
                        0.0,
                        0.0,
                        0.037558868527412415
                    ],
                    [
                        0.0,
                        0.0,
                        0.02542298100888729
                    ],
                    [
                        0.0,
                        0.0,
                        0.034213125705718994
                    ],
                    [
                        0.0,
                        0.0,
                        0.037558868527412415
                    ],
                    [
                        0.0,
                        0.0,
                        0.02542298100888729
                    ],
                    [
                        0.0,
                        0.0,
                        0.034213125705718994
                    ],
                    [
                        0.0,
                        0.0,
                        0.0192213524132967
                    ],
                    [
                        0.0,
                        0.0,
                        0.01922135055065155
                    ],
                    [
                        0.0,
                        0.0,
                        0.015117987990379333
                    ],
                    [
                        0.0,
                        0.0,
                        0.015117987990379333
                    ],
                    [
                        0.0,
                        0.0,
                        0.02062181383371353
                    ],
                    [
                        0.0,
                        0.0,
                        0.018430981785058975
                    ],
                    [
                        0.0,
                        0.0,
                        0.01670534908771515
                    ],
                    [
                        0.0,
                        0.0,
                        0.02062181383371353
                    ],
                    [
                        0.0,
                        0.0,
                        0.018430981785058975
                    ],
                    [
                        0.0,
                        0.0,
                        0.01670534908771515
                    ]
                ]
            ]
        }
    ]
}