{
    "people": [
        {
            "person_id": [
                1
            ],
            "pose_keypoints_2d": [
                [
                    [
                        567.43359375,
                        160.08984375,
                        0.9920533895492554
                    ],
                    [
                        543.3125,
                        184.2109375,
                        0.9261023998260498
                    ],
                    [
                        562.35546875,
                        188.01953125,
                        0.8960204124450684
                    ],
                    [
                        564.89453125,
                        233.72265625,
                        0.9392237663269043
                    ],
                    [
                        554.73828125,
                        269.26953125,
                        0.9250302314758301
                    ],
                    [
                        524.26953125,
                        180.40234375,
                        0.9561843872070312
                    ],
                    [
                        509.03515625,
                        215.94921875,
                        0.644887387752533
                    ],
                    [
                        529.34765625,
                        251.49609375,
                        0.28409305214881897
                    ],
                    [
                        506.49609375,
                        252.765625,
                        0.8532059192657471
                    ],
                    [
                        521.73046875,
                        254.03515625,
                        0.8517454266548157
                    ],
                    [
                        547.12109375,
                        294.66015625,
                        0.9309378266334534
                    ],
                    [
                        539.50390625,
                        355.59765625,
                        0.8854168653488159
                    ],
                    [
                        491.26171875,
                        251.49609375,
                        0.8546663522720337
                    ],
                    [
                        491.26171875,
                        294.66015625,
                        0.9261205196380615
                    ],
                    [
                        481.10546875,
                        358.13671875,
                        0.9163327217102051
                    ],
                    [
                        564.89453125,
                        157.55078125,
                        0.976006031036377
                    ],
                    [
                        564.89453125,
                        157.55078125,
                        0.9309826493263245
                    ],
                    [
                        554.73828125,
                        160.08984375,
                        0.9586609601974487
                    ],
                    [
                        544.58203125,
                        162.62890625,
                        0.6887587308883667
                    ],
                    [
                        486.18359375,
                        358.13671875,
                        0.6268767714500427
                    ],
                    [
                        478.56640625,
                        360.67578125,
                        0.7040591835975647
                    ],
                    [
                        478.56640625,
                        365.75390625,
                        0.8612688779830933
                    ],
                    [
                        549.66015625,
                        350.51953125,
                        0.536636233329773
                    ],
                    [
                        549.66015625,
                        358.13671875,
                        0.6766577959060669
                    ],
                    [
                        536.96484375,
                        363.21484375,
                        0.628423810005188
                    ]
                ]
            ]
        },
        {
            "person_id": [
                2
            ],
            "pose_keypoints_2d": [
                [
                    [
                        0.0,
                        0.0,
                        0.020518917590379715
                    ],
                    [
                        0.0,
                        0.0,
                        0.029968533664941788
                    ],
                    [
                        0.0,
                        0.0,
                        0.029968533664941788
                    ],
                    [
                        0.0,
                        0.0,
                        0.012063602916896343
                    ],
                    [
                        0.0,
                        0.0,
                        0.007581429090350866
                    ],
                    [
                        0.0,
                        0.0,
                        0.029968533664941788
                    ],
                    [
                        0.0,
                        0.0,
                        0.009143782779574394
                    ],
                    [
                        0.0,
                        0.0,
                        0.0075843557715415955
                    ],
                    [
                        0.0,
                        0.0,
                        0.037558868527412415
                    ],
                    [
                        0.0,
                        0.0,
                        0.037558868527412415
                    ],
                    [
                        0.0,
                        0.0,
                        0.02542298100888729
                    ],
                    [
                        0.0,
                        0.0,
                        0.034213125705718994
                    ],
                    [
                        0.0,
                        0.0,
                        0.037558868527412415
                    ],
                    [
                        0.0,
                        0.0,
                        0.02542298100888729
                    ],
                    [
                        0.0,
                        0.0,
                        0.034213125705718994
                    ],
                    [
                        0.0,
                        0.0,
                        0.01922135055065155
                    ],
                    [
                        0.0,
                        0.0,
                        0.01922135055065155
                    ],
                    [
                        0.0,
                        0.0,
                        0.015117987990379333
                    ],
                    [
                        0.0,
                        0.0,
                        0.015117987990379333
                    ],
                    [
                        0.0,
                        0.0,
                        0.02062181755900383
                    ],
                    [
                        0.0,
                        0.0,
                        0.018430981785058975
                    ],
                    [
                        0.0,
                        0.0,
                        0.01670534908771515
                    ],
                    [
                        0.0,
                        0.0,
                        0.02062181383371353
                    ],
                    [
                        0.0,
                        0.0,
                        0.018430981785058975
                    ],
                    [
                        0.0,
                        0.0,
                        0.01670534908771515
                    ]
                ]
            ]
        }
    ]
}