{
    "people": [
        {
            "person_id": [
                1
            ],
            "pose_keypoints_2d": [
                [
                    [
                        569.6298828125,
                        156.2919921875,
                        0.9874899387359619
                    ],
                    [
                        544.859375,
                        178.455078125,
                        0.9168158769607544
                    ],
                    [
                        564.4150390625,
                        182.3662109375,
                        0.8805440664291382
                    ],
                    [
                        564.4150390625,
                        229.2998046875,
                        0.9637209177017212
                    ],
                    [
                        553.9853515625,
                        265.8037109375,
                        0.9645233154296875
                    ],
                    [
                        525.3037109375,
                        174.5439453125,
                        0.9530877470970154
                    ],
                    [
                        512.2666015625,
                        211.0478515625,
                        0.6656655073165894
                    ],
                    [
                        530.5185546875,
                        247.5517578125,
                        0.3370320796966553
                    ],
                    [
                        508.35546875,
                        250.1591796875,
                        0.853577196598053
                    ],
                    [
                        522.6962890625,
                        252.7666015625,
                        0.8535977602005005
                    ],
                    [
                        546.1630859375,
                        294.4853515625,
                        0.9102753400802612
                    ],
                    [
                        538.3408203125,
                        354.4560546875,
                        0.8900282382965088
                    ],
                    [
                        494.0146484375,
                        247.5517578125,
                        0.8535566329956055
                    ],
                    [
                        491.4072265625,
                        297.0927734375,
                        0.8951294422149658
                    ],
                    [
                        480.9775390625,
                        357.0634765625,
                        0.924778938293457
                    ],
                    [
                        567.0224609375,
                        151.0771484375,
                        0.9453586339950562
                    ],
                    [
                        569.6298828125,
                        151.0771484375,
                        0.9262881278991699
                    ],
                    [
                        559.2001953125,
                        153.6845703125,
                        0.9559422731399536
                    ],
                    [
                        548.7705078125,
                        156.2919921875,
                        0.661301851272583
                    ],
                    [
                        486.1923828125,
                        359.6708984375,
                        0.6408613920211792
                    ],
                    [
                        478.3701171875,
                        359.6708984375,
                        0.6908446550369263
                    ],
                    [
                        478.3701171875,
                        364.8857421875,
                        0.8394306302070618
                    ],
                    [
                        548.7705078125,
                        357.0634765625,
                        0.5099816918373108
                    ],
                    [
                        548.7705078125,
                        359.6708984375,
                        0.6512133479118347
                    ],
                    [
                        538.3408203125,
                        362.2783203125,
                        0.6291642189025879
                    ]
                ]
            ]
        },
        {
            "person_id": [
                2
            ],
            "pose_keypoints_2d": [
                [
                    [
                        0.0,
                        0.0,
                        0.020518917590379715
                    ],
                    [
                        0.0,
                        0.0,
                        0.029968533664941788
                    ],
                    [
                        0.0,
                        0.0,
                        0.029968533664941788
                    ],
                    [
                        0.0,
                        0.0,
                        0.012063602916896343
                    ],
                    [
                        0.0,
                        0.0,
                        0.007581430021673441
                    ],
                    [
                        0.0,
                        0.0,
                        0.029968533664941788
                    ],
                    [
                        0.0,
                        0.0,
                        0.009143782779574394
                    ],
                    [
                        0.0,
                        0.0,
                        0.0075843557715415955
                    ],
                    [
                        0.0,
                        0.0,
                        0.037558868527412415
                    ],
                    [
                        0.0,
                        0.0,
                        0.037558868527412415
                    ],
                    [
                        0.0,
                        0.0,
                        0.02542298100888729
                    ],
                    [
                        0.0,
                        0.0,
                        0.034213125705718994
                    ],
                    [
                        0.0,
                        0.0,
                        0.037558868527412415
                    ],
                    [
                        0.0,
                        0.0,
                        0.02542298100888729
                    ],
                    [
                        0.0,
                        0.0,
                        0.034213125705718994
                    ],
                    [
                        0.0,
                        0.0,
                        0.0192213524132967
                    ],
                    [
                        0.0,
                        0.0,
                        0.01922135055065155
                    ],
                    [
                        0.0,
                        0.0,
                        0.015117987990379333
                    ],
                    [
                        0.0,
                        0.0,
                        0.015117987990379333
                    ],
                    [
                        0.0,
                        0.0,
                        0.02062181755900383
                    ],
                    [
                        0.0,
                        0.0,
                        0.018430981785058975
                    ],
                    [
                        0.0,
                        0.0,
                        0.01670534908771515
                    ],
                    [
                        0.0,
                        0.0,
                        0.02062181383371353
                    ],
                    [
                        0.0,
                        0.0,
                        0.018430981785058975
                    ],
                    [
                        0.0,
                        0.0,
                        0.01670534908771515
                    ]
                ]
            ]
        }
    ]
}