{
    "people": [
        {
            "person_id": [
                1
            ],
            "pose_keypoints_2d": [
                [
                    [
                        537.1484375,
                        215.9453125,
                        0.9682832956314087
                    ],
                    [
                        518.59375,
                        234.5,
                        0.8888758420944214
                    ],
                    [
                        539.1015625,
                        229.6171875,
                        0.8901264667510986
                    ],
                    [
                        576.2109375,
                        253.0546875,
                        0.990743100643158
                    ],
                    [
                        556.6796875,
                        284.3046875,
                        0.923019528388977
                    ],
                    [
                        498.0859375,
                        239.3828125,
                        0.8876251578330994
                    ],
                    [
                        468.7890625,
                        249.1484375,
                        0.9672056436538696
                    ],
                    [
                        476.6015625,
                        280.3984375,
                        0.9095810651779175
                    ],
                    [
                        507.8515625,
                        313.6015625,
                        0.8107590079307556
                    ],
                    [
                        523.4765625,
                        313.6015625,
                        0.8495610952377319
                    ],
                    [
                        550.8203125,
                        294.0703125,
                        0.864885151386261
                    ],
                    [
                        539.1015625,
                        352.6640625,
                        0.8176441192626953
                    ],
                    [
                        492.2265625,
                        313.6015625,
                        0.7719569206237793
                    ],
                    [
                        482.4609375,
                        299.9296875,
                        0.7847771048545837
                    ],
                    [
                        480.5078125,
                        358.5234375,
                        0.8493795394897461
                    ],
                    [
                        535.1953125,
                        213.9921875,
                        0.9589803218841553
                    ],
                    [
                        535.1953125,
                        212.0390625,
                        0.888575553894043
                    ],
                    [
                        527.3828125,
                        217.8984375,
                        0.9040822982788086
                    ],
                    [
                        515.6640625,
                        219.8515625,
                        0.7297878861427307
                    ],
                    [
                        484.4140625,
                        358.5234375,
                        0.6547496318817139
                    ],
                    [
                        478.5546875,
                        360.4765625,
                        0.6856656074523926
                    ],
                    [
                        482.4609375,
                        366.3359375,
                        0.8326213359832764
                    ],
                    [
                        548.8671875,
                        354.6171875,
                        0.4301905035972595
                    ],
                    [
                        548.8671875,
                        356.5703125,
                        0.6187657117843628
                    ],
                    [
                        537.1484375,
                        358.5234375,
                        0.5390880107879639
                    ]
                ]
            ]
        },
        {
            "person_id": [
                2
            ],
            "pose_keypoints_2d": [
                [
                    [
                        0.0,
                        0.0,
                        0.020518917590379715
                    ],
                    [
                        0.0,
                        0.0,
                        0.029968533664941788
                    ],
                    [
                        0.0,
                        0.0,
                        0.029968533664941788
                    ],
                    [
                        0.0,
                        0.0,
                        0.012063602916896343
                    ],
                    [
                        0.0,
                        0.0,
                        0.007581429556012154
                    ],
                    [
                        0.0,
                        0.0,
                        0.029968533664941788
                    ],
                    [
                        0.0,
                        0.0,
                        0.009143782779574394
                    ],
                    [
                        0.0,
                        0.0,
                        0.0075843557715415955
                    ],
                    [
                        0.0,
                        0.0,
                        0.037558868527412415
                    ],
                    [
                        0.0,
                        0.0,
                        0.037558868527412415
                    ],
                    [
                        0.0,
                        0.0,
                        0.02542298287153244
                    ],
                    [
                        0.0,
                        0.0,
                        0.034213125705718994
                    ],
                    [
                        0.0,
                        0.0,
                        0.037558868527412415
                    ],
                    [
                        0.0,
                        0.0,
                        0.02542298100888729
                    ],
                    [
                        0.0,
                        0.0,
                        0.034213125705718994
                    ],
                    [
                        0.0,
                        0.0,
                        0.01922135055065155
                    ],
                    [
                        0.0,
                        0.0,
                        0.01922135055065155
                    ],
                    [
                        0.0,
                        0.0,
                        0.015117987990379333
                    ],
                    [
                        0.0,
                        0.0,
                        0.015117987990379333
                    ],
                    [
                        0.0,
                        0.0,
                        0.02062181383371353
                    ],
                    [
                        0.0,
                        0.0,
                        0.018430981785058975
                    ],
                    [
                        0.0,
                        0.0,
                        0.01670534908771515
                    ],
                    [
                        0.0,
                        0.0,
                        0.02062181383371353
                    ],
                    [
                        0.0,
                        0.0,
                        0.018430981785058975
                    ],
                    [
                        0.0,
                        0.0,
                        0.01670534908771515
                    ]
                ]
            ]
        }
    ]
}