{
    "people": [
        {
            "person_id": [
                1
            ],
            "pose_keypoints_2d": [
                [
                    [
                        545.66796875,
                        202.01171875,
                        0.9722667336463928
                    ],
                    [
                        526.0,
                        220.64453125,
                        0.910813570022583
                    ],
                    [
                        545.66796875,
                        218.57421875,
                        0.9058091640472412
                    ],
                    [
                        576.72265625,
                        249.62890625,
                        0.9674434661865234
                    ],
                    [
                        558.08984375,
                        280.68359375,
                        0.8937324285507202
                    ],
                    [
                        506.33203125,
                        222.71484375,
                        0.9158179759979248
                    ],
                    [
                        477.34765625,
                        247.55859375,
                        0.9555919766426086
                    ],
                    [
                        479.41796875,
                        280.68359375,
                        0.8912344574928284
                    ],
                    [
                        505.296875,
                        294.140625,
                        0.8432145714759827
                    ],
                    [
                        520.82421875,
                        295.17578125,
                        0.8231168985366821
                    ],
                    [
                        551.87890625,
                        293.10546875,
                        0.8708003759384155
                    ],
                    [
                        539.45703125,
                        353.14453125,
                        0.8654567003250122
                    ],
                    [
                        489.76953125,
                        293.10546875,
                        0.8633122444152832
                    ],
                    [
                        485.62890625,
                        299.31640625,
                        0.7842523455619812
                    ],
                    [
                        481.48828125,
                        359.35546875,
                        0.8646352887153625
                    ],
                    [
                        541.52734375,
                        199.94140625,
                        0.9626556038856506
                    ],
                    [
                        543.59765625,
                        199.94140625,
                        0.8852763175964355
                    ],
                    [
                        535.31640625,
                        202.01171875,
                        0.9563491344451904
                    ],
                    [
                        522.89453125,
                        206.15234375,
                        0.6941847801208496
                    ],
                    [
                        485.62890625,
                        355.21484375,
                        0.7013441324234009
                    ],
                    [
                        477.34765625,
                        359.35546875,
                        0.6793419122695923
                    ],
                    [
                        481.48828125,
                        367.63671875,
                        0.8925726413726807
                    ],
                    [
                        547.73828125,
                        353.14453125,
                        0.5821164846420288
                    ],
                    [
                        549.80859375,
                        357.28515625,
                        0.7285997867584229
                    ],
                    [
                        537.38671875,
                        359.35546875,
                        0.6163113713264465
                    ]
                ]
            ]
        },
        {
            "person_id": [
                2
            ],
            "pose_keypoints_2d": [
                [
                    [
                        0.0,
                        0.0,
                        0.020518917590379715
                    ],
                    [
                        0.0,
                        0.0,
                        0.029968533664941788
                    ],
                    [
                        0.0,
                        0.0,
                        0.029968533664941788
                    ],
                    [
                        0.0,
                        0.0,
                        0.012063602916896343
                    ],
                    [
                        0.0,
                        0.0,
                        0.007581429556012154
                    ],
                    [
                        0.0,
                        0.0,
                        0.029968533664941788
                    ],
                    [
                        0.0,
                        0.0,
                        0.009143782779574394
                    ],
                    [
                        0.0,
                        0.0,
                        0.0075843557715415955
                    ],
                    [
                        0.0,
                        0.0,
                        0.037558868527412415
                    ],
                    [
                        0.0,
                        0.0,
                        0.037558868527412415
                    ],
                    [
                        0.0,
                        0.0,
                        0.02542298287153244
                    ],
                    [
                        0.0,
                        0.0,
                        0.034213125705718994
                    ],
                    [
                        0.0,
                        0.0,
                        0.037558868527412415
                    ],
                    [
                        0.0,
                        0.0,
                        0.02542298287153244
                    ],
                    [
                        0.0,
                        0.0,
                        0.034213125705718994
                    ],
                    [
                        0.0,
                        0.0,
                        0.01922135055065155
                    ],
                    [
                        0.0,
                        0.0,
                        0.01922135055065155
                    ],
                    [
                        0.0,
                        0.0,
                        0.015117987990379333
                    ],
                    [
                        0.0,
                        0.0,
                        0.015117987990379333
                    ],
                    [
                        0.0,
                        0.0,
                        0.02062181383371353
                    ],
                    [
                        0.0,
                        0.0,
                        0.018430981785058975
                    ],
                    [
                        0.0,
                        0.0,
                        0.01670534908771515
                    ],
                    [
                        0.0,
                        0.0,
                        0.02062181383371353
                    ],
                    [
                        0.0,
                        0.0,
                        0.018430981785058975
                    ],
                    [
                        0.0,
                        0.0,
                        0.01670534908771515
                    ]
                ]
            ]
        }
    ]
}