{
    "people": [
        {
            "person_id": [
                1
            ],
            "pose_keypoints_2d": [
                [
                    [
                        582.05078125,
                        118.41796875,
                        0.9603677988052368
                    ],
                    [
                        554.21875,
                        149.1796875,
                        0.8967815637588501
                    ],
                    [
                        567.40234375,
                        153.57421875,
                        0.8866587281227112
                    ],
                    [
                        567.40234375,
                        200.44921875,
                        0.9469892978668213
                    ],
                    [
                        576.19140625,
                        235.60546875,
                        0.8693057894706726
                    ],
                    [
                        541.03515625,
                        144.78515625,
                        0.9069044589996338
                    ],
                    [
                        538.10546875,
                        188.73046875,
                        0.5890660285949707
                    ],
                    [
                        576.19140625,
                        220.95703125,
                        0.6889824867248535
                    ],
                    [
                        536.640625,
                        234.140625,
                        0.8364930152893066
                    ],
                    [
                        546.89453125,
                        235.60546875,
                        0.8620750904083252
                    ],
                    [
                        552.75390625,
                        288.33984375,
                        0.7990664839744568
                    ],
                    [
                        538.10546875,
                        349.86328125,
                        0.8390958309173584
                    ],
                    [
                        526.38671875,
                        232.67578125,
                        0.8109109997749329
                    ],
                    [
                        546.89453125,
                        282.48046875,
                        0.9076229333877563
                    ],
                    [
                        517.59765625,
                        335.21484375,
                        0.8589130640029907
                    ],
                    [
                        573.26171875,
                        112.55859375,
                        0.9319778680801392
                    ],
                    [
                        579.12109375,
                        112.55859375,
                        0.9538166522979736
                    ],
                    [
                        561.54296875,
                        121.34765625,
                        0.9296010732650757
                    ],
                    [
                        567.40234375,
                        118.41796875,
                        0.6519261598587036
                    ],
                    [
                        529.31640625,
                        344.00390625,
                        0.48052453994750977
                    ],
                    [
                        523.45703125,
                        338.14453125,
                        0.5096703171730042
                    ],
                    [
                        511.73828125,
                        338.14453125,
                        0.742027997970581
                    ],
                    [
                        552.75390625,
                        355.72265625,
                        0.6434617042541504
                    ],
                    [
                        549.82421875,
                        358.65234375,
                        0.7226616144180298
                    ],
                    [
                        535.17578125,
                        352.79296875,
                        0.6285072565078735
                    ]
                ]
            ]
        },
        {
            "person_id": [
                2
            ],
            "pose_keypoints_2d": [
                [
                    [
                        0.0,
                        0.0,
                        0.020511504262685776
                    ],
                    [
                        0.0,
                        0.0,
                        0.029274441301822662
                    ],
                    [
                        0.0,
                        0.0,
                        0.029274441301822662
                    ],
                    [
                        0.0,
                        0.0,
                        0.01168898306787014
                    ],
                    [
                        0.0,
                        0.0,
                        0.007235911674797535
                    ],
                    [
                        0.0,
                        0.0,
                        0.029274441301822662
                    ],
                    [
                        0.0,
                        0.0,
                        0.008829208090901375
                    ],
                    [
                        0.0,
                        0.0,
                        0.0073523977771401405
                    ],
                    [
                        0.0,
                        0.0,
                        0.03665097430348396
                    ],
                    [
                        0.0,
                        0.0,
                        0.03665097430348396
                    ],
                    [
                        0.0,
                        0.0,
                        0.02469523251056671
                    ],
                    [
                        0.0,
                        0.0,
                        0.032876431941986084
                    ],
                    [
                        0.0,
                        0.0,
                        0.03665097430348396
                    ],
                    [
                        0.0,
                        0.0,
                        0.02469523251056671
                    ],
                    [
                        0.0,
                        0.0,
                        0.032876431941986084
                    ],
                    [
                        0.0,
                        0.0,
                        0.019232798367738724
                    ],
                    [
                        0.0,
                        0.0,
                        0.019232798367738724
                    ],
                    [
                        0.0,
                        0.0,
                        0.01486905850470066
                    ],
                    [
                        0.0,
                        0.0,
                        0.01486906036734581
                    ],
                    [
                        0.0,
                        0.0,
                        0.01908458024263382
                    ],
                    [
                        0.0,
                        0.0,
                        0.01861424744129181
                    ],
                    [
                        0.0,
                        0.0,
                        0.015273256227374077
                    ],
                    [
                        0.0,
                        0.0,
                        0.01908458024263382
                    ],
                    [
                        0.0,
                        0.0,
                        0.01861424744129181
                    ],
                    [
                        0.0,
                        0.0,
                        0.015273256227374077
                    ]
                ]
            ]
        }
    ]
}