{
    "people": [
        {
            "person_id": [
                1
            ],
            "pose_keypoints_2d": [
                [
                    [
                        534.001953125,
                        220.689453125,
                        0.9449663162231445
                    ],
                    [
                        513.69921875,
                        240.9921875,
                        0.8803566098213196
                    ],
                    [
                        535.935546875,
                        236.158203125,
                        0.8489852547645569
                    ],
                    [
                        574.607421875,
                        255.494140625,
                        0.9809391498565674
                    ],
                    [
                        555.271484375,
                        286.431640625,
                        0.9255092144012451
                    ],
                    [
                        491.462890625,
                        245.826171875,
                        0.9117279648780823
                    ],
                    [
                        462.458984375,
                        251.626953125,
                        0.966866135597229
                    ],
                    [
                        475.994140625,
                        282.564453125,
                        0.8904975056648254
                    ],
                    [
                        508.865234375,
                        325.103515625,
                        0.8450257182121277
                    ],
                    [
                        524.333984375,
                        325.103515625,
                        0.8586980104446411
                    ],
                    [
                        551.404296875,
                        294.166015625,
                        0.8778576254844666
                    ],
                    [
                        537.869140625,
                        352.173828125,
                        0.767101526260376
                    ],
                    [
                        493.396484375,
                        325.103515625,
                        0.8313534259796143
                    ],
                    [
                        481.794921875,
                        298.033203125,
                        0.8668471574783325
                    ],
                    [
                        481.794921875,
                        359.908203125,
                        0.888996422290802
                    ],
                    [
                        530.134765625,
                        218.755859375,
                        0.9599250555038452
                    ],
                    [
                        532.068359375,
                        218.755859375,
                        0.9000736474990845
                    ],
                    [
                        522.400390625,
                        222.623046875,
                        0.959331214427948
                    ],
                    [
                        514.666015625,
                        224.556640625,
                        0.5845268368721008
                    ],
                    [
                        481.794921875,
                        357.974609375,
                        0.5759252905845642
                    ],
                    [
                        475.994140625,
                        359.908203125,
                        0.6721388697624207
                    ],
                    [
                        481.794921875,
                        365.708984375,
                        0.8913962841033936
                    ],
                    [
                        547.537109375,
                        354.107421875,
                        0.40001174807548523
                    ],
                    [
                        547.537109375,
                        354.107421875,
                        0.6030063629150391
                    ],
                    [
                        537.869140625,
                        359.908203125,
                        0.526642918586731
                    ]
                ]
            ]
        },
        {
            "person_id": [
                2
            ],
            "pose_keypoints_2d": [
                [
                    [
                        0.0,
                        0.0,
                        0.020518917590379715
                    ],
                    [
                        0.0,
                        0.0,
                        0.029968533664941788
                    ],
                    [
                        0.0,
                        0.0,
                        0.029968533664941788
                    ],
                    [
                        0.0,
                        0.0,
                        0.012063602916896343
                    ],
                    [
                        0.0,
                        0.0,
                        0.007581429556012154
                    ],
                    [
                        0.0,
                        0.0,
                        0.029968533664941788
                    ],
                    [
                        0.0,
                        0.0,
                        0.009143782779574394
                    ],
                    [
                        0.0,
                        0.0,
                        0.0075843557715415955
                    ],
                    [
                        0.0,
                        0.0,
                        0.037558868527412415
                    ],
                    [
                        0.0,
                        0.0,
                        0.037558868527412415
                    ],
                    [
                        0.0,
                        0.0,
                        0.02542298287153244
                    ],
                    [
                        0.0,
                        0.0,
                        0.034213125705718994
                    ],
                    [
                        0.0,
                        0.0,
                        0.037558868527412415
                    ],
                    [
                        0.0,
                        0.0,
                        0.02542298100888729
                    ],
                    [
                        0.0,
                        0.0,
                        0.034213125705718994
                    ],
                    [
                        0.0,
                        0.0,
                        0.01922135055065155
                    ],
                    [
                        0.0,
                        0.0,
                        0.01922135055065155
                    ],
                    [
                        0.0,
                        0.0,
                        0.015117987990379333
                    ],
                    [
                        0.0,
                        0.0,
                        0.015117987990379333
                    ],
                    [
                        0.0,
                        0.0,
                        0.02062181383371353
                    ],
                    [
                        0.0,
                        0.0,
                        0.018430981785058975
                    ],
                    [
                        0.0,
                        0.0,
                        0.01670534908771515
                    ],
                    [
                        0.0,
                        0.0,
                        0.02062181383371353
                    ],
                    [
                        0.0,
                        0.0,
                        0.018430981785058975
                    ],
                    [
                        0.0,
                        0.0,
                        0.01670534908771515
                    ]
                ]
            ]
        }
    ]
}