{
    "people": [
        {
            "person_id": [
                1
            ],
            "pose_keypoints_2d": [
                [
                    [
                        579.408203125,
                        114.638671875,
                        0.9364562034606934
                    ],
                    [
                        553.919921875,
                        148.623046875,
                        0.8023855686187744
                    ],
                    [
                        559.583984375,
                        151.455078125,
                        0.8477510213851929
                    ],
                    [
                        562.416015625,
                        202.431640625,
                        0.877598762512207
                    ],
                    [
                        587.904296875,
                        239.248046875,
                        0.8569291830062866
                    ],
                    [
                        548.255859375,
                        145.791015625,
                        0.757020115852356
                    ],
                    [
                        551.087890625,
                        191.103515625,
                        0.7159702777862549
                    ],
                    [
                        576.576171875,
                        213.759765625,
                        0.877022385597229
                    ],
                    [
                        542.591796875,
                        227.919921875,
                        0.7849557399749756
                    ],
                    [
                        545.423828125,
                        230.751953125,
                        0.8757368922233582
                    ],
                    [
                        559.583984375,
                        281.728515625,
                        0.7200183868408203
                    ],
                    [
                        545.423828125,
                        338.369140625,
                        0.7543854713439941
                    ],
                    [
                        539.759765625,
                        225.087890625,
                        0.6941746473312378
                    ],
                    [
                        568.080078125,
                        278.896484375,
                        0.7606090307235718
                    ],
                    [
                        545.423828125,
                        332.705078125,
                        0.8617120385169983
                    ],
                    [
                        573.744140625,
                        108.974609375,
                        0.9795646667480469
                    ],
                    [
                        579.408203125,
                        108.974609375,
                        0.9513983726501465
                    ],
                    [
                        559.583984375,
                        117.470703125,
                        0.9083485007286072
                    ],
                    [
                        570.912109375,
                        114.638671875,
                        0.5975409150123596
                    ],
                    [
                        565.248046875,
                        349.697265625,
                        0.9067126512527466
                    ],
                    [
                        565.248046875,
                        344.033203125,
                        0.8941972255706787
                    ],
                    [
                        542.591796875,
                        338.369140625,
                        0.7320685386657715
                    ],
                    [
                        562.416015625,
                        346.865234375,
                        0.7569700479507446
                    ],
                    [
                        559.583984375,
                        349.697265625,
                        0.744615912437439
                    ],
                    [
                        539.759765625,
                        344.033203125,
                        0.680526614189148
                    ]
                ]
            ]
        },
        {
            "person_id": [
                2
            ],
            "pose_keypoints_2d": [
                [
                    [
                        0.0,
                        0.0,
                        0.020511504262685776
                    ],
                    [
                        0.0,
                        0.0,
                        0.029274441301822662
                    ],
                    [
                        0.0,
                        0.0,
                        0.029274441301822662
                    ],
                    [
                        0.0,
                        0.0,
                        0.01168898306787014
                    ],
                    [
                        0.0,
                        0.0,
                        0.007235911674797535
                    ],
                    [
                        0.0,
                        0.0,
                        0.029274441301822662
                    ],
                    [
                        0.0,
                        0.0,
                        0.008829208090901375
                    ],
                    [
                        0.0,
                        0.0,
                        0.0073523977771401405
                    ],
                    [
                        0.0,
                        0.0,
                        0.03665097430348396
                    ],
                    [
                        0.0,
                        0.0,
                        0.03665097430348396
                    ],
                    [
                        0.0,
                        0.0,
                        0.02469523251056671
                    ],
                    [
                        0.0,
                        0.0,
                        0.032876431941986084
                    ],
                    [
                        0.0,
                        0.0,
                        0.03665097430348396
                    ],
                    [
                        0.0,
                        0.0,
                        0.02469523251056671
                    ],
                    [
                        0.0,
                        0.0,
                        0.032876431941986084
                    ],
                    [
                        0.0,
                        0.0,
                        0.019232798367738724
                    ],
                    [
                        0.0,
                        0.0,
                        0.019232798367738724
                    ],
                    [
                        0.0,
                        0.0,
                        0.01486906036734581
                    ],
                    [
                        0.0,
                        0.0,
                        0.01486905850470066
                    ],
                    [
                        0.0,
                        0.0,
                        0.019084583967924118
                    ],
                    [
                        0.0,
                        0.0,
                        0.01861424744129181
                    ],
                    [
                        0.0,
                        0.0,
                        0.015273256227374077
                    ],
                    [
                        0.0,
                        0.0,
                        0.01908458024263382
                    ],
                    [
                        0.0,
                        0.0,
                        0.01861424744129181
                    ],
                    [
                        0.0,
                        0.0,
                        0.015273256227374077
                    ]
                ]
            ]
        }
    ]
}