{
    "people": [
        {
            "person_id": [
                1
            ],
            "pose_keypoints_2d": [
                [
                    [
                        608.7236328125,
                        110.7626953125,
                        0.9705463647842407
                    ],
                    [
                        599.4951171875,
                        147.6767578125,
                        0.9258424043655396
                    ],
                    [
                        574.8857421875,
                        144.6005859375,
                        0.932525634765625
                    ],
                    [
                        547.2001953125,
                        181.5146484375,
                        0.942589521408081
                    ],
                    [
                        528.7431640625,
                        224.5810546875,
                        0.9063056707382202
                    ],
                    [
                        624.1044921875,
                        150.7529296875,
                        0.9191591739654541
                    ],
                    [
                        633.3330078125,
                        196.8955078125,
                        0.9442497491836548
                    ],
                    [
                        636.4091796875,
                        239.9619140625,
                        0.8740484714508057
                    ],
                    [
                        590.2666015625,
                        230.7333984375,
                        0.8615245819091797
                    ],
                    [
                        574.8857421875,
                        230.7333984375,
                        0.8658289909362793
                    ],
                    [
                        584.1142578125,
                        295.3330078125,
                        0.8980145454406738
                    ],
                    [
                        556.4287109375,
                        338.3994140625,
                        0.9153636693954468
                    ],
                    [
                        605.6474609375,
                        230.7333984375,
                        0.8572201728820801
                    ],
                    [
                        605.6474609375,
                        295.3330078125,
                        0.8943846225738525
                    ],
                    [
                        596.4189453125,
                        353.7802734375,
                        0.9233642816543579
                    ],
                    [
                        602.5712890625,
                        104.6103515625,
                        0.986670970916748
                    ],
                    [
                        614.8759765625,
                        104.6103515625,
                        0.9760158061981201
                    ],
                    [
                        593.3427734375,
                        113.8388671875,
                        0.9264266490936279
                    ],
                    [
                        621.0283203125,
                        110.7626953125,
                        0.8968424797058105
                    ],
                    [
                        611.7998046875,
                        369.1611328125,
                        0.7860521078109741
                    ],
                    [
                        614.8759765625,
                        366.0849609375,
                        0.8668297529220581
                    ],
                    [
                        593.3427734375,
                        356.8564453125,
                        0.8873218297958374
                    ],
                    [
                        574.8857421875,
                        363.0087890625,
                        0.9303497076034546
                    ],
                    [
                        565.6572265625,
                        359.9326171875,
                        0.865513026714325
                    ],
                    [
                        553.3525390625,
                        341.4755859375,
                        0.8208358287811279
                    ]
                ]
            ]
        },
        {
            "person_id": [
                2
            ],
            "pose_keypoints_2d": [
                [
                    [
                        0.0,
                        0.0,
                        0.02054770663380623
                    ],
                    [
                        0.0,
                        0.0,
                        0.029505658894777298
                    ],
                    [
                        0.0,
                        0.0,
                        0.029505658894777298
                    ],
                    [
                        0.0,
                        0.0,
                        0.011846141889691353
                    ],
                    [
                        0.0,
                        0.0,
                        0.007285086438059807
                    ],
                    [
                        0.0,
                        0.0,
                        0.029505658894777298
                    ],
                    [
                        0.0,
                        0.0,
                        0.008914992213249207
                    ],
                    [
                        0.0,
                        0.0,
                        0.007436390966176987
                    ],
                    [
                        0.0,
                        0.0,
                        0.03699507564306259
                    ],
                    [
                        0.0,
                        0.0,
                        0.03699507564306259
                    ],
                    [
                        0.0,
                        0.0,
                        0.024959975853562355
                    ],
                    [
                        0.0,
                        0.0,
                        0.0333336777985096
                    ],
                    [
                        0.0,
                        0.0,
                        0.03699507564306259
                    ],
                    [
                        0.0,
                        0.0,
                        0.024959975853562355
                    ],
                    [
                        0.0,
                        0.0,
                        0.0333336777985096
                    ],
                    [
                        0.0,
                        0.0,
                        0.019245002418756485
                    ],
                    [
                        0.0,
                        0.0,
                        0.019244998693466187
                    ],
                    [
                        0.0,
                        0.0,
                        0.014994421042501926
                    ],
                    [
                        0.0,
                        0.0,
                        0.014994421973824501
                    ],
                    [
                        0.0,
                        0.0,
                        0.019587840884923935
                    ],
                    [
                        0.0,
                        0.0,
                        0.01856718212366104
                    ],
                    [
                        0.0,
                        0.0,
                        0.015759753063321114
                    ],
                    [
                        0.0,
                        0.0,
                        0.019587844610214233
                    ],
                    [
                        0.0,
                        0.0,
                        0.01856718212366104
                    ],
                    [
                        0.0,
                        0.0,
                        0.015759753063321114
                    ]
                ]
            ]
        }
    ]
}