{
    "people": [
        {
            "person_id": [
                1
            ],
            "pose_keypoints_2d": [
                [
                    [
                        611.8818359375,
                        109.2919921875,
                        0.9771621227264404
                    ],
                    [
                        607.00390625,
                        148.3154296875,
                        0.916428804397583
                    ],
                    [
                        579.3623046875,
                        145.0634765625,
                        0.9153550863265991
                    ],
                    [
                        556.5986328125,
                        184.0869140625,
                        0.9763752222061157
                    ],
                    [
                        540.3388671875,
                        223.1103515625,
                        0.9176878333091736
                    ],
                    [
                        634.6455078125,
                        151.5673828125,
                        0.9175025820732117
                    ],
                    [
                        654.1572265625,
                        193.8427734375,
                        0.9794559478759766
                    ],
                    [
                        663.9130859375,
                        236.1181640625,
                        0.8738308548927307
                    ],
                    [
                        595.6220703125,
                        234.4921875,
                        0.8680239915847778
                    ],
                    [
                        579.3623046875,
                        232.8662109375,
                        0.8543715476989746
                    ],
                    [
                        585.8662109375,
                        294.6533203125,
                        0.8859907388687134
                    ],
                    [
                        589.1181640625,
                        362.9443359375,
                        0.9029772877693176
                    ],
                    [
                        611.8818359375,
                        236.1181640625,
                        0.8816763758659363
                    ],
                    [
                        608.6298828125,
                        297.9052734375,
                        0.8843188285827637
                    ],
                    [
                        598.8740234375,
                        353.1884765625,
                        0.9195517301559448
                    ],
                    [
                        605.3779296875,
                        106.0400390625,
                        1.0006015300750732
                    ],
                    [
                        618.3857421875,
                        106.0400390625,
                        0.9981324076652527
                    ],
                    [
                        598.8740234375,
                        112.5439453125,
                        0.9382079839706421
                    ],
                    [
                        624.8896484375,
                        112.5439453125,
                        0.9436410665512085
                    ],
                    [
                        615.1337890625,
                        369.4482421875,
                        0.9045886993408203
                    ],
                    [
                        615.1337890625,
                        366.1962890625,
                        0.9102595448493958
                    ],
                    [
                        595.6220703125,
                        359.6923828125,
                        0.840025007724762
                    ],
                    [
                        598.8740234375,
                        379.2041015625,
                        0.8005020618438721
                    ],
                    [
                        589.1181640625,
                        379.2041015625,
                        0.7646873593330383
                    ],
                    [
                        585.8662109375,
                        366.1962890625,
                        0.8164653778076172
                    ]
                ]
            ]
        },
        {
            "person_id": [
                2
            ],
            "pose_keypoints_2d": [
                [
                    [
                        0.0,
                        0.0,
                        0.02054770663380623
                    ],
                    [
                        0.0,
                        0.0,
                        0.029505658894777298
                    ],
                    [
                        0.0,
                        0.0,
                        0.029505658894777298
                    ],
                    [
                        0.0,
                        0.0,
                        0.011846141889691353
                    ],
                    [
                        0.0,
                        0.0,
                        0.007285086438059807
                    ],
                    [
                        0.0,
                        0.0,
                        0.029505658894777298
                    ],
                    [
                        0.0,
                        0.0,
                        0.008914992213249207
                    ],
                    [
                        0.0,
                        0.0,
                        0.007436390966176987
                    ],
                    [
                        0.0,
                        0.0,
                        0.03699507564306259
                    ],
                    [
                        0.0,
                        0.0,
                        0.03699507564306259
                    ],
                    [
                        0.0,
                        0.0,
                        0.024959975853562355
                    ],
                    [
                        0.0,
                        0.0,
                        0.033333681523799896
                    ],
                    [
                        0.0,
                        0.0,
                        0.03699507564306259
                    ],
                    [
                        0.0,
                        0.0,
                        0.024959975853562355
                    ],
                    [
                        0.0,
                        0.0,
                        0.0333336777985096
                    ],
                    [
                        0.0,
                        0.0,
                        0.019245000556111336
                    ],
                    [
                        0.0,
                        0.0,
                        0.019245000556111336
                    ],
                    [
                        0.0,
                        0.0,
                        0.014994421973824501
                    ],
                    [
                        0.0,
                        0.0,
                        0.014994421973824501
                    ],
                    [
                        0.0,
                        0.0,
                        0.019587840884923935
                    ],
                    [
                        0.0,
                        0.0,
                        0.01856718212366104
                    ],
                    [
                        0.0,
                        0.0,
                        0.015759753063321114
                    ],
                    [
                        0.0,
                        0.0,
                        0.019587840884923935
                    ],
                    [
                        0.0,
                        0.0,
                        0.01856718212366104
                    ],
                    [
                        0.0,
                        0.0,
                        0.015759753063321114
                    ]
                ]
            ]
        }
    ]
}