{
    "people": [
        {
            "person_id": [
                1
            ],
            "pose_keypoints_2d": [
                [
                    [
                        613.0029296875,
                        110.4423828125,
                        0.9793850183486938
                    ],
                    [
                        605.1171875,
                        148.2939453125,
                        0.9237495064735413
                    ],
                    [
                        578.3056640625,
                        145.1396484375,
                        0.9224032163619995
                    ],
                    [
                        549.9169921875,
                        182.9912109375,
                        0.9490978717803955
                    ],
                    [
                        534.1455078125,
                        220.8427734375,
                        0.8972964882850647
                    ],
                    [
                        631.9287109375,
                        151.4482421875,
                        0.925095796585083
                    ],
                    [
                        647.7001953125,
                        195.6083984375,
                        0.9490911364555359
                    ],
                    [
                        654.0087890625,
                        239.7685546875,
                        0.9076728820800781
                    ],
                    [
                        594.0771484375,
                        231.8828125,
                        0.8465688228607178
                    ],
                    [
                        578.3056640625,
                        230.3056640625,
                        0.8568288683891296
                    ],
                    [
                        587.7685546875,
                        293.3916015625,
                        0.9112211465835571
                    ],
                    [
                        575.1513671875,
                        350.1689453125,
                        0.9107751250267029
                    ],
                    [
                        609.8486328125,
                        233.4599609375,
                        0.8363088369369507
                    ],
                    [
                        606.6943359375,
                        296.5458984375,
                        0.9171031713485718
                    ],
                    [
                        597.2314453125,
                        353.3232421875,
                        0.909008264541626
                    ],
                    [
                        606.6943359375,
                        107.2880859375,
                        0.9917070865631104
                    ],
                    [
                        616.1572265625,
                        104.1337890625,
                        0.9846649169921875
                    ],
                    [
                        597.2314453125,
                        113.5966796875,
                        0.9513497352600098
                    ],
                    [
                        625.6201171875,
                        110.4423828125,
                        0.9431195855140686
                    ],
                    [
                        613.0029296875,
                        369.0947265625,
                        0.8398366570472717
                    ],
                    [
                        616.1572265625,
                        365.9404296875,
                        0.854738175868988
                    ],
                    [
                        594.0771484375,
                        359.6318359375,
                        0.8644211292266846
                    ],
                    [
                        590.9228515625,
                        369.0947265625,
                        0.8606182336807251
                    ],
                    [
                        581.4599609375,
                        369.0947265625,
                        0.844551682472229
                    ],
                    [
                        571.9970703125,
                        353.3232421875,
                        0.8036046028137207
                    ]
                ]
            ]
        },
        {
            "person_id": [
                2
            ],
            "pose_keypoints_2d": [
                [
                    [
                        0.0,
                        0.0,
                        0.02054770663380623
                    ],
                    [
                        0.0,
                        0.0,
                        0.029505658894777298
                    ],
                    [
                        0.0,
                        0.0,
                        0.029505658894777298
                    ],
                    [
                        0.0,
                        0.0,
                        0.011846141889691353
                    ],
                    [
                        0.0,
                        0.0,
                        0.007285086438059807
                    ],
                    [
                        0.0,
                        0.0,
                        0.029505658894777298
                    ],
                    [
                        0.0,
                        0.0,
                        0.008914992213249207
                    ],
                    [
                        0.0,
                        0.0,
                        0.007436390966176987
                    ],
                    [
                        0.0,
                        0.0,
                        0.03699507564306259
                    ],
                    [
                        0.0,
                        0.0,
                        0.03699507564306259
                    ],
                    [
                        0.0,
                        0.0,
                        0.024959975853562355
                    ],
                    [
                        0.0,
                        0.0,
                        0.033333681523799896
                    ],
                    [
                        0.0,
                        0.0,
                        0.03699507564306259
                    ],
                    [
                        0.0,
                        0.0,
                        0.024959975853562355
                    ],
                    [
                        0.0,
                        0.0,
                        0.0333336777985096
                    ],
                    [
                        0.0,
                        0.0,
                        0.019245000556111336
                    ],
                    [
                        0.0,
                        0.0,
                        0.019244998693466187
                    ],
                    [
                        0.0,
                        0.0,
                        0.014994421973824501
                    ],
                    [
                        0.0,
                        0.0,
                        0.014994421973824501
                    ],
                    [
                        0.0,
                        0.0,
                        0.019587840884923935
                    ],
                    [
                        0.0,
                        0.0,
                        0.01856718212366104
                    ],
                    [
                        0.0,
                        0.0,
                        0.015759753063321114
                    ],
                    [
                        0.0,
                        0.0,
                        0.019587840884923935
                    ],
                    [
                        0.0,
                        0.0,
                        0.01856718212366104
                    ],
                    [
                        0.0,
                        0.0,
                        0.015759753063321114
                    ]
                ]
            ]
        }
    ]
}